編號,行政區,門牌,交易日,建物型態,主要用途,樓層,總樓層,交易時屋齡,總價(萬),有車位,車位價(萬),車位(坪),車位可拆分,總坪,主建物(坪),附屬+陽台(坪),共有部分(坪),①扣車位建坪單價,②÷主建物,③÷主+附,含車位單價(僅參考),備註標記,備註原文,來源檔
RPTOMLQLQHLGFFA09DA,大安區,大安區忠孝東路四段248巷2號三樓,2026-08-23,華廈,住家用,3,5,41.3,3300,無,,,是,31.2906,22.1944,3.1611,5.9351,105.46,148.69,130.15,105.46,,,a_current.csv
RPUNMLTKQHLGFDA09DA,信義區,信義區基隆路一段380巷4號八樓,2026-08-17,住宅大樓,住家用,8,12,42.9,800,無,,,是,12.0274,7.9921,1.3068,2.7286,66.51,100.1,86.03,66.51,特殊關係、含增建/未登記,僅購買1/3產權親友、員工、共有人或其他特殊關係間之交易；陽台外推；,a_current.csv
RPSNMLOKQHLGFDA38DA,信義區,信義區忠孝東路四段553巷22弄8之1號五樓,2026-08-05,華廈,住家用,5,7,48.5,1800,無,,,是,26.2903,20.2796,3.4455,2.5652,68.47,88.76,75.87,68.47,特殊關係,親友、員工、共有人或其他特殊關係間之交易；,a_current.csv
RPSNMLPLQHLGFDA58DA,信義區,信義區吳興街156巷61號三樓,2026-07-30,公寓,住家用,3,4,50.7,950,無,,,是,27.9782,27.9782,0,0,33.95,33.95,33.95,33.95,特殊關係,親友、員工、共有人或其他特殊關係間之交易；,a_current.csv
RPWNMLSKQHLGFFA76DA,大安區,大安區敦化南路一段236巷31號七樓,2026-07-28,華廈,住家用,7,7,48.5,688,無,,,是,6.5764,5.1455,0.7169,0.7139,104.62,133.71,117.36,104.62,特殊關係、含增建/未登記、頂樓,親友、員工、共有人或其他特殊關係間之交易；頂樓加蓋；,a_current.csv
RPTOMLTLPHLGFDA09DA,信義區,信義區基隆路一段380巷28號十一樓之1,2026-07-27,住宅大樓,住家用,11,12,42.8,2600,無,,,是,26.4355,16.8553,2.1871,7.3931,98.35,154.25,136.54,98.35,含增建/未登記,陽台外推；,a_current.csv
RPVOMLOJQHLGFFA88DA,大安區,大安區敦化南路二段152號十二樓,2026-07-07,住宅大樓,住家用,12,19,41.2,3650,無,,,是,40.8587,24.2968,3.6966,12.8653,89.33,150.23,130.39,89.33,含增建/未登記,陽台外推；,a_current.csv
RPWNMLOLPHLGFFA98DA,大安區,大安區復興南路一段135巷3號二樓,2026-07-01,公寓,住家用,2,4,56.8,3500,無,,,是,41.6452,38.5083,3.1369,0,84.04,90.89,84.04,84.04,,,a_current.csv
RPQOMLMLPHLGFFA38EA,大安區,大安區信義路四段265巷5弄5號三樓,2026-05-26,華廈,住家用,3,7,43.8,2050,有,,,否,37.1531,27.107,4.6071,5.439,,,,55.18,特殊關係,免除價金新台幣244萬元整。親友、員工、共有人或其他特殊關係間之交易；,a_current.csv
RPRNMLRKQHLGFFA78DA,大安區,大安區大安路一段52巷32號五樓,2026-05-16,住宅大樓,住家用,5,11,55.5,4300,無,,,是,43.5267,43.5267,0,0,98.79,98.79,98.79,98.79,,,a_current.csv
RPSNMLMKQHLGFFA38DA,大安區,大安區安和路一段113號十一樓之3,2026-05-13,住宅大樓,住家用,11,12,46.9,4000,無,,,是,36.1518,27.9631,4.5194,3.6693,110.64,143.05,123.14,110.64,,,a_current.csv
RPROMLSKNHLGFFA68DA,大安區,大安區復興南路一段132號十一樓之2,2026-05-10,住宅大樓,住家用,11,15,2.1,2388,無,,,是,15.9145,9.2474,0.6141,6.053,150.05,258.23,242.15,150.05,,,a_115S2.csv
RPSNMLQLNHLGFFA58DA,大安區,大安區忠孝東路四段54號八樓,2026-05-04,住宅大樓,住家用,8,12,48.4,6800,無,,,是,58.1466,44.9969,9.0054,4.1443,116.95,151.12,125.92,116.95,,,a_115S2.csv
RPUOMLTKNHLGFFA09DA,大安區,大安區信義路四段265巷31弄7號七樓之10,2026-04-30,華廈,住家用,7,7,47.8,4500,無,,,是,48.3183,31.9712,3.7177,12.6294,93.13,140.75,126.09,93.13,含增建/未登記、頂樓,陽台外推；頂樓加蓋；,a_115S2.csv
RPSNMLNJNHLGFFA08DA,大安區,大安區信義路四段30巷18號十樓之1,2026-04-26,住宅大樓,住家用,10,13,1.4,7400,有,400,11.5918,是,56.0502,25.3465,4.4074,14.7045,157.45,276.17,235.26,132.02,,,a_115S2.csv
RPPNMLSKLHLGFFA28EA,大安區,大安區敦化南路二段104號四樓,2026-04-20,住宅大樓,住家用,4,26,40.3,8600,無,,,是,67.0552,48.2034,7.3084,11.5434,128.25,178.41,154.92,128.25,,,a_115S2.csv
RPPNMLMLNHLGFFA97EA,大安區,大安區通化街90號三樓,2026-04-20,公寓,住家用,3,5,48.2,1650,無,,,是,23.6464,20.1586,3.4878,0,69.78,81.85,69.78,69.78,,,a_115S2.csv
RPQNMLMKNHLGFFA97EA,大安區,大安區復興南路二段151巷30弄23號十一樓,2026-04-18,住宅大樓,住家用,11,19,40.9,2660,無,,,是,30.5434,22.3094,1.8997,6.3344,87.09,119.23,109.88,87.09,,,a_115S2.csv
RPQNMLMJPHLGFFA97DA,大安區,大安區信義路四段30巷18號十二樓之3,2026-04-18,住宅大樓,住家用,12,13,1.4,6300,有,450,11.5918,是,46.2099,19.5143,3.6542,11.4496,168.99,299.78,252.5,136.33,,,a_current.csv
RPPNMLLJNHLGFFA57DA,大安區,大安區樂利路42巷2號六樓,2026-04-18,華廈,住家用,6,7,,3600,無,,,是,45.735,39.5398,1.7424,4.4528,78.71,91.05,87.2,78.71,,,a_115S2.csv
RPSNMLTLNHLGFFA88DA,大安區,大安區敦化南路一段161巷45號四樓,2026-04-17,華廈,住家用,5,7,56,4900,無,,,是,52.2024,47.7799,4.4226,0,93.87,102.55,93.87,93.87,,,a_115S2.csv
RPPNMLSKNHLGFDA28EA,信義區,信義區吳興街600巷76弄127號五樓,2026-04-17,公寓,住家用,5,5,40.8,1500,無,,,是,28.2112,25.0742,3.1369,0,53.17,59.82,53.17,53.17,頂樓,,a_115S2.csv
RPWNMLRLNHLGFFA09DA,大安區,大安區信義路四段265巷29號六樓,2026-04-13,華廈,住家用,6,7,48,2988,無,,,是,29.158,27.6334,1.5246,0,102.48,108.13,102.48,102.48,含增建/未登記,陽台外推；包含公共設施保留地用地；,a_115S2.csv
RPPOMLTKNHLGFFA58DA,大安區,大安區忠孝東路四段170巷6弄4號二樓,2026-04-13,華廈,住家用,2,7,46.8,3920,無,,,是,43.6024,31.6627,5.4359,6.5038,89.9,123.81,105.66,89.9,含增建/未登記,陽台外推；其他增建；,a_115S2.csv
RPTNMLQLNHLGFFA68DA,大安區,大安區通化街245號六樓之2,2026-04-13,華廈,住家用,6,7,45.3,2858,無,,,是,36.4361,30.1169,2.0449,4.2743,78.44,94.9,88.86,78.44,,,a_115S2.csv
RPRNMLLKNHLGFFA97EA,大安區,大安區和平東路三段1巷72弄12號十樓,2026-04-13,住宅大樓,住家用,10,19,40.9,2742,無,,,是,31.1666,22.863,2.5198,5.7838,87.98,119.93,108.03,87.98,,,a_115S2.csv
RPOOMLTKNHLGFFA48DA,大安區,大安區復興南路一段132號六樓之2,2026-04-11,住宅大樓,住家用,6,15,2,2526,有,,5.1123,否,21.0268,9.2474,0.6141,6.053,,,,120.13,,,a_115S2.csv
RPPNMLKKMHLGFFA47DA,大安區,大安區仁愛路四段300巷31弄5號三樓,2026-04-08,華廈,住家用,3,7,41.8,3960,無,,,是,35.7585,29.4393,4.0323,2.2869,110.74,134.51,118.31,110.74,,,a_115S2.csv
RPQNMLSJNHLGFFA48EA,大安區,大安區忠孝東路四段233號十一樓之7,2026-04-08,住宅大樓,住家用,11,11,43.3,1425.9,無,,,是,13.5792,10.6843,0,2.8949,105.01,133.46,133.46,105.01,頂樓,,a_115S2.csv
RPPNMLKLNHLGFFA77EA,大安區,大安區光復南路240巷3號九樓,2026-04-07,住宅大樓,住家用,9,12,47.8,2150.7166,無,,,是,53.718,42.4287,4.2562,7.0331,40.04,50.69,46.07,40.04,特殊關係,親友、員工、共有人或其他特殊關係間之交易；,a_115S2.csv
RPTNMLLLNHLGFFA18DA,大安區,大安區仁愛路四段435號二樓,2026-04-06,住宅大樓,住家用,2,12,38.8,6338,無,,,是,49.9125,41.618,4.7946,3.4999,126.98,152.29,136.56,126.98,含增建/未登記,陽台外推；,a_115S2.csv
RPQNMLOKNHLGFFA18EA,大安區,大安區和平東路二段76巷19弄2號四樓,2026-03-30,公寓,住家用,4,4,49.3,2076,無,,,是,23.6797,23.6797,0,0,87.67,87.67,87.67,87.67,頂樓,,a_115S2.csv
RPSNMLOJNHLGFFA18DA,大安區,大安區敦化南路一段236巷31號七樓,2026-03-30,華廈,住家用,7,7,48.2,6192,無,,,是,59.1993,46.3097,6.4523,6.4372,104.6,133.71,117.36,104.6,特殊關係、含增建/未登記、頂樓,親友、員工、共有人或其他特殊關係間之交易；頂樓加蓋；,a_115S2.csv
RPTPMLTLMHLGFDA88DA,信義區,信義區吳興街328號二樓,2026-03-30,公寓,住家用,2,4,49.8,2050,無,,,是,25.2376,25.2376,0,0,81.23,81.23,81.23,81.23,含增建/未登記,陽台外推；其他增建；,a_115S2.csv
RPQNMLTJMHLGFFA38DA,大安區,大安區復興南路二段171巷16號七樓,2026-03-28,住宅大樓,住家用,7,19,40.8,3568,無,,,是,39.2948,29.5633,3.2882,6.4433,90.8,120.69,108.61,90.8,含增建/未登記,陽台外推；其他增建；,a_115S2.csv
RPUNMLQLLHLGFFA58DA,大安區,大安區復興南路一段253巷2號十一樓之4,2026-03-26,住宅大樓,住家用,11,14,47.2,1050,無,,,是,6.1287,3.8902,0,2.2385,171.33,269.91,269.91,171.33,含租約,含租約；,a_115S2.csv
RPPNMLRJMHLGFFA18EA,大安區,大安區忠孝東路四段216巷38號二樓,2026-03-26,華廈,住家用,2,7,47.8,3050,無,,,是,31.2694,25.1105,2.1992,3.9597,97.54,121.46,111.68,97.54,,,a_115S2.csv
RPWNMLRJNHLGFFA88DA,大安區,大安區敦化南路二段154巷5號十四樓,2026-03-26,住宅大樓,住家用,14,19,40.9,3564,無,,,是,40.5804,23.84,3.9265,12.8139,87.83,149.5,128.36,87.83,含增建/未登記,陽台外推；其他增建；,a_115S2.csv
RPQNMLKMMHLGFFA87EA,大安區,大安區復興南路二段193巷19號十四樓,2026-03-25,住宅大樓,住家用,14,19,40.8,617.5,無,,,是,19.6444,14.7802,1.6456,3.2186,31.43,41.78,37.59,31.43,特殊關係,親友、員工、共有人或其他特殊關係間之交易；,a_115S2.csv
RPPOMLKLMHLGFDA47DA,信義區,信義區光復南路567號七樓之3,2026-03-25,住宅大樓,住家用,7,18,17.6,1688,無,,,是,13.0045,7.8499,0.5838,4.5708,129.8,215.04,200.15,129.8,含增建/未登記,陽台外推；夾層；,a_115S2.csv
RPRNMLLLMHLGFFA87DA,大安區,大安區仁愛路四段401號六樓,2026-03-22,住宅大樓,住家用,6,14,42.3,4288,無,,,是,34.9932,24.0246,5.1092,5.8594,122.54,178.48,147.18,122.54,含增建/未登記,陽台外推；其他增建；,a_115S2.csv
RPQNMLPJNHLGFFA08DA,大安區,大安區安和路一段11號八樓之1,2026-03-18,住宅大樓,住家用,8,12,48.1,4100,無,,,是,30.002,24.0639,2.1236,3.8145,136.66,170.38,156.56,136.66,含增建/未登記,陽台外推；,a_115S2.csv
RPQNMLKKMHLGFFA67EA,大安區,大安區忠孝東路四段216巷11弄10號二樓,2026-03-17,華廈,住家用,2,7,49.2,4100,無,,,是,41.2489,38.3268,0,2.9222,99.4,106.97,106.97,99.4,含增建/未登記,陽台外推；,a_115S2.csv
RPRNMLQKLHLGFFA18DA,大安區,大安區復興南路二段78巷30弄2號十二樓之2,2026-03-16,住宅大樓,住家用,12,15,38.7,5900,有,370,10.3364,是,57.6202,31.336,4.7946,11.1532,116.95,176.47,153.06,102.39,其他備註,1.房、地、車位分別計價，乙方係公司行號含營業稅2.權利人共二人3.房屋部分其土地價款：新台幣51500000元4.車位其土地價款：新台幣1900000元5.建物價款：新台幣3800000元6.車位建物價款：新台幣1800000元,a_115S2.csv
RPQNMLMJMHLGFFA67DA,大安區,大安區忠孝東路四段112號九樓之4,2026-03-13,住宅大樓,住家用,9,12,50.5,2400,無,,,是,19.965,17.5843,0,2.3807,120.21,136.49,136.49,120.21,含增建/未登記,鐵鋁窗增建陽台外推；其他增建；,a_115S2.csv
RPPNMLOLMHLGFFA08EA,大安區,大安區信義路四段30巷41弄16號,2026-03-11,公寓,住家用,1,3,,2403.45,無,,,是,19.6232,19.6232,0,0,122.48,122.48,122.48,122.48,一樓,,a_115S2.csv
RPRNMLLJMHLGFFA67DA,大安區,大安區敦化南路一段270巷8號,2026-03-10,華廈,住家用,1,7,48.5,4950,無,,,是,41.2368,35.7888,5.3845,0.0635,120.04,138.31,120.22,120.04,一樓,,a_115S2.csv
RPPNMLMKNHLGFFA87EA,大安區,大安區忠孝東路四段205巷9號三樓,2026-03-09,華廈,住家用,3,7,49.3,2000,無,,,是,41.1672,37.9335,0,3.2337,48.58,52.72,52.72,48.58,特殊關係,親友、員工、共有人或其他特殊關係間之交易；,a_115S2.csv
RPVNMLQJNHLGFFA68DA,大安區,大安區安和路一段80號五樓,2026-03-09,住宅大樓,住家用,5,12,48.9,6000,無,,,是,59.7075,47.668,7.9316,4.108,100.49,125.87,107.91,100.49,特殊關係,親友、員工、共有人或其他特殊關係間之交易；,a_115S2.csv
RPPNMLKMLHLGFFA57DA,大安區,大安區基隆路二段281號八樓之1,2026-03-07,住宅大樓,住家用,8,12,38.9,2495,無,,,是,31.5901,22.0492,3.7873,5.7536,78.98,113.16,96.57,78.98,,,a_115S2.csv
RPSOMLSJNHLGFFA68DA,大安區,大安區復興南路一段135巷17號二樓之1,2026-03-04,住宅大樓,住家用,2,12,53.1,4452,無,,,是,42.0233,34.1976,0,7.8257,105.94,130.18,130.18,105.94,,,a_115S2.csv
RPUNMLNKMHLGFFA28DA,大安區,大安區延吉街131巷29號三樓,2026-03-04,華廈,住家用,3,7,45.2,850,無,,,是,12.5901,9.5378,1.9965,1.0557,67.51,89.12,73.69,67.51,,,a_115S2.csv
RPTNMLLJMHLGFDA67DA,信義區,信義區吳興街106巷18號二樓,2026-03-02,公寓,住家用,2,5,48.2,2208,無,,,是,28.792,24.9805,3.8115,0,76.69,88.39,76.69,76.69,,,a_115S2.csv
RPTNMLRJMHLGFFA48DA,大安區,大安區忠孝東路四段112號七樓之1,2026-03-02,住宅大樓,住家用,7,12,50.5,1454.25,無,,,是,13.8545,12.2029,0,1.6517,104.97,119.17,119.17,104.97,特殊關係,親友、員工、共有人或其他特殊關係間之交易；,a_115S2.csv
RPVPMLTLMHLGFFA66DA,大安區,大安區信義路四段265巷12弄17號四樓之2,2026-02-28,華廈,住家用,4,7,48.8,3800,無,,,是,29.7388,26.4869,2.7225,0.5294,127.78,143.47,130.1,127.78,,,a_115S2.csv
RPXNMLKLLHLGFDA08DA,信義區,信義區基隆路一段380巷10號九樓,2026-02-28,住宅大樓,住家用,9,12,42.4,2750,無,,,是,31.4358,20.812,3.5453,7.0785,87.48,132.14,112.9,87.48,,,a_115S2.csv
RPXNMLNKMHLGFFA58DA,大安區,大安區瑞安街23巷23號六樓,2026-02-28,華廈,住家用,6,7,39.4,4555,無,,,是,43.4965,36.9474,3.872,2.6771,104.72,123.28,111.59,104.72,,,a_115S2.csv
RPQNMLMKLHLGFFA77EA,大安區,大安區信義路四段170號十樓之1,2026-02-25,住宅大樓,住家用,10,12,45,3335,無,,,是,37.0472,29.4817,3.8206,3.745,90.02,113.12,100.14,90.02,,,a_115S2.csv
RPUOMLOJNHLGFDA28DA,信義區,信義區吳興街74號二樓,2026-02-25,公寓,住家用,2,4,49.2,1080,無,,,是,16.7525,16.7525,0,0,64.47,64.47,64.47,64.47,特殊關係、含增建/未登記,親友、員工、共有人或其他特殊關係間之交易；其他增建；,a_115S2.csv
RPPNMLOLLHLGFFA97EA,大安區,大安區通化街57巷10之2號,2026-02-25,華廈,其他,1,8,26.5,538,無,,,是,7.7168,6.1498,0,1.567,69.72,87.48,87.48,69.72,其他備註、一樓,建物坐落地號：通化段二小段388地號；,a_115S2.csv
RPQOMLTJLHLGFDA18DA,信義區,信義區光復南路567號十四樓之15,2026-02-20,住宅大樓,住家用,14,18,17.5,1750,無,,,是,13.0045,7.8499,0.5838,4.5708,134.57,222.93,207.5,134.57,含增建/未登記,夾層；,a_115S2.csv
RPWNMLTKNHLGFFA56DA,大安區,大安區安和路二段32巷12號三樓,2026-02-15,華廈,住家用,3,7,44.9,4500,無,,,是,42.9399,30.9911,7.3326,4.6162,104.8,145.2,117.42,104.8,含增建/未登記,陽台外推；其他增建；,a_115S2.csv
RPUNMLRJMHLGFFA58DA,大安區,大安區復興南路二段65號四樓之5,2026-02-11,住宅大樓,住家用,4,12,48.1,3360,無,,,是,39.5458,30.0171,4.3106,5.2181,84.96,111.94,97.88,84.96,含增建/未登記,陽台外推；,a_115S2.csv
RPVNMLKMLHLGFFA18DA,大安區,大安區復興南路二段148巷32弄2號六樓,2026-02-10,華廈,住家用,6,7,44.2,2468,有,300,11.5585,否,37.2105,30.5374,3.1521,0,,,,66.33,含增建/未登記、車位面積口徑異常,陽台外推；其他增建；,a_115S2.csv
RPTNMLKKMHLGFFA87DA,大安區,大安區復興南路一段342號十一樓之9,2026-02-09,住宅大樓,住家用,11,15,2.2,3566,無,,,是,22.993,13.5611,2.9252,6.5068,155.09,262.96,216.3,155.09,,,a_115S2.csv
RPTNMLNJLHLGFFA97DA,大安區,大安區仁愛路四段122巷63號十三樓,2026-02-07,住宅大樓,住家用,13,14,42.5,4428,無,,,是,43.1063,36.1125,1.936,5.0578,102.72,122.62,116.38,102.72,含增建/未登記,陽台外推；其他增建；,a_115S2.csv
RPQNMLTKLHLGFDA18DA,信義區,信義區基隆路一段35巷11號六樓,2026-02-07,華廈,住家用,6,7,0.3,6980,有,430,12.3662,是,59.8224,28.2777,3.028,16.1505,138.02,231.63,209.23,116.68,,,a_115S2.csv
RPXNMLLKLHLGFFA28DA,大安區,大安區敦化南路二段81巷37號三樓,2026-02-06,華廈,住家用,3,7,45.3,5668,無,,,是,61.7161,50.0305,3.5393,8.1463,91.84,113.29,105.81,91.84,含增建/未登記,陽台外推；其他增建；,a_115S2.csv
RPXOMLSJMHLGFDA88DA,信義區,信義區基隆路一段380巷36號五樓,2026-02-04,住宅大樓,住家用,5,12,42.4,1450,無,,,是,14.9707,9.4562,1.4066,4.108,96.86,153.34,133.48,96.86,含增建/未登記,陽台外推；其他增建；,a_115S2.csv
RPRNMLKKMHLGFFA67DA,大安區,大安區復興南路一段342號四樓之5,2026-01-31,住宅大樓,住家用,4,15,2.2,6338,有,200,8.6787,是,48.7176,24.4087,4.2138,11.4164,153.3,251.47,214.45,130.1,其他備註,車位位於地下五層。交易總價：6338萬元整，其中土地價格：45982056元整，建物價格：17397944元整。,a_115S2.csv
RPQNMLQLKHLGFDA97EA,信義區,信義區光復南路473巷11弄11之2號五樓,2026-01-30,公寓,住家用,5,5,46.4,3000,無,,,是,34.3822,25.9031,4.6041,3.875,87.25,115.82,98.34,87.25,頂樓,,a_115S1.csv
RPQNMLPLLHLGFFA08DA,大安區,大安區忠孝東路四段208號九樓,2026-01-29,住宅大樓,住家用,9,12,53.2,5330,無,,,是,48.8507,48.8507,0,0,109.11,109.11,109.11,109.11,含增建/未登記,其他增建；,a_115S2.csv
RPWNMLTJMHLGFFA98DA,大安區,大安區安和路二段18號十一樓,2026-01-27,住宅大樓,住家用,11,12,42.7,4280,無,,,是,37.2075,30.6765,5.2756,1.2554,115.03,139.52,119.05,115.03,含增建/未登記,陽台外推；,a_115S2.csv
RPWNMLSLMHLGFFA09DA,大安區,大安區安和路一段112巷25號五樓,2026-01-26,華廈,住家用,5,7,43.3,5400,有,,,否,57.6263,49.3468,6.4886,1.7908,,,,93.71,含增建/未登記,其他增建；,a_115S2.csv
RPRNMLTKLHLGFFA48DA,大安區,大安區四維路192巷16號七樓,2026-01-25,住宅大樓,住家用,7,13,13,6928,有,400,0.72,是,56.6008,31.6929,5.9562,18.2317,116.82,205.98,173.39,122.4,含增建/未登記,塔式車位位於地上一樓。陽台外推；夾層；其他增建；,a_115S2.csv
RPSNMLRKLHLGFFA38DA,大安區,大安區復興南路一段259號九樓之3,2026-01-23,住宅大樓,住家用,9,14,47,4500,無,,,是,45.6291,33.7651,6.9484,4.9156,98.62,133.27,110.53,98.62,含增建/未登記,陽台外推；,a_115S2.csv
RPPNMLKLMHLGFFA57DA,大安區,大安區敦化南路二段146巷2號十二樓,2026-01-23,住宅大樓,住家用,12,19,40.8,2026,無,,,是,34.6635,20.8846,3.7147,10.0642,58.45,97.01,82.36,58.45,特殊關係,親友、員工、共有人或其他特殊關係間之交易；,a_115S2.csv
RPQNMLPLKHLGFFA97DA,大安區,大安區安和路二段82號十樓,2026-01-21,住宅大樓,住家用,10,15,47,4600,無,,,是,48.3002,38.6958,2.9524,6.652,95.24,118.88,110.45,95.24,,,a_115S2.csv
RPUNMLRKMHLGFFA68DA,大安區,大安區忠孝東路四段126之20號,2026-01-21,住宅大樓,住家用,8,12,56.2,6800,無,,,是,65.2009,65.2009,0,0,104.29,104.29,104.29,104.29,,,a_115S2.csv
RPVNMLMKLHLGFDA97DA,信義區,信義區吳興街284巷20弄49號,2026-01-20,公寓,住家用,1,4,53.7,1990,無,,,是,22.2701,22.2701,0,0,89.36,89.36,89.36,89.36,一樓,,a_115S2.csv
RPWNMLSKLHLGFFA88DA,大安區,大安區四維路86之1號四樓,2026-01-19,公寓,住家用,4,5,49.2,2933,無,,,是,26.3931,26.3931,0,0,111.13,111.13,111.13,111.13,,,a_115S2.csv
RPPNMLPJLHLGFFA77DA,大安區,大安區光復南路688號九樓之2,2026-01-19,住宅大樓,住家用,9,14,8.7,4088,有,400,,否,45.2964,18.4102,4.117,22.7692,,,,90.25,,,a_115S1.csv
RPQNMLNLMHLGFDA87EA,信義區,信義區光復南路417巷217號二樓,2026-01-18,華廈,住家用,2,6,45.9,3000,無,,,是,36.5329,27.1131,8.4035,1.0164,82.12,110.65,84.47,82.12,,,a_115S2.csv
RPTNMLQJKHLGFFA18DA,大安區,大安區仁愛路四段417號九樓,2026-01-18,住宅大樓,住家用,9,14,43.9,5045,無,,,是,44.5431,31.8593,6.7881,5.8957,113.26,158.35,130.54,113.26,含增建/未登記,其他增建；,a_115S2.csv
RPOOMLOLLHLGFFA87DA,大安區,大安區通化街116號五樓,2026-01-16,公寓,住家用,5,5,48.3,918,無,,,是,12.6052,11.3559,1.2493,0,72.83,80.84,72.83,72.83,含增建/未登記、頂樓,陽台外推；其他增建；,a_115S2.csv
RPWNMLMJMHLGFFA28DA,大安區,大安區信義路四段96號十二樓之1,2026-01-14,住宅大樓,住家用,12,12,36.2,2600,無,,,是,27.4549,16.2261,5.3906,5.8383,94.7,160.24,120.28,94.7,含增建/未登記、頂樓,陽台外推；,a_115S2.csv
RPPNMLNLJHLGFFA57DA,大安區,大安區大安路一段19巷10號四樓,2026-01-12,華廈,住家用,4,7,49.3,3333,無,,,是,37.0351,37.0351,0,0,90,90,90,90,,,a_115S1.csv
RPUOMLOJKHLGFFA18DA,大安區,大安區復興南路一段342號七樓,2026-01-12,住宅大樓,住家用,7,15,2.2,4895,無,,,是,33.756,20.6184,3.5483,9.5893,145.01,237.41,202.55,145.01,,,a_115S1.csv
RPQNMLPJLHLGFFA87DA,大安區,大安區忠孝東路四段216巷31號三樓之2,2026-01-11,華廈,住家用,3,7,49.9,5350,無,,,是,52.7984,48.2548,0,4.5436,101.33,110.87,110.87,101.33,含增建/未登記,陽台外推；其他增建；,a_115S2.csv
RPWQMLRLJHLGFDA78DA,信義區,信義區忠孝東路四段553巷16弄8之1號四樓,2026-01-10,華廈,住家用,4,7,49.7,2735,無,,,是,27.6606,24.4057,0,3.2549,98.88,112.06,112.06,98.88,含增建/未登記,其他增建；,a_115S1.csv
RPUNMLOLKHLGFDA08DA,信義區,信義區吳興街600巷100弄8號四樓,2026-01-10,公寓,住家用,4,4,49.2,1350,無,,,是,22.7329,22.7329,0,0,59.39,59.39,59.39,59.39,含增建/未登記、頂樓,陽台外推；其他增建；,a_115S1.csv
RPUNMLTJLHLGFDA48DA,信義區,信義區吳興街50巷19弄2號二樓,2026-01-09,公寓,住家用,2,4,48.9,3100,無,,,是,44.9364,39.8816,5.0548,0,68.99,77.73,68.99,68.99,含增建/未登記,陽台外推；其他增建；,a_115S2.csv
RPSNMLNJOHLGFFA18DA,大安區,大安區信義路四段30巷18號十一樓之3,2026-01-09,住宅大樓,住家用,11,13,1.2,5200,無,,,是,34.6181,19.5143,3.6542,11.4496,150.21,266.47,224.44,150.21,特殊關係,親友、員工、共有人或其他特殊關係間之交易；,a_115S2.csv
RPQNMLNJLHLGFFA67DA,大安區,大安區敦化南路一段233巷30號四樓,2026-01-08,華廈,住家用,4,7,49.1,2200,無,,,是,38.959,38.959,0,0,56.47,56.47,56.47,56.47,特殊關係,親友、員工、共有人或其他特殊關係間之交易；,a_115S1.csv
RPPNMLNLLHLGFFA87EA,大安區,大安區仁愛路四段383號三樓,2026-01-06,住宅大樓,住家用,3,15,39.2,4580,無,,,是,64.3145,45.9437,9.078,9.2928,71.21,99.69,83.24,71.21,特殊關係,親友、員工、共有人或其他特殊關係間之交易；,a_115S2.csv
RPSNMLMKJHLGFFA67DA,大安區,大安區基隆路二段190號八樓之7,2026-01-05,住宅大樓,住家用,8,12,44.1,1580,無,,,是,15.9297,12.0607,0.5899,3.2791,99.19,131,124.9,99.19,,,a_115S2.csv
RPXNMLNLKHLGFFA48DA,大安區,大安區基隆路二段190號八樓之1,2026-01-04,住宅大樓,住家用,8,12,44.1,3688,無,,,是,41.9144,28.193,5.1153,8.6061,87.99,130.81,110.72,87.99,含增建/未登記,陽台外推；其他增建；,a_115S2.csv
RPPNMLMLKHLGFDA37DA,信義區,信義區基隆路二段13之1號八樓,2026-01-02,住宅大樓,住家用,8,12,40.2,3600,無,,,是,40.0056,30.9972,4.7977,4.2108,89.99,116.14,100.57,89.99,,,a_115S1.csv
RPWNMLLLJHLGFFA08DA,大安區,大安區敦化南路二段146巷2號六樓,2025-12-31,住宅大樓,住家用,6,19,40.7,3180,無,,,是,34.6635,20.8846,3.7147,10.0642,91.74,152.27,129.27,91.74,,,a_115S1.csv
RPQPMLQKJHLGFFA08DA,大安區,大安區安和路一段112巷10號二樓,2025-12-31,華廈,住家用,2,6,40.2,4433,無,,,是,45.248,36.058,5.5721,3.6179,97.97,122.94,106.49,97.97,,,a_115S2.csv
RPXNMLNJKHLGFDA08DA,信義區,信義區吳興街524巷3號三樓,2025-12-30,華廈,住家用,3,7,34.5,2600,無,,,是,38.3661,31.5598,4.1806,2.6257,67.77,82.38,72.75,67.77,其他備註,包含公共設施保留地用地；,a_115S2.csv
RPPNMLKLJHLGFFA27DA,大安區,大安區通化街57巷6號六樓,2025-12-29,華廈,商業用,6,8,26.3,800,無,,,是,50.4661,30.8822,3.8629,15.7209,15.85,25.9,23.02,15.85,其他備註,建物坐落地號：通化段二小段388地號；,a_115S1.csv
RPVNMLLKKHLGFDA77DA,信義區,信義區基隆路二段149號六樓之5,2025-12-28,住宅大樓,住家用,6,15,11.2,3240,有,220,4.2048,是,32.7063,16.1081,3.6058,8.7876,105.96,187.48,153.19,99.06,其他備註,塔式車位位於地下四層,a_115S1.csv
RPTNMLTLJHLGFFA58DA,大安區,大安區復興南路二段171巷20號五樓,2025-12-27,住宅大樓,住家用,5,19,40.6,3818,無,,,是,38.9832,29.285,3.2882,6.41,97.94,130.37,117.21,97.94,,,a_115S2.csv
RPSNMLQJKHLGFFA18EA,大安區,大安區和平東路三段1巷26弄7號九樓,2025-12-27,住宅大樓,住家用,9,15,40.6,2600,無,,,是,31.3178,22.7268,2.6106,5.9804,83.02,114.4,102.62,83.02,,,a_115S1.csv
RPUNMLNLKIKGFFA18DA,大安區,大安區敦化南路二段144號五樓,2025-12-23,華廈,住家用,5,7,41.4,2424,無,,,是,22.6542,14.9677,1.8937,5.7929,107,161.95,143.76,107,特殊關係,親友、員工、共有人或其他特殊關係間之交易；,a_115S1.csv
RPQNMLTLJHLGFFA28DA,大安區,大安區安和路一段32號四樓之3,2025-12-23,住宅大樓,住家用,4,12,48.7,4700,無,,,是,50.1364,36.9867,3.1521,9.9976,93.74,127.07,117.09,93.74,含增建/未登記,陽台外推；,a_115S1.csv
RPVOMLQJJHLGFDA28EA,信義區,信義區吳興街600巷76弄85號,2025-12-22,公寓,住家用,1,5,44,1545,無,,,是,25.1075,23.0989,2.0086,0,61.54,66.89,61.54,61.54,一樓,,a_115S1.csv
RPOOMLLLJHLGFFA37DA,大安區,大安區復興南路一段107巷5弄25號四樓,2025-12-21,華廈,住家用,4,7,45,2980,無,,,是,29.4665,21.8072,4.0172,3.6421,101.13,136.65,115.39,101.13,,,a_115S1.csv
RPRPMLQKJHLGFFA18DA,大安區,大安區信義路四段265巷46號三樓之5,2025-12-21,華廈,住家用,3,7,46,2313,無,,,是,20.3734,14.88,2.9282,2.5652,113.53,155.44,129.88,113.53,含增建/未登記,陽台外推；,a_115S2.csv
RPPNMLSLJHLGFFA08DA,大安區,大安區忠孝東路四段216巷25號五樓之2,2025-12-19,華廈,住家用,5,7,49.8,6148,無,,,是,63.8124,63.8124,0,0,96.34,96.34,96.34,96.34,含增建/未登記,陽台外推；,a_115S1.csv
RPRNMLPJKHLGFFA87DA,大安區,大安區安和路二段70號十一樓之5,2025-12-19,住宅大樓,住家用,11,12,43.8,5450,無,,,是,51.2344,37.3678,5.5479,8.3188,106.37,145.85,126.99,106.37,,,a_115S1.csv
RPTQMLOJKHLGFFA28DA,大安區,大安區安和路一段106號二樓,2025-12-19,住宅大樓,住家用,2,12,48.3,7600,無,,,是,54.2473,43.9563,4.7916,5.4995,140.1,172.9,155.9,140.1,含增建/未登記,陽台外推；,a_115S1.csv
RPRNMLSKKIKGFFA28DA,大安區,大安區復興南路一段132號十樓之1,2025-12-15,住宅大樓,住家用,10,15,1.7,2100,無,,,是,12.7413,7.8983,0,4.843,164.82,265.88,265.88,164.82,,,a_115S1.csv
RPPNMLRLJHLGFFA08EA,大安區,大安區忠孝東路四段223巷10弄10號三樓,2025-12-14,華廈,住家用,3,7,49.7,2850,無,,,是,25.7307,25.7307,0,0,110.76,110.76,110.76,110.76,,,a_115S1.csv
RPTNMLPJLHLGFFA18DA,大安區,大安區復興南路一段342號十三樓之3,2025-12-14,住宅大樓,住家用,13,15,2.1,6030,有,,10.3364,否,46.5064,23.5436,2.5803,10.046,,,,129.66,,,a_115S1.csv
RPPNMLSLMHLGFFA48EA,大安區,大安區敦化南路二段38號九樓之1,2025-12-12,住宅大樓,住家用,9,22,37.8,7088,無,,,是,61.6193,46.1736,7.8348,7.6109,115.03,153.51,131.24,115.03,,,a_115S2.csv
RPPNMLQJJHLGFDA57EA,信義區,信義區信義路四段401號九樓,2025-12-12,住宅大樓,住家用,9,11,35.4,4500,無,,,是,47.8827,37.7127,6.9363,3.2337,93.98,119.32,100.79,93.98,,,a_115S1.csv
RPRNMLTLKIKGFFA48DA,大安區,大安區復興南路一段342號十三樓之5,2025-12-12,住宅大樓,住家用,13,15,2.1,6088,有,400,11.4073,是,49.8248,22.4788,5.5509,10.3879,148.06,253.04,202.93,122.19,,,a_115S1.csv
RPRNMLMKKIKGFDA47DA,信義區,信義區忠孝東路四段553巷16弄1之4號四樓,2025-12-11,華廈,住家用,4,7,49.6,410,無,,,是,9.7254,9.4955,0,0.2299,42.16,43.18,43.18,42.16,特殊關係,親友、員工、共有人或其他特殊關係間之交易；,a_115S1.csv
RPRNMLOLKIKGFFA97DA,大安區,大安區仁愛路四段33號十一樓之1,2025-12-10,住宅大樓,住家用,11,12,49.1,7508,有,400,7.8015,是,74.1004,62.0246,3.0916,1.1828,107.21,114.6,109.16,101.32,含增建/未登記,土地價格:70834812元整，建物價格:4245188元整。陽台外推；,a_115S1.csv
RPTNMLOLKIKGFFA18DA,大安區,大安區仁愛路四段266巷15弄8號七樓,2025-12-09,華廈,住家用,7,7,45.2,4800,無,,,是,39.449,31.8502,6.5068,1.092,121.68,150.71,125.14,121.68,含增建/未登記、頂樓,陽台外推；頂樓加蓋；其他增建；,a_115S1.csv
RPOOMLKMKIKGFFA47DA,大安區,大安區仁愛路四段50之96號,2025-12-09,住宅大樓,住家用,12,12,54.7,3388,無,,,是,16.5165,16.5165,0,0,205.13,205.13,205.13,205.13,含增建/未登記、頂樓,陽台外推；,a_115S2.csv
RPPNMLLKJHLGFFA27DA,大安區,大安區復興南路一段253巷8號十二樓之1,2025-12-07,住宅大樓,住家用,12,14,46.9,5168,無,,,是,45.127,34.8813,5.2121,5.0336,114.52,148.16,128.9,114.52,含增建/未登記,陽台外推；,a_115S1.csv
RPQNMLMLJHLGFDA37DA,信義區,信義區吳興街440號三樓,2025-12-05,華廈,住家用,3,6,36.5,1188,無,,,是,15.5818,8.0556,1.809,5.7173,76.24,147.48,120.43,76.24,含增建/未登記,陽台外推；,a_115S1.csv
RPPNMLKKKIKGFFA27DA,大安區,大安區仁愛路四段122巷14號五樓之2,2025-12-05,華廈,住家用,5,7,43.1,2380,無,,,是,22.7692,15.2884,2.0721,5.4087,104.53,155.67,137.09,104.53,含增建/未登記,陽台外推；其他增建；,a_115S1.csv
RPPNMLQKKIKGFFA87DA,大安區,大安區信義路四段263號五樓之3,2025-12-04,住宅大樓,住家用,5,14,48.6,2750,無,,,是,25.2799,24.3543,0.9257,0,108.78,112.92,108.78,108.78,其他備註,土地價款:2200萬元；建物價款:550萬元,a_115S1.csv
RPVNMLNKKHLGFDA97DA,信義區,信義區基隆路一段380巷4號六樓之1,2025-12-04,住宅大樓,住家用,6,12,42.2,2810,無,,,是,33.3083,21.9373,3.9234,7.4476,84.36,128.09,108.66,84.36,含增建/未登記,陽台外推；,a_115S1.csv
RPUNMLNJKIKGFFA97DA,大安區,大安區安和路二段5號七樓之2,2025-12-03,住宅大樓,住家用,7,12,44.2,2500,無,,,是,22.4213,16.9733,0,5.448,111.5,147.29,147.29,111.5,,,a_115S1.csv
RPQNMLOLJHLGFFA77DA,大安區,大安區大安路一段230號六樓,2025-12-02,華廈,住家用,6,7,40.3,5588,無,,,是,42.2562,34.7361,4.1775,3.3426,132.24,160.87,143.6,132.24,含增建/未登記,陽台外推；其他增建；,a_115S2.csv
RPOQMLMJLHLGFDA47DA,信義區,信義區吳興街156巷40弄4號二樓,2025-12-01,公寓,住家用,2,4,50.8,2100,無,,,是,28.6831,28.6831,0,0,73.21,73.21,73.21,73.21,含增建/未登記,陽台外推；其他增建；,a_115S2.csv
RPWNMLOLKIKGFFA48DA,大安區,大安區仁愛路四段266巷15弄22號七樓,2025-11-30,華廈,住家用,7,7,45.2,4000,無,,,是,39.2343,30.8822,6.1256,2.2264,101.95,129.52,108.09,101.95,含增建/未登記、頂樓,陽台外推；頂樓加蓋；其他增建；,a_115S1.csv
RPSNMLNKJHLGFFA77DA,大安區,大安區通化街171巷17號五樓,2025-11-30,華廈,住家用,5,7,41.6,2780,無,,,是,32.5914,25.7155,3.9083,2.9675,85.3,108.11,93.84,85.3,含增建/未登記,餐廳外部懸空增建。陽台外推；,a_115S1.csv
RPRNMLKMKIKGFDA47DA,信義區,信義區光復南路567號八樓之11,2025-11-30,住宅大樓,住家用,8,18,17.2,1688,無,,,是,13.0045,7.8499,0.5838,4.5708,129.8,215.04,200.15,129.8,含增建/未登記,陽台外推；夾層；,a_115S1.csv
RPPNMLSKKIKGFFA18EA,大安區,大安區樂業街110號二樓,2025-11-28,公寓,住家用,2,5,44.7,150,無,,,是,31.2362,21.3384,4.1412,5.7566,4.8,7.03,5.89,4.8,特殊關係,建物坐落地號：辛亥段四小段132地號；親友、員工、共有人或其他特殊關係間之交易；,a_115S1.csv
RPSNMLKLJHLGFFA57DA,大安區,大安區敦化南路一段295巷52號五樓,2025-11-27,華廈,住家用,5,7,48.7,3000,無,,,是,30.976,27.1554,3.8206,0,96.85,110.48,96.85,96.85,特殊關係,親友、員工、共有人或其他特殊關係間之交易；,a_115S1.csv
RPPNMLKMKIKGFDA37EA,信義區,信義區光復南路561號九樓之1,2025-11-24,住宅大樓,住家用,9,12,37,1600,無,,,是,20.08,13.2162,3.63,3.2337,79.68,121.06,94.98,79.68,,,a_115S1.csv
RPOOMLQJJHLGFFA67DA,大安區,大安區忠孝東路四段233號七樓之2,2025-11-24,住宅大樓,住家用,7,11,42.9,1650,無,,,是,13.5792,10.6843,0,2.8949,121.51,154.43,154.43,121.51,,,a_115S1.csv
RPUNMLTLKIKGFDA58DA,信義區,信義區光復南路567號十八樓之6,2025-11-24,住宅大樓,住家用,18,18,17.2,1650,無,,,是,13.0045,7.8499,0.5838,4.5708,126.88,210.19,195.64,126.88,含增建/未登記、頂樓,陽台外推；夾層；,a_115S1.csv
RPROMLMLKIKGFDA67DA,信義區,信義區基隆路一段380巷26號十二樓之1,2025-11-23,住宅大樓,住家用,12,12,42.2,2300,無,,,是,26.4355,16.8553,2.1871,7.3931,87,136.46,120.78,87,含增建/未登記、頂樓,陽台外推；其他增建；,a_115S1.csv
RPROMLPKKIKGFFA08DA,大安區,大安區延吉街131巷9號二樓,2025-11-21,華廈,住家用,2,7,44.5,3600,無,,,是,43.8807,31.6022,7.0483,5.2302,82.04,113.92,93.14,82.04,,,a_115S1.csv
RPSNMLKMKIKGFDA57DA,信義區,信義區吳興街50巷6號三樓,2025-11-21,公寓,住家用,3,4,53.2,2308,無,,,是,31.581,31.581,0,0,73.08,73.08,73.08,73.08,其他備註,天井加蓋,a_115S1.csv
RPWQMLOJKHLGFFA58DA,大安區,大安區光復南路116巷22號四樓,2025-11-19,華廈,住家用,4,6,40.2,3850,無,,,是,38.3691,27.2795,4.1715,6.9182,100.34,141.13,122.41,100.34,,,a_115S1.csv
RPTNMLOKJHLGFFA97DA,大安區,大安區仁愛路四段112巷50號七樓之1,2025-11-19,華廈,住家用,7,7,43.4,4100,無,,,是,43.0458,37.2136,4.2864,1.5458,95.25,110.17,98.8,95.25,含增建/未登記、頂樓,土地價格:39707223元整，建物價格:1292777元整。陽台外推；其他增建；,a_115S1.csv
RPXNMLMLKIKGFFA38DA,大安區,大安區臨江街87號五樓,2025-11-19,華廈,商業用,5,8,26.2,1030.0888,無,,,是,42.7796,24.8262,4.0868,13.8666,24.08,41.49,35.63,24.08,含增建/未登記,建物坐落地號：通化段二小段388地號；其他增建；,a_115S1.csv
RPPNMLPLJHLGFFA77DA,大安區,大安區安和路一段112巷25號六樓,2025-11-17,華廈,住家用,6,7,43.2,5100,無,,,是,53.0464,44.7912,6.4886,1.7666,96.14,113.86,99.45,96.14,,,a_115S1.csv
RPVNMLTJKHLGFFA68DA,大安區,大安區敦化南路二段32號十一樓之1,2025-11-17,住宅大樓,住家用,11,12,43.9,5200,無,,,是,46.1706,35.6466,3.509,7.015,112.63,145.88,132.8,112.63,含增建/未登記,陽台外推；,a_115S1.csv
RPPNMLRLJIKGFFA08EA,大安區,大安區通化街19巷10號七樓,2025-11-16,華廈,住家用,7,7,42.4,2770,無,,,是,33.5412,26.9467,4.719,1.8755,82.58,102.8,87.48,82.58,頂樓,,a_114S4.csv
RPTNMLNJKIKGFFA87DA,大安區,大安區仁愛路四段300巷29號六樓,2025-11-16,華廈,住家用,6,7,45.2,5200,無,,,是,55.9383,44.038,8.7665,3.1339,92.96,118.08,98.48,92.96,含增建/未登記,陽台外推；其他增建；,a_115S1.csv
RPVNMLQJJHLGFFA28DA,大安區,大安區安和路一段102巷24號五樓,2025-11-15,華廈,住家用,5,7,43.2,4335,無,,,是,41.8388,35.205,5.2484,1.3855,103.61,123.14,107.16,103.61,含增建/未登記,其他增建；,a_115S2.csv
RPSNMLRLJIKGFFA28DA,大安區,大安區仁愛路四段122巷60號三樓,2025-11-13,華廈,住家用,3,7,44.8,3465,無,,,是,32.9423,28.0357,3.7268,1.1798,105.18,123.59,109.09,105.18,,,a_115S1.csv
RPOOMLQLJIKGFFA87DA,大安區,大安區樂業街166號二樓,2025-11-11,公寓,住家用,2,5,44.8,650,無,,,是,25.5219,21.3837,2.4775,1.6607,25.47,30.4,27.24,25.47,特殊關係,親友、員工、共有人或其他特殊關係間之交易；,a_115S1.csv
RPRNMLSKJIKGFFA18DA,大安區,大安區樂利路5巷20號五樓,2025-11-08,公寓,住家用,5,5,41.8,2088,無,,,是,26.2842,19.9196,3.4606,2.904,79.44,104.82,89.31,79.44,含增建/未登記、頂樓,陽台外推；,a_115S1.csv
RPPNMLKLJIKGFDA07DA,信義區,信義區吳興街363之4號,2025-11-07,公寓,住家用,1,4,49.3,1735,無,,,是,21.3142,21.3142,0,0,81.4,81.4,81.4,81.4,一樓,,a_114S4.csv
RPVPMLQKJHLGFFA58DA,大安區,大安區仁愛路四段112巷21號七樓,2025-11-07,華廈,住家用,7,7,44.3,5980,無,,,是,48.5392,36.7175,5.8141,6.0077,123.2,162.87,140.6,123.2,含增建/未登記、頂樓,陽台外推；頂樓加蓋；其他增建；,a_115S1.csv
RPQOMLNLKIKGFDA77EA,信義區,信義區基隆路二段33號八樓之2,2025-11-05,住宅大樓,住家用,8,12,45.5,3210,無,,,是,40.5834,32.068,2.1084,6.407,79.1,100.1,93.92,79.1,,,a_115S1.csv
RPVNMLRJJHLGFFA38DA,大安區,大安區復興南路一段132號十四樓之2,2025-11-04,住宅大樓,住家用,14,15,1.6,2538,無,,,是,15.9145,9.2474,0.6141,6.053,159.48,274.45,257.36,159.48,,,a_115S1.csv
RPUNMLRLJHLGFFA48DA,大安區,大安區樂利路57號三樓,2025-11-04,華廈,住家用,3,7,39.5,3250,無,,,是,36.6842,28.8888,3.6391,4.1564,88.59,112.5,99.91,88.59,,,a_115S1.csv
RPPNMLPLJIKGFFA77DA,大安區,大安區忠孝東路四段205巷9號,2025-11-03,華廈,住商用,1,7,49,2500,無,,,是,37.4435,34.2097,0,3.2337,66.77,73.08,73.08,66.77,其他備註、一樓,一樓格局：10房1廳1衛地下室格局：開放空間+1衛,a_114S4.csv
RPPOMLOJKIKGFFA67DA,大安區,大安區延吉街131巷35號六樓,2025-11-02,華廈,住家用,6,7,44.8,2500,無,,,是,39.3069,25.6187,7.7622,5.926,63.6,97.58,74.89,63.6,特殊關係,親屬間交易親友、員工、共有人或其他特殊關係間之交易；,a_115S1.csv
RPQOMLSJKIKGFDA97DA,信義區,信義區吳興街462號四樓,2025-11-01,華廈,住家用,4,6,36.4,2800,無,,,是,38.6716,29.8144,3.4062,5.4511,72.4,93.91,84.29,72.4,含增建/未登記,陽台外推；其他增建；,a_115S1.csv
RPUNMLLKKIKGFDA77EA,信義區,信義區和平東路三段391巷20弄19號二樓,2025-10-31,公寓,住家用,2,5,48.2,1760,無,,,是,25.3979,22.1067,3.2912,0,69.3,79.61,69.3,69.3,,,a_115S1.csv
RPTNMLQLJIKGFFA28DA,大安區,大安區仁愛路四段433號八樓,2025-10-30,住宅大樓,住家用,8,12,38.3,6800,有,400,9.2747,是,59.7831,41.618,5.3936,3.4969,126.71,153.78,136.14,113.74,含增建/未登記,其他增建；,a_115S1.csv
RPRNMLNKJIKGFFA67DA,大安區,大安區仁愛路四段33號九樓之3,2025-10-29,住宅大樓,住家用,9,12,48.9,3600,無,,,是,37.6068,26.8136,5.7052,5.0881,95.73,134.26,110.71,95.73,含增建/未登記,其他增建：陽台加窗。其他增建；,a_114S4.csv
RPPNMLKKKIKGFFA37EA,大安區,大安區信義路四段250號二樓,2025-10-28,住宅大樓,住家用,2,12,48.2,2300,無,,,是,30.1653,25.8154,1.0073,3.3426,76.25,89.09,85.75,76.25,,,a_115S1.csv
RPRNMLMKJHLGFFA57DA,大安區,大安區復興南路二段157號十二樓,2025-10-28,住宅大樓,住家用,12,12,45.8,2500,無,,,是,31.5477,25.9817,1.6759,3.8902,79.25,96.22,90.39,79.25,頂樓,,a_115S1.csv
RPPNMLSLKIKGFFA18DA,大安區,大安區信義路三段192號十一樓之1,2025-10-28,住宅大樓,住家用,11,12,43.4,1500,無,,,是,12.6899,9.4289,0.9741,2.2869,118.2,159.08,144.19,118.2,含增建/未登記,陽台外推；,a_115S1.csv
RPPNMLLLJIKGFFA37DA,大安區,大安區延吉街110號二樓,2025-10-27,華廈,住家用,2,7,38.8,4950,無,,,是,52.8347,38.236,5.0276,9.5711,93.69,129.46,114.42,93.69,,,a_114S4.csv
RPPOMLQJJIKGFFA77DA,大安區,大安區復興南路一段219巷12號五樓之2,2025-10-27,華廈,住家用,5,7,47.8,9250,有,500,6.891,是,116.6501,92.3351,10.2306,7.1935,79.72,94.76,85.31,79.3,含增建/未登記,土地價格：8310萬元整、建物價格：440萬元整。其他增建；,a_114S4.csv
RPSNMLSKKIKGFFA38DA,大安區,大安區光復南路390號十樓之2,2025-10-26,住宅大樓,住家用,10,12,47.2,3663,無,,,是,39.924,27.9298,4.8763,7.1178,91.75,131.15,111.66,91.75,含增建/未登記,其他增建；,a_115S1.csv
RPRNMLMKJIKGFDA37DA,信義區,信義區吳興街281巷9號二樓,2025-10-25,公寓,住家用,2,4,53.2,1528,無,,,是,22.3759,22.3759,0,0,68.29,68.29,68.29,68.29,,,a_114S4.csv
RPQNMLNJKIKGFFA67EA,大安區,大安區敦化南路二段63巷54弄4號三樓,2025-10-24,華廈,住家用,3,7,41.3,4138,無,,,是,35.9673,29.9989,2.5985,3.3699,115.05,137.94,126.94,115.05,特殊關係,親友、員工、共有人或其他特殊關係間之交易；,a_114S4.csv
RPPNMLOKMHLGFFA87DA,大安區,大安區忠孝東路四段120之16號,2025-10-23,住宅大樓,住家用,4,12,56,6880,無,,,是,64.2752,64.2752,0,0,107.04,107.04,107.04,107.04,,,a_115S2.csv
RPPQMLOLJIKGFDA77DA,信義區,信義區吳興街50巷19弄2號三樓,2025-10-22,公寓,住家用,3,4,48.7,2920,無,,,是,44.9364,39.8816,5.0548,0,64.98,73.22,64.98,64.98,含增建/未登記,陽台外推；其他增建；,a_114S4.csv
RPOOMLKLJIKGFFA27DA,大安區,大安區通化街57巷6號五樓,2025-10-22,華廈,商業用,5,8,26.2,1100,有,,4.229,否,72.2824,35.087,14.3899,18.5765,,,,15.22,其他備註,建物坐落地號：通化段二小段388地號；,a_114S4.csv
RPROMLTLKIKGFDA38DA,信義區,信義區基隆路二段23號四樓之5,2025-10-20,住宅大樓,其他,4,12,36.1,1208,無,,,是,14.402,11.371,0,3.0311,83.88,106.24,106.24,83.88,含增建/未登記,其他增建；,a_115S1.csv
RPPNMLOJKIKGFFA57DA,大安區,大安區復興南路一段342號六樓之6,2025-10-17,住宅大樓,住家用,6,15,1.9,4150,無,,,是,27.5941,16.7131,2.8889,7.9921,150.39,248.31,211.71,150.39,,,a_114S4.csv
RPWNMLMJKIKGFFA08DA,大安區,大安區安和路二段88號十四樓之1,2025-10-17,住宅大樓,住家用,14,25,36.2,5200,有,,,否,80.0476,47.7769,11.6221,20.6487,,,,64.96,特殊關係,親友、員工、共有人或其他特殊關係間之交易；,a_114S4.csv
RPRNMLNLKIKGFFA87DA,大安區,大安區仁愛路四段266巷10號七樓,2025-10-16,華廈,住家用,7,7,45.1,4200,無,,,是,46.2311,33.4142,4.8824,7.9346,90.85,125.7,109.67,90.85,含增建/未登記、頂樓,其他增建；,a_115S1.csv
RPRNMLSJJHLGFFA08DA,大安區,大安區敦化南路二段28號十二樓,2025-10-15,住宅大樓,住家用,12,18,38.2,2064,無,,,是,21.9282,16.453,2.1236,3.3517,94.13,125.45,111.11,94.13,特殊關係,親友、員工、共有人或其他特殊關係間之交易；,a_115S1.csv
RPQNMLTKJIKGFFA18DA,大安區,大安區復興南路一段132號二樓之2,2025-10-13,住宅大樓,住家用,2,15,1.5,1988.75,無,,,是,15.9145,9.2474,0.6141,6.053,124.96,215.06,201.67,124.96,,,a_115S1.csv
RPRNMLTKJIKGFFA28DA,大安區,大安區復興南路一段132號二樓,2025-10-13,住宅大樓,住家用,2,15,1.5,1840,無,,,是,14.7166,8.6273,0.487,5.6023,125.03,213.28,201.88,125.03,,,a_115S1.csv
RPSNMLTKJIKGFFA38DA,大安區,大安區復興南路一段132號二樓之1,2025-10-13,住宅大樓,住家用,2,15,1.5,1592.5,無,,,是,12.7413,7.8983,0,4.843,124.99,201.63,201.63,124.99,,,a_115S1.csv
RPRNMLMLKIKGFFA87EA,大安區,大安區光復南路240巷47號七樓,2025-10-12,華廈,住家用,7,7,43.8,5000,無,,,是,44.0289,36.6933,5.0094,2.3262,113.56,136.26,119.9,113.56,含增建/未登記、頂樓,其他增建；,a_115S1.csv
RPRNMLQKKIKGFFA08DA,大安區,大安區通化街19巷49號五樓,2025-10-12,華廈,住家用,5,7,41.3,3550,無,,,是,36.4997,28.4713,5.2877,2.7407,97.26,124.69,105.16,97.26,含增建/未登記,陽台外推；其他增建；,a_115S1.csv
RPWSMLSLJHLGFDA09DA,信義區,信義區仁愛路四段520之3號十樓,2025-10-10,住宅大樓,住家用,10,12,45.2,3968,無,,,是,31.9622,26.2479,0.4235,5.2907,124.15,151.17,148.77,124.15,,,a_115S1.csv
RPQOMLLKKIKGFDA37DA,信義區,信義區基隆路一段380巷10號九樓,2025-10-10,住宅大樓,住家用,9,12,42.1,2300,無,,,是,31.4358,20.812,3.5453,7.0785,73.16,110.51,94.43,73.16,,,a_115S1.csv
RPPNMLQJJHLGFFA67DA,大安區,大安區信義路四段199巷9號五樓,2025-10-06,華廈,住家用,5,7,46,5600,無,,,是,57.0092,49.0443,7.9648,0,98.23,114.18,98.23,98.23,含增建/未登記,陽台外推；,a_115S1.csv
RPRNMLQJJIKGFFA87DA,大安區,大安區信義路四段256號九樓,2025-10-05,住宅大樓,住商用,9,15,42.9,5300,無,,,是,48.6783,37.9728,3.0704,7.6351,108.88,139.57,129.13,108.88,含增建/未登記,陽台外推；其他增建；,a_115S1.csv
RPQNMLRKJIKGFFA08EA,大安區,大安區仁愛路四段25之1號三樓,2025-10-03,住宅大樓,住家用,3,12,54,10188.6892,無,,,是,109.3205,79.7118,0,29.6087,93.2,127.82,127.82,93.2,,,a_114S4.csv
RPSNMLNLKIKGFFA97DA,大安區,大安區仁愛路四段112巷50號七樓,2025-10-03,華廈,住家用,7,7,43.3,4050,無,,,是,43.0458,37.2136,4.2864,1.5458,94.09,108.83,97.59,94.09,含增建/未登記、頂樓,陽台外推；,a_115S1.csv
RPUNMLMKJHLGFFA87DA,大安區,大安區敦化南路二段148號十八樓,2025-10-01,住宅大樓,住家用,18,19,40.5,3760,無,,,是,35.4258,21.6106,3.4001,10.4151,106.14,173.99,150.34,106.14,含增建/未登記,陽台外推；,a_115S1.csv
RPUNMLSLJIKGFDA38DA,信義區,信義區基隆路一段380巷2號四樓,2025-09-30,住宅大樓,住家用,4,12,42,2986,無,,,是,31.4358,20.812,3.5453,7.0785,94.99,143.47,122.59,94.99,含增建/未登記,陽台外推；其他增建；,a_115S1.csv
RPVNMLSKJIKGFFA58DA,大安區,大安區基隆路二段190號九樓之4、之5,2025-09-29,住宅大樓,住家用,9,12,43.8,1900,無,,,是,21.3293,15.3005,1.6577,4.3711,89.08,124.18,112.04,89.08,含增建/未登記,陽台外推；,a_114S4.csv
RPSNMLTJIIKGFFA28EA,大安區,大安區安和路二段78號十四樓,2025-09-27,住宅大樓,住家用,14,15,46.7,3968,無,,,是,38.1997,30.5525,2.414,5.2333,103.88,129.87,120.36,103.88,,,a_114S4.csv
RPRNMLTJIIKGFFA08DA,大安區,大安區信義路四段265巷12弄17號四樓之2,2025-09-26,華廈,住家用,4,7,48.3,3510,無,,,是,32.7003,26.4869,2.7225,3.4909,107.34,132.52,120.17,107.34,,,a_114S4.csv
RPQNMLPJJIKGFFA77EA,大安區,大安區信義路四段265巷31弄7號七樓之11,2025-09-26,華廈,住家用,7,7,47.2,6000,無,,,是,50.2543,33.1207,5.0518,12.0819,119.39,181.16,157.18,119.39,含增建/未登記、頂樓,陽台外推；頂樓加蓋；,a_114S4.csv
RPWOMLKLIIKGFFA97DA,大安區,大安區安和路二段88號十二樓,2025-09-25,住宅大樓,住家用,12,25,36.1,6800,有,400,10.9687,是,73.4319,44.3495,9.1385,8.9752,102.46,144.31,119.65,92.6,含增建/未登記,陽台外推；其他增建；,a_114S4.csv
RPPNMLKMIIKGFFA27DA,大安區,大安區仁愛路四段266巷15弄8號五樓,2025-09-22,華廈,住家用,5,7,45,3800,無,,,是,39.449,31.8502,6.5068,1.092,96.33,119.31,99.07,96.33,,,a_114S4.csv
RPPOMLMJIIKGFFA27DA,大安區,大安區安和路一段100號三樓之1,2025-09-22,住宅大樓,住家用,3,12,48.6,5408,無,,,是,52.027,40.1448,4.2108,7.6714,103.95,134.71,121.92,103.95,含增建/未登記,陽台外推；其他增建；,a_114S4.csv
RPXNMLQLJIKGFDA48DA,信義區,信義區基隆路二段149號十二樓之1,2025-09-21,住宅大樓,住家用,12,15,10.9,2770,無,,,是,25.2376,14.9828,2.0933,8.1615,109.76,184.88,162.21,109.76,,,a_115S1.csv
RPTOMLNJJIKGFFA87DA,大安區,大安區安和路二段88號四樓之3,2025-09-19,住宅大樓,住家用,4,25,36.1,6880,無,,,是,69.7686,48.3486,11.6372,9.7829,98.61,142.3,114.69,98.61,含增建/未登記,陽台外推；,a_114S4.csv
RPWNMLSKJIKGFFA68DA,大安區,大安區通化街215號六樓,2025-09-19,華廈,住家用,6,7,40.7,1200,無,,,是,37.1137,28.801,5.3119,3.0008,32.33,41.67,35.18,32.33,特殊關係,親友、員工、共有人或其他特殊關係間之交易；,a_114S4.csv
RPQOMLQKKIKGFFA08DA,大安區,大安區光復南路240巷5號七樓,2025-09-18,住宅大樓,住家用,7,12,47.2,5978,無,,,是,53.718,42.4287,4.2562,7.0331,111.28,140.9,128.05,111.28,,,a_115S1.csv
RPPOMLNKIIKGFFA47DA,大安區,大安區通化街123巷17號二樓,2025-09-18,公寓,住家用,2,5,47,2230,無,,,是,28.7405,23.474,5.2665,0,77.59,95,77.59,77.59,含增建/未登記,其他增建；,a_114S4.csv
RPOOMLPKIIKGFFA57DA,大安區,大安區通化街104號二樓,2025-09-16,公寓,住家用,2,5,48,1098,無,,,是,12.336,11.1078,1.2282,0,89.01,98.85,89.01,89.01,含增建/未登記,陽台外推；其他增建；,a_114S4.csv
RPVNMLOJKHLGFDA97DA,信義區,信義區吳興街508號三樓,2025-09-14,華廈,住家用,3,7,36.2,2700,無,,,是,40.8466,32.2102,6.0409,2.5955,66.1,83.82,70.59,66.1,,,a_115S1.csv
RPOOMLKLIIKGFFA17DA,大安區,大安區光復南路688號十一樓之7,2025-09-13,住宅大樓,住家用,11,14,8.3,1588,無,,,是,12.0909,6.7911,1.4308,3.869,131.34,233.83,193.14,131.34,,,a_114S4.csv
RPRNMLLLIIKGFFA47DA,大安區,大安區瑞安街208巷61弄4號,2025-09-12,公寓,住家用,1,4,53,4432,無,,,是,26.3417,26.3417,0,0,168.25,168.25,168.25,168.25,一樓,,a_114S4.csv
RPXOMLNLRHKGFFA56DA,大安區,大安區忠孝東路四段170巷6弄6號二樓,2025-09-11,華廈,住家用,2,7,46.2,3768,無,,,是,43.8716,31.8593,5.4753,6.537,85.89,118.27,100.93,85.89,含增建/未登記,其他增建；,a_114S4.csv
RPTNMLNKIIKGFFA77DA,大安區,大安區忠孝東路四段2號十一樓之9,2025-09-11,住宅大樓,住家用,11,12,46.8,2950,無,,,是,25.7912,20.8967,0.5082,4.3863,114.38,141.17,137.82,114.38,,,a_114S4.csv
RPVNMLRLIIKGFDA28DA,信義區,信義區吳興街284巷24弄14號三樓,2025-09-09,公寓,住家用,3,4,49.4,1500,無,,,是,24.6961,24.6961,0,0,60.74,60.74,60.74,60.74,,,a_114S4.csv
RPOOMLNKIIKGFFA37DA,大安區,大安區信義路四段265巷21弄22號七樓之1,2025-09-06,華廈,住家用,7,7,45.8,3858,無,,,是,45.2268,35.2231,4.84,5.1637,85.3,109.53,96.3,85.3,含增建/未登記、頂樓,頂樓加蓋；,a_115S1.csv
RPPNMLRJNHLGFFA18DA,大安區,大安區復興南路一段219巷22號六樓,2025-09-05,華廈,住家用,6,7,48.4,1350,無,,,是,43.2757,32.0499,6.1892,5.0366,31.2,42.12,35.3,31.2,特殊關係,親友、員工、共有人或其他特殊關係間之交易；,a_115S2.csv
RPTOMLNJIIKGFDA57DA,信義區,信義區基隆路一段364巷34號九樓之1,2025-09-03,住宅大樓,住家用,9,12,42,2610,無,,,是,32.2949,21.0601,2.1992,9.0357,80.82,123.93,112.21,80.82,,,a_114S4.csv
RPQPMLQKKIKGFDA97DA,信義區,信義區基隆路二段149號八樓之3,2025-09-01,住宅大樓,住家用,8,15,10.9,3270,有,220,4.2048,是,32.7063,16.1081,3.6058,8.7876,107.01,189.35,154.71,99.98,含增建/未登記,其他增建:陽台加窗其他增建；,a_115S1.csv
RPQNMLLLRHKGFFA18DA,大安區,大安區敦化南路一段233巷28號四樓,2025-08-31,華廈,住家用,4,7,48.7,3866,無,,,是,40.6984,40.6984,0,0,94.99,94.99,94.99,94.99,含增建/未登記,其他增建；,a_114S4.csv
RPPNMLRJRHKGFFA48DA,大安區,大安區和平東路三段278號九樓之1,2025-08-31,住宅大樓,住家用,9,12,39.4,2628,無,,,是,35.813,26.0301,4.0989,5.684,73.38,100.96,87.22,73.38,含增建/未登記,陽台外推；其他增建；,a_114S4.csv
RPOOMLKLJHLGFFA27DA,大安區,大安區復興南路一段342號三樓之5,2025-08-30,住宅大樓,住家用,3,15,1.8,6300,有,400,11.4073,是,51.4462,24.4087,4.2138,11.4164,147.36,241.72,206.13,122.46,,,a_115S1.csv
RPQOMLLJIIKGFFA27DA,大安區,大安區復興南路二段171巷30號十八樓,2025-08-26,住宅大樓,住家用,18,19,40.2,3350,無,,,是,39.1375,29.3516,3.2882,6.4977,85.6,114.13,102.64,85.6,,,a_114S4.csv
RPQNMLMKRHKGFFA18DA,大安區,大安區復興南路一段132號五樓,2025-08-26,住宅大樓,住家用,5,15,1.3,2250,有,250,5.1123,是,19.8289,8.6273,0.487,5.6023,135.9,231.82,219.43,113.47,,,a_114S4.csv
RPQNMLMJRHKGFFA18EA,大安區,大安區忠孝東路四段216巷19弄6號二樓,2025-08-22,華廈,住家用,2,7,48.7,3400,無,,,是,38.2118,38.2118,0,0,88.98,88.98,88.98,88.98,其他備註,買方王OO另外支付賣方土地增值稅新台幣4861180元整,a_114S3.csv
RPQNMLRJIIKGFDA67EA,信義區,信義區吳興街361巷23弄13號七樓,2025-08-22,華廈,住家用,7,7,43.7,1600,無,,,是,32.0317,25.1347,5.805,1.092,49.95,63.66,51.71,49.95,特殊關係、含增建/未登記、頂樓,親友、員工、共有人或其他特殊關係間之交易；頂樓加蓋；,a_114S4.csv
RPSNMLPKIIKGFFA87DA,大安區,大安區大安路一段19巷16號六樓,2025-08-22,華廈,住家用,6,7,48.9,5080,無,,,是,54.8977,54.8977,0,0,92.54,92.54,92.54,92.54,含增建/未登記,其他增建；,a_114S4.csv
RPSNMLNLIIKGFDA67EA,信義區,信義區基隆路二段23號三樓之1,2025-08-21,住宅大樓,商業用,3,12,35.9,1330,無,,,是,15.7814,11.4496,0,4.3318,84.28,116.16,116.16,84.28,,,a_114S4.csv
RPTOMLPJRHKGFFA78DA,大安區,大安區仁愛路四段112巷3弄4號二樓,2025-08-20,華廈,住家用,2,7,42.6,3366,無,,,是,39.4793,29.3758,4.5466,5.5569,85.26,114.58,99.23,85.26,含增建/未登記,陽台外推；其他增建；,a_114S4.csv
RPUNMLLKJIKGFFA77DA,大安區,大安區忠孝東路四段112號四樓之11,2025-08-18,住宅大樓,住家用,4,12,49.9,2368,無,,,是,20.3492,18.0714,0,2.2778,116.37,131.04,131.04,116.37,,,a_114S4.csv
RPVNMLRKRHKGFFA56DA,大安區,大安區仁愛路四段112巷23號四樓,2025-08-18,華廈,住家用,4,7,44.1,5858,有,400,,否,51.9907,36.7175,6.3707,8.9026,,,,112.67,含增建/未登記,陽台外推；其他增建；,a_114S4.csv
RPSNMLSJPHKGFFA78EA,大安區,大安區忠孝東路四段216巷29號五樓之2,2025-08-17,華廈,住家用,5,7,49.5,1331,無,,,是,11.4285,10.4968,0,0.9317,116.46,126.8,126.8,116.46,特殊關係,親友、員工、共有人或其他特殊關係間之交易；,a_114S3.csv
RPSNMLSLQHKGFFA98DA,大安區,大安區文昌街278巷9號四樓,2025-08-14,公寓,住家用,4,5,45.2,1800,無,,,是,25.6974,22.9083,2.7891,0,70.05,78.57,70.05,70.05,,,a_114S3.csv
RPQNMLKMIIKGFFA47EA,大安區,大安區通化街180巷7號三樓,2025-08-14,公寓,住家用,3,5,45.8,1750,無,,,是,23.6343,19.5929,4.0414,0,74.04,89.32,74.04,74.04,特殊關係,親友、員工、共有人或其他特殊關係間之交易；,a_114S4.csv
RPRNMLRLQHKGFFA78DA,大安區,大安區敦化南路二段28號七樓,2025-08-13,住宅大樓,住家用,7,18,38.1,6750,無,,,是,62.6568,47.0085,6.0712,9.5772,107.73,143.59,127.17,107.73,含增建/未登記,其他增建；,a_114S4.csv
RPRNMLRJIIKGFDA67DA,信義區,信義區光復南路567號六樓之6,2025-08-10,住宅大樓,住家用,6,18,17,3236,有,350,7.2116,是,33.269,15.7088,1.1707,9.1779,110.76,183.72,170.98,97.27,含增建/未登記,陽台外推；,a_114S4.csv
RPQOMLMLRHKGFFA38DA,大安區,大安區敦化南路二段63巷57號七樓之1,2025-08-09,住宅大樓,住家用,7,17,39.7,4168,無,,,是,41.7511,29.4,3.3457,9.0054,99.83,141.77,127.28,99.83,,,a_114S4.csv
RPRNMLPKQHKGFFA48DA,大安區,大安區忠孝東路四段216巷31號三樓之1,2025-08-05,華廈,住家用,3,7,49.5,5813,無,,,是,58.6154,53.5486,0,5.0669,99.17,108.56,108.56,99.17,含增建/未登記,陽台外推；其他增建；,a_114S3.csv
RPPNMLNLLHLGFFA77DA,大安區,大安區光復南路240巷9號四樓,2025-08-04,住宅大樓,住家用,4,12,47.2,5100,有,300,5.6628,是,63.5976,51.6216,4.2562,2.057,82.85,92.98,85.9,80.19,特殊關係,親友、員工、共有人或其他特殊關係間之交易；,a_115S2.csv
RPXNMLPKRHKGFFA56DA,大安區,大安區忠孝東路四段233號八樓之6,2025-08-04,住宅大樓,住家用,8,11,42.7,1450,無,,,是,13.5792,10.6843,0,2.8949,106.78,135.71,135.71,106.78,,,a_114S4.csv
RPPNMLPJQHKGFFA18DA,大安區,大安區通安街71號三樓之1,2025-08-02,華廈,住家用,3,7,43.7,268.6,無,,,是,3.5514,3.0855,0,0.4659,75.63,87.05,87.05,75.63,其他備註,建物格局：無隔間、1衛。,a_114S3.csv
RPRNMLMKRHKGFFA28DA,大安區,大安區光復南路260巷54號二樓,2025-08-01,華廈,住家用,2,7,43.7,4575,無,,,是,48.1126,41.3245,5.0639,1.7243,95.09,110.71,98.62,95.09,含增建/未登記,陽台外推；,a_114S4.csv
RPUNMLLKRHKGFFA48DA,大安區,大安區復興南路一段135巷17號十一樓,2025-07-30,住宅大樓,住家用,11,12,52.4,2500,無,,,是,26.3538,21.0298,0,5.324,94.86,118.88,118.88,94.86,,,a_114S4.csv
RPQNMLMJIIKGFDA07DA,信義區,信義區光復南路567號十五樓之11,2025-07-29,住宅大樓,住家用,15,18,16.9,1760,無,,,是,13.0045,7.8499,0.5838,4.5708,135.34,224.21,208.69,135.34,含增建/未登記,土地金額:15999075元正、建物金額:1600925元正陽台外推；夾層；,a_114S4.csv
RPPNMLOLRHKGFFA38DA,大安區,大安區信義路四段143號十一樓,2025-07-27,住宅大樓,住家用,11,12,43.4,4398,無,,,是,45.5111,36.0852,6.5975,2.8284,96.64,121.88,103.04,96.64,含增建/未登記,陽台外推；其他增建；,a_114S4.csv
RPOOMLSKRHKGFFA68DA,大安區,大安區安和路一段110號五樓,2025-07-27,住宅大樓,住家用,5,12,47.9,4700,無,,,是,45.133,35.2897,5.4511,4.3923,104.14,133.18,115.36,104.14,含增建/未登記,陽台外推；,a_114S4.csv
RPPNMLKMJHLGFFA37DA,大安區,大安區信義路四段263號五樓之1,2025-07-27,住宅大樓,住家用,5,14,48.2,3250,無,,,是,40.8708,36.6902,4.1806,0,79.52,88.58,79.52,79.52,含增建/未登記,陽台外推；,a_115S1.csv
RPSOMLTJRHKGFDA88DA,信義區,信義區和平東路三段435巷7弄27號四樓,2025-07-27,公寓,住家用,4,5,47.8,1800,無,,,是,28.0387,24.5509,3.4878,0,64.2,73.32,64.2,64.2,,,a_114S4.csv
RPSOMLQJQHKGFFA68DA,大安區,大安區通安街71號二樓之1,2025-07-27,華廈,住家用,2,7,43.6,270,無,,,是,3.5514,3.0855,0,0.4659,76.03,87.51,87.51,76.03,其他備註,建物格局：無隔間、1衛。,a_114S3.csv
RPXOMLPJRHKGFDA98DA,信義區,信義區基隆路二段149號十四樓之2,2025-07-26,住宅大樓,住家用,14,15,10.8,3700,有,220,4.2048,是,34.9236,17.7386,3.2852,9.6951,113.29,196.18,165.53,105.95,其他備註,塔式車位位於地下四層。,a_114S4.csv
RPPNMLTJRHKGFFA68DA,大安區,大安區安和路二段12號四樓,2025-07-26,住宅大樓,住家用,4,12,42.2,4208,無,,,是,37.2075,30.6765,5.2756,1.2554,113.1,137.17,117.04,113.1,含增建/未登記,陽台外推；其他增建；,a_114S4.csv
RPSOMLRJIIKGFFA08DA,大安區,大安區復興南路二段65號十一樓之3,2025-07-24,住宅大樓,住家用,11,12,47.5,3728,無,,,是,36.3998,29.5361,1.7243,5.1395,102.42,126.22,119.26,102.42,,,a_114S4.csv
RPPNMLNKQHKGFFA08DA,大安區,大安區通安街71號,2025-07-24,華廈,住商用,1,7,43.6,268,無,,,是,3.5514,3.0855,0,0.4659,75.46,86.86,86.86,75.46,其他備註、一樓,建物格局：無隔間、1衛。,a_114S4.csv
RPQNMLMLRHKGFFA28DA,大安區,大安區復興南路一段132號二樓之5,2025-07-23,住宅大樓,住家用,2,15,1.2,1620,無,,,是,11.3468,5.5963,1.4369,4.3137,142.77,289.48,230.34,142.77,,,a_114S4.csv
RPQNMLPLQHKGFFA48DA,大安區,大安區忠孝東路四段181巷7弄21號二樓,2025-07-22,華廈,住家用,2,7,56.8,2555,無,,,是,21.4805,17.3393,1.7787,2.3625,118.94,147.35,133.64,118.94,,,a_114S3.csv
RPPNMLMKKIKGFFA47DA,大安區,大安區信義路四段265巷8號二樓之1,2025-07-20,華廈,住家用,2,7,47.6,3600,無,,,是,30.8671,25.2164,3.3638,2.2869,116.63,142.76,125.96,116.63,,,a_115S1.csv
RPQNMLNLIIKGFFA57DA,大安區,大安區信義路四段265巷9號六樓,2025-07-20,華廈,住家用,6,7,43,4150,無,,,是,45.1421,33.5503,4.8551,6.7367,91.93,123.69,108.06,91.93,含增建/未登記,陽台外推；其他增建；,a_114S4.csv
RPPNMLKLQHKGFFA97EA,大安區,大安區復興南路二段171巷36號十一樓,2025-07-19,住宅大樓,住家用,11,17,40.2,3480,無,,,是,39.1012,29.3516,3.2882,6.4614,89,118.56,106.62,89,,,a_114S3.csv
RPXNMLKMPHKGFFA68DA,大安區,大安區復興南路一段132號三樓之5,2025-07-19,住宅大樓,住家用,3,15,1.2,1580,無,,,是,11.3468,5.5963,1.4369,4.3137,139.25,282.33,224.65,139.25,,,a_114S3.csv
RPTNMLSJRHKGFFA98DA,大安區,大安區復興南路一段342號十樓之8,2025-07-19,住宅大樓,住家用,10,15,1.7,3563,無,,,是,22.993,13.5611,2.9252,6.5068,154.96,262.74,216.12,154.96,,,a_114S4.csv
RPSNMLRLJHLGFFA28DA,大安區,大安區忠孝東路四段216巷19弄19號二樓,2025-07-15,華廈,住家用,2,7,48.5,2788,無,,,是,52.9315,52.9315,0,0,52.67,52.67,52.67,52.67,特殊關係,親友、員工、共有人或其他特殊關係間之交易；,a_115S1.csv
RPRNMLOKQHKGFFA38DA,大安區,大安區仁愛路四段122巷49號六樓,2025-07-15,華廈,住家用,6,7,45,2000,無,,,是,45.5505,34.2854,9.4531,1.812,43.91,58.33,45.73,43.91,特殊關係,親友、員工、共有人或其他特殊關係間之交易；,a_114S3.csv
RPPNMLPLQHKGFFA48EA,大安區,大安區安和路二段81號五樓之9,2025-07-14,華廈,商業用,5,9,28.6,1270,無,,,是,13.1618,7.6563,0.7169,4.7886,96.49,165.88,151.67,96.49,,,a_114S3.csv
RPTNMLPJRHKGFFA68DA,大安區,大安區敦化南路二段8號四樓,2025-07-13,華廈,住家用,4,7,46.9,3300,無,,,是,25.5008,19.2269,4.0898,2.1841,129.41,171.63,141.53,129.41,含增建/未登記,陽台外推；其他增建；,a_114S4.csv
RPPNMLMLQHKGFFA08DA,大安區,大安區忠孝東路四段233號九樓之16,2025-07-11,住宅大樓,住家用,9,11,42.6,1550,無,,,是,11.7884,8.5305,0.9438,2.3141,131.48,181.7,163.6,131.48,含增建/未登記,其他增建；,a_114S4.csv
RPVNMLMJRHKGFFA58DA,大安區,大安區安和路二段7號十一樓之1,2025-07-06,住宅大樓,住家用,11,12,43.8,4050,有,450,17.0398,是,55.5935,25.41,5.5176,7.626,93.38,141.68,116.4,72.85,含增建/未登記,陽台外推；,a_114S4.csv
RPSNMLMKQHKGFDA08DA,信義區,信義區仁愛路四段452巷18號二樓之2,2025-07-05,華廈,住家用,2,7,47.8,3076,無,,,是,33.6199,28.1023,2.2083,3.3094,91.49,109.46,101.48,91.49,,,a_114S3.csv
RPRNMLMLQHKGFFA28DA,大安區,大安區復興南路一段342號七樓之5,2025-07-05,住宅大樓,住家用,7,15,1.7,6200,無,,,是,40.0389,24.4087,4.2138,11.4164,154.85,254.01,216.61,154.85,,,a_114S3.csv
RPQNMLKKQHKGFFA87DA,大安區,大安區敦化南路一段283號九樓,2025-07-05,住宅大樓,住家用,9,14,43.6,7400,無,,,是,56.8761,46.706,2.6045,7.5655,130.11,158.44,150.07,130.11,含增建/未登記,其他增建；,a_114S4.csv
RPRNMLKKQHKGFFA97DA,大安區,大安區敦化南路一段283號九樓之1,2025-07-05,住宅大樓,住家用,9,14,43.6,7900,有,350,16.1414,是,74.3485,52.5775,5.0336,0.5959,129.71,143.6,131.05,106.26,含增建/未登記,陽台外推；,a_114S4.csv
RPSNMLPJQHKGFFA48DA,大安區,大安區光復南路688號三樓之6,2025-07-03,住宅大樓,住家用,3,14,8.2,1200,無,,,是,11.8792,7.015,1.0618,3.8024,101.02,171.06,148.57,101.02,特殊關係,親友、員工、共有人或其他特殊關係間之交易；,a_114S3.csv
RPQNMLRLPHKGFFA58DA,大安區,大安區延吉街233巷5號六樓,2025-07-02,華廈,住家用,6,7,44.5,3911,無,,,是,43.1698,32.7245,4.8793,5.566,90.6,119.51,104.01,90.6,含增建/未登記,陽台外推；其他增建；,a_114S3.csv
RPQOMLLJPHKGFDA67DA,信義區,信義區光復南路559號七樓之1,2025-07-01,住宅大樓,住家用,7,12,36.7,1680,無,,,是,20.08,13.2162,3.63,3.2337,83.67,127.12,99.73,83.67,,,a_114S3.csv
RPSNMLSKQHKGFFA88DA,大安區,大安區東豐街1號十四樓之2,2025-07-01,住宅大樓,住家用,14,14,46.5,3250,無,,,是,30.2046,24.2424,2.4503,3.512,107.6,134.06,121.76,107.6,含增建/未登記、頂樓,陽台外推；,a_114S4.csv
RPUNMLLKQHKGFFA38DA,大安區,大安區忠孝東路四段216巷27弄10號七樓,2025-06-29,華廈,住家用,7,7,48.4,4448,無,,,是,41.8751,37.6431,0,4.232,106.22,118.16,118.16,106.22,含增建/未登記、頂樓,陽台外推；頂樓加蓋；其他增建；,a_114S4.csv
RPPNMLLJPHKGFDA47DA,信義區,信義區吳興街524巷28號三樓,2025-06-27,公寓,住家用,3,4,45.2,1560,無,,,是,30.2621,26.0967,4.1654,0,51.55,59.78,51.55,51.55,,,a_114S4.csv
RPXNMLSLPHKGFFA76DA,大安區,大安區敦化南路一段190巷45號五樓,2025-06-26,華廈,住家用,5,7,48.1,4950,無,,,是,54.8493,43.0155,5.7354,6.0984,90.25,115.07,101.54,90.25,含增建/未登記,陽台外推；,a_114S3.csv
RPWNMLOKQHKGFDA68DA,信義區,信義區吳興街284巷24弄50號五樓,2025-06-24,公寓,住家用,5,5,45.1,1630,無,,,是,30.4224,26.744,3.6784,0,53.58,60.95,53.58,53.58,頂樓,,a_114S3.csv
RPQOMLNKQHKGFFA28DA,大安區,大安區敦化南路一段283號七樓之2,2025-06-24,住宅大樓,住家用,7,14,43.5,6688,無,,,是,58.1647,43.8353,4.9792,9.3503,114.98,152.57,137.01,114.98,含增建/未登記,陽台外推；其他增建；,a_114S3.csv
RPTOMLNKQHKGFFA58DA,大安區,大安區光復南路96巷7弄6號三樓,2025-06-21,公寓,住家用,3,4,51,1800,無,,,是,27.6576,27.6576,0,0,65.08,65.08,65.08,65.08,特殊關係,親友、員工、共有人或其他特殊關係間之交易；,a_114S3.csv
RPPNMLSJIIKGFFA77DA,大安區,大安區忠孝東路四段60號十樓,2025-06-20,住宅大樓,住家用,10,12,50.2,4570.5,無,,,是,41.5514,38.7896,0,2.7618,110,117.83,117.83,110,,,a_114S4.csv
RPUNMLOLOHKGFFA58DA,大安區,大安區光復南路688號八樓之7,2025-06-19,住宅大樓,住家用,8,14,8.1,1450,無,,,是,12.0909,6.7911,1.4308,3.869,119.92,213.51,176.36,119.92,,,a_114S3.csv
RPPNMLOJQHKGFDA87DA,信義區,信義區吳興街363之4號二樓,2025-06-18,公寓,住家用,2,4,48.9,1500,無,,,是,21.3142,21.3142,0,0,70.38,70.38,70.38,70.38,含增建/未登記,陽台外推；其他增建；未登記建物；,a_114S3.csv
RPSNMLSLPHKGFFA88DA,大安區,大安區復興南路一段342號十樓之7,2025-06-12,住宅大樓,住家用,10,15,1.6,4200,有,,11.5041,否,35.0658,13.4401,3.385,6.7367,,,,119.77,,,a_114S3.csv
RPPNMLOJQHKGFFA08DA,大安區,大安區光復南路72巷23弄46號三樓,2025-06-09,公寓,住家用,3,4,48.8,1870,無,,,是,22.8146,22.8146,0,0,81.97,81.97,81.97,81.97,,,a_114S3.csv
RPUNMLRLOHKGFDA68DA,信義區,信義區忠孝東路四段553巷22弄2之1號二樓,2025-06-08,華廈,住家用,2,7,47.3,2500,無,,,是,25.1196,19.4175,3.9265,1.7757,99.52,128.75,107.09,99.52,含增建/未登記,陽台外推；,a_114S3.csv
RPQNMLKMOHKGFFA87DA,大安區,大安區忠孝東路四段216巷32弄8號五樓,2025-06-04,華廈,住家用,5,7,47.2,3650,無,,,是,40.4685,32.0317,4.5436,3.8932,90.19,113.95,99.79,90.19,,,a_114S3.csv
RPPNMLLKOHKGFDA47DA,信義區,信義區基隆路一段432號十二樓之3,2025-06-04,住宅大樓,住家用,12,15,43.1,2852,無,,,是,35.934,29.1973,0,6.7367,79.37,97.68,97.68,79.37,,,a_114S3.csv
RPPNMLRKPHKGFFA48EA,大安區,大安區信義路四段265巷46號四樓之1,2025-06-03,華廈,住家用,4,7,45.5,3000,無,,,是,49.6221,38.3147,6.3011,5.0064,60.46,78.3,67.24,60.46,特殊關係,親友、員工、共有人或其他特殊關係間之交易；,a_114S3.csv
RPWNMLKLOHKGFFA38DA,大安區,大安區大安路一段31巷39號二樓,2025-06-02,華廈,住家用,2,7,45.8,3900,無,,,是,43.1032,32.7063,6.1801,4.2169,90.48,119.24,100.29,90.48,,,a_114S3.csv
RPWNMLQLQHKGFDA98DA,信義區,信義區嘉興街137號二樓,2025-05-29,公寓,住家用,2,4,51.8,1758,無,,,是,25.407,25.407,0,0,69.19,69.19,69.19,69.19,含增建/未登記,陽台外推；其他增建；,a_114S4.csv
RPPNMLTJOHKGFFA48EA,大安區,大安區安和路二段213號三樓之1,2025-05-28,住宅大樓,住家用,3,17,39.9,3380,無,,,是,40.7982,30.9518,4.0717,5.7747,82.85,109.2,96.51,82.85,,,a_114S2.csv
RPQNMLKKPHKGFDA67EA,信義區,信義區基隆路一段380巷46號九樓,2025-05-28,住宅大樓,住家用,9,12,41.7,2752,無,,,是,32.2949,21.0601,2.1992,9.0357,85.21,130.67,118.32,85.21,,,a_114S3.csv
RPQNMLKLOHKGFFA77DA,大安區,大安區信義路四段199巷11號五樓,2025-05-28,華廈,住家用,5,7,45.6,5150,無,,,是,59.4201,50.9561,8.464,0,86.67,101.07,86.67,86.67,含增建/未登記,陽台外推；其他增建；,a_114S3.csv
RPQOMLLKOHKGFFA87DA,大安區,大安區敦化南路一段187巷15號三樓,2025-05-27,華廈,住家用,3,7,48.5,5200,無,,,是,60.013,50.9168,0,9.0962,86.65,102.13,102.13,86.65,,,a_114S3.csv
RPUNMLQKOHKGFFA78EA,大安區,大安區嘉興街347巷2號四樓,2025-05-27,公寓,住家用,4,5,44.8,2900,無,,,是,43.0427,37.1561,5.8867,0,67.37,78.05,67.37,67.37,,,a_114S3.csv
RPPNMLNKIIKGFFA47EA,大安區,大安區仁愛路四段341號十三樓,2025-05-26,住宅大樓,住家用,13,15,50.4,9600,無,,,是,74.4967,69.6355,0,4.8612,128.86,137.86,137.86,128.86,,,a_114S4.csv
RPSNMLLKPHKGFFA08DA,大安區,大安區大安路一段169巷6號五樓之1,2025-05-25,華廈,住家用,5,7,48.3,5900,無,,,是,56.0291,43.799,7.3871,4.843,105.3,134.71,115.27,105.3,含增建/未登記,陽台外推；,a_114S3.csv
RPXNMLLJPHKGFFA48DA,大安區,大安區大安路一段191號六樓,2025-05-24,華廈,住家用,6,7,47.4,4888,無,,,是,55.9323,40.6651,7.1904,8.0768,87.39,120.2,102.14,87.39,含增建/未登記,陽台外推；,a_114S3.csv
RPSPMLQKOHKGFFA68DA,大安區,大安區延吉街62巷9號二樓,2025-05-24,華廈,住家用,2,7,37.4,4100,無,,,是,47.2021,37.6764,6.3737,3.1521,86.86,108.82,93.08,86.86,,,a_114S3.csv
RPPNMLPLOHKGFDA97DA,信義區,信義區基隆路一段380巷32號四樓,2025-05-22,住宅大樓,住家用,4,12,41.7,1450,無,,,是,14.9707,9.4562,1.4066,4.108,96.86,153.34,133.48,96.86,含增建/未登記,陽台外推；,a_114S3.csv
RPPNMLSJPHKGFFA38DA,大安區,大安區安和路二段44巷17號四樓,2025-05-18,華廈,住家用,4,7,40.1,3468,無,,,是,31.5568,24.4481,2.0449,5.0639,109.9,141.85,130.9,109.9,,,a_114S3.csv
RPUNMLLJPHKGFFA18DA,大安區,大安區光復南路656號十八樓,2025-05-17,住宅大樓,住家用,18,19,16.9,9000,有,400,15.1492,是,86.4454,45.3417,5.2272,20.7273,120.62,189.67,170.06,104.11,,,a_114S3.csv
RPPOMLQKPHKGFFA38DA,大安區,大安區光復南路240巷1號六樓,2025-05-15,住宅大樓,住家用,6,12,46.9,6800,無,,,是,58.4612,46.3642,4.3076,7.7894,116.32,146.66,134.2,116.32,含增建/未登記,陽台外推；其他增建；,a_114S3.csv
RPTNMLTJOHKGFFA78DA,大安區,大安區忠孝東路四段216巷29號三樓之4,2025-05-14,華廈,住家用,3,7,49.2,4628,無,,,是,50.7051,46.337,0,4.3681,91.27,99.88,99.88,91.27,含增建/未登記,陽台外推；,a_114S3.csv
RPTNMLKKOHKGFFA97DA,大安區,大安區復興南路一段132號十五樓之3,2025-05-14,住宅大樓,住家用,15,15,1.1,2113,有,250,5.1123,是,16.5468,6.0319,0.9559,4.4468,162.93,308.86,266.61,127.7,頂樓,,a_114S3.csv
RPPNMLLKPHKGFFA77DA,大安區,大安區通化街120巷5號三樓,2025-05-12,公寓,住家用,3,4,47.5,2540,無,,,是,33.7106,27.7695,5.9411,0,75.35,91.47,75.35,75.35,,,a_114S3.csv
RPVNMLOJPHKGFFA58DA,大安區,大安區復興南路一段342號八樓之6,2025-05-11,住宅大樓,住家用,8,15,1.5,4752,有,370,10.3364,是,37.9275,16.7131,2.8889,7.989,158.82,262.19,223.55,125.29,,,a_114S3.csv
RPRNMLNLNHKGFFA08DA,大安區,大安區信義路四段98號十一樓,2025-05-11,住宅大樓,住家用,11,12,35.6,2100,無,,,是,17.5359,12.1605,1.8513,3.5241,119.75,172.69,149.87,119.75,含增建/未登記,陽台外推；,a_114S3.csv
RPQNMLLLNHKGFFA77DA,大安區,大安區和平東路三段1巷32號七樓,2025-05-11,住宅大樓,住家用,7,15,40,2560,無,,,是,31.3148,22.7268,2.6106,5.9774,81.75,112.64,101.04,81.75,,,a_114S2.csv
RPSOMLQKOHKGFFA58DA,大安區,大安區復興南路二段171巷18號九樓,2025-05-11,住宅大樓,住家用,9,19,40,3250,無,,,是,39.0497,29.3516,3.2882,6.41,83.23,110.73,99.57,83.23,含增建/未登記,陽台外推；其他增建；,a_114S3.csv
RPPNMLTKQHKGFFA68DA,大安區,大安區大安路一段19巷12號四樓,2025-05-11,華廈,住家用,4,7,48.7,3286,無,,,是,36.5178,36.5178,0,0,89.98,89.98,89.98,89.98,含增建/未登記,其他增建；,a_114S4.csv
RPOOMLPLOHKGFFA18DA,大安區,大安區敦化南路二段10號五樓,2025-05-10,華廈,住家用,5,7,46.8,3760,無,,,是,27.1131,20.4581,4.3288,2.3262,138.68,183.79,151.69,138.68,含增建/未登記,陽台外推；,a_114S3.csv
RPUOMLQLNHKGFFA78DA,大安區,大安區敦化南路二段98號十一樓,2025-05-10,住宅大樓,住家用,11,26,39.4,6988,有,550,18.268,是,73.441,40.4261,6.1831,8.5638,116.69,159.25,138.13,95.15,含增建/未登記,陽台外推；其他增建；,a_114S3.csv
RPTNMLOKQHKGFFA58DA,大安區,大安區敦化南路二段128號八樓之2,2025-05-09,住宅大樓,住家用,8,16,46.2,5238,無,,,是,51.1104,40.3384,3.6603,7.1118,102.48,129.85,119.05,102.48,含增建/未登記,其他增建；,a_114S4.csv
RPQNMLMLNHKGFFA97EA,大安區,大安區安和路149號四樓之1,2025-05-09,住宅大樓,住家用,4,12,44.6,6260,無,,,是,57.2996,42.5648,5.0155,9.7193,109.25,147.07,131.57,109.25,,,a_114S2.csv
RPVNMLNJOHKGFFA38DA,大安區,大安區復興南路一段342號十一樓之8,2025-05-08,住宅大樓,住家用,11,15,1.5,3865,無,,,是,23.1806,13.4401,3.1188,6.6217,166.73,287.57,233.41,166.73,,,a_114S2.csv
RPRNMLTLNHKGFFA68DA,大安區,大安區復興南路一段342號五樓之7,2025-05-07,住宅大樓,住家用,5,15,1.5,3750,有,330,11.4073,是,34.969,13.4401,3.385,6.7367,145.15,254.46,203.27,107.24,其他備註,交易總價：3750萬元整內含車位價土地價格：26029495元整、建物價格：11470505元整,a_114S3.csv
RPTNMLOKPHKGFFA48DA,大安區,大安區四維路52巷1號二樓,2025-05-07,華廈,住家用,2,6,52.9,3800,無,,,是,45.3054,45.3054,0,0,83.88,83.88,83.88,83.88,,,a_114S3.csv
RPPOMLLKOHKGFFA77DA,大安區,大安區瑞安街276巷5號四樓,2025-05-06,華廈,住家用,4,6,48,3736,無,,,是,34.0343,30.6312,3.4031,0,109.77,121.97,109.77,109.77,,,a_114S3.csv
RPXNMLKLQHKGFFA68DA,大安區,大安區敦化南路二段63巷53弄4號六樓,2025-05-04,華廈,住家用,6,7,40.9,3950,無,,,是,44.888,36.0429,4.2532,4.592,88,109.59,98.02,88,含增建/未登記,陽台外推；,a_114S3.csv
RPUNMLTKOHKGFFA98DA,大安區,大安區光復南路692巷15號,2025-05-04,公寓,住家用,1,4,51.3,1430,無,,,是,16.5165,16.5165,0,0,86.58,86.58,86.58,86.58,含增建/未登記、一樓,其他增建；,a_114S3.csv
RPRNMLRLNHKGFDA28DA,信義區,信義區光復南路567號十二樓之16,2025-05-03,住宅大樓,住家用,12,18,16.8,1608,無,,,是,13.0045,7.8499,0.5838,4.5708,123.65,204.84,190.66,123.65,含增建/未登記,陽台外推；,a_114S2.csv
RPOOMLLKOHKGFFA67DA,大安區,大安區復興南路一段342號十一樓之2,2025-05-01,住宅大樓,住家用,11,15,1.5,5800,有,,11.4073,否,47.2535,22.6482,3.1521,10.046,,,,122.74,,,a_114S3.csv
RPTNMLSKPHKGFFA88DA,大安區,大安區仁愛路四段112巷12號三樓,2025-04-30,華廈,住家用,3,7,41.4,4250.8096,無,,,是,51.7759,34.842,7.3659,9.5681,82.1,122,100.71,82.1,其他備註,土地價格新台幣41137896元建物價格新台幣1370200元,a_114S3.csv
RPPNMLPLOHKGFFA18DA,大安區,大安區復興南路一段342號四樓之1,2025-04-28,住宅大樓,住家用,4,15,1.4,7380,有,760,28.7647,是,73.6134,29.3546,2.8133,12.6808,147.61,225.52,205.8,100.25,,,a_114S3.csv
RPQNMLTLNHKGFFA58DA,大安區,大安區敦化南路二段267號八樓之7,2025-04-27,住宅大樓,住家用,8,17,45.9,1808,無,,,是,14.7681,10.4393,2.5894,1.7394,122.43,173.19,138.77,122.43,含增建/未登記,陽台外推；其他增建；,a_114S3.csv
RPRNMLSJOHKGFFA48DA,大安區,大安區忠孝東路四段216巷11弄20號三樓,2025-04-26,華廈,住家用,3,7,48.2,4060,無,,,是,42.9611,39.9028,0,3.0583,94.5,101.75,101.75,94.5,含增建/未登記,其他增建；,a_114S3.csv
RPVNMLNLOHKGFDA38DA,信義區,信義區光復南路551號六樓之3,2025-04-26,住宅大樓,住家用,6,12,36.4,1466,無,,,是,15.0252,10.4665,1.3764,3.1823,97.57,140.07,123.79,97.57,含增建/未登記,陽台外推；其他增建；,a_114S3.csv
RPSNMLQKOHKGFFA48DA,大安區,大安區安和路二段92號十四樓之2,2025-04-25,住宅大樓,住家用,14,25,35.7,6768,無,,,是,69.088,47.7769,11.6221,9.6891,97.96,141.66,113.94,97.96,含增建/未登記,陽台外推；,a_114S3.csv
RPWNMLOLMHKGFFA58DA,大安區,大安區大安路一段19巷9號七樓,2025-04-24,華廈,住家用,7,7,48.6,3300,無,,,是,36.5481,36.5481,0,0,90.29,90.29,90.29,90.29,頂樓,,a_114S3.csv
RPVNMLSJNHKGFFA78DA,大安區,大安區敦化南路一段270巷10號五樓之1,2025-04-22,華廈,住家用,5,7,47.6,4572.1688,無,,,是,51.3887,40.7831,5.3845,5.2212,88.97,112.11,99.03,88.97,,,a_114S2.csv
RPXNMLTJNHKGFFA09DA,大安區,大安區光復南路574號十樓,2025-04-20,住宅大樓,住家用,10,12,41.3,3098,無,,,是,36.4331,26.9891,4.5315,4.9126,85.03,114.79,98.29,85.03,,,a_114S2.csv
RPTNMLSLNHKGFFA78DA,大安區,大安區通安街71號七樓之1,2025-04-19,華廈,住家用,7,7,43.3,2630,無,,,是,31.7504,22.5937,5.4117,3.745,82.83,116.4,93.91,82.83,含增建/未登記、頂樓,陽台外推；其他增建；,a_114S3.csv
RPQNMLRJPHKGFDA18DA,信義區,信義區信安街165號三樓,2025-04-17,住宅大樓,住家用,3,12,41.8,2363,無,,,是,36.1457,25.5552,4.6948,5.8957,65.37,92.47,78.12,65.37,,,a_114S4.csv
RPVNMLQLOHKGFDA68DA,信義區,信義區松勤街8號七樓,2025-04-16,華廈,住家用,7,7,36,2700,無,,,是,35.4016,23.955,4.1564,7.2903,76.27,112.71,96.05,76.27,特殊關係、含增建/未登記、頂樓,親友、員工、共有人或其他特殊關係間之交易；頂樓加蓋；,a_114S3.csv
RPQOMLNKNHKGFDA87EA,信義區,信義區吳興街156巷25弄7之1號二樓,2025-04-15,華廈,住家用,2,6,35.4,920,無,,,是,46.8633,34.2642,4.2592,8.3399,19.63,26.85,23.88,19.63,特殊關係,親友、員工、共有人或其他特殊關係間之交易；,a_114S2.csv
RPPNMLTJNHKGFDA08DA,信義區,信義區吳興街156巷22弄13號三樓,2025-04-13,公寓,住家用,3,4,50.1,1770,無,,,是,27.5759,27.5759,0,0,64.19,64.19,64.19,64.19,含增建/未登記,陽台外推；其他增建；,a_114S2.csv
RPRNMLOJNHKGFDA77DA,信義區,信義區吳興街156巷22弄25號二樓,2025-04-12,公寓,住家用,2,4,50.1,2400,無,,,是,37.0079,37.0079,0,0,64.85,64.85,64.85,64.85,,,a_114S2.csv
RPSNMLOJNHKGFDA87DA,信義區,信義區吳興街156巷22弄25號三樓,2025-04-12,公寓,住家用,3,4,50.1,2400,無,,,是,37.0079,37.0079,0,0,64.85,64.85,64.85,64.85,,,a_114S2.csv
RPTNMLOJNHKGFDA97DA,信義區,信義區吳興街156巷22弄25號四樓,2025-04-12,公寓,住家用,4,4,50.1,2200,無,,,是,37.0079,37.0079,0,0,59.45,59.45,59.45,59.45,頂樓,,a_114S2.csv
RPXNMLOLMHKGFFA68DA,大安區,大安區延吉街261之1號七樓,2025-04-12,華廈,住家用,7,7,44.2,3480,無,,,是,48.0037,39.201,3.7903,5.0124,72.49,88.77,80.95,72.49,含增建/未登記、頂樓,陽台外推；頂樓加蓋；其他增建；,a_114S2.csv
RPSNMLLLNHKGFFA97DA,大安區,大安區忠孝東路四段112號三樓之2,2025-04-10,住宅大樓,住家用,3,12,49.6,1450,無,,,是,13.7426,12.1393,0,1.6033,105.51,119.45,119.45,105.51,含增建/未登記,陽台外推；,a_114S3.csv
RPRNMLTJMHKGFFA38DA,大安區,大安區光復南路240巷11號四樓,2025-04-09,住宅大樓,住家用,4,12,46.8,1800,無,,,是,19.9317,15.8692,1.4399,2.6227,90.31,113.43,103.99,90.31,特殊關係,親友、員工、共有人或其他特殊關係間之交易；,a_114S2.csv
RPVNMLOKMHKGFDA18DA,信義區,信義區光復南路417巷116號三樓,2025-04-09,公寓,住家用,3,5,46.6,3300,無,,,是,46.2371,40.3777,5.8594,0,71.37,81.73,71.37,71.37,,,a_114S2.csv
RPSNMLRKNHKGFDA28DA,信義區,信義區吳興街600巷100弄8號四樓,2025-04-09,公寓,住家用,4,4,48.4,868,無,,,是,22.7329,22.7329,0,0,38.18,38.18,38.18,38.18,含增建/未登記、頂樓,陽台外推；其他增建；,a_114S2.csv
RPXNMLPKMHKGFFA68DA,大安區,大安區信義路四段265巷21弄37號,2025-04-08,華廈,住家用,1,7,47.7,3000,無,,,是,39.2554,33.5321,1.5125,4.2108,76.42,89.47,85.61,76.42,含增建/未登記、一樓,其他增建；,a_114S2.csv
RPRNMLRKOHKGFDA28DA,信義區,信義區基隆路一段380巷22號十一樓,2025-04-06,住宅大樓,住家用,11,12,41.6,1615,無,,,是,14.9707,9.4562,1.4066,4.108,107.88,170.79,148.67,107.88,含增建/未登記,陽台外推；其他增建；,a_114S3.csv
RPQNMLOKMHKGFFA87DA,大安區,大安區復興南路一段132號十二樓之5,2025-04-06,住宅大樓,住家用,12,15,1,1780,無,,,是,11.3468,5.5963,1.4369,4.3137,156.87,318.07,253.09,156.87,,,a_114S2.csv
RPPNMLOLMHKGFFA87DA,大安區,大安區信義路三段147巷11弄7號四樓,2025-04-06,公寓,住家用,4,5,45.9,3050,無,,,是,27.5063,22.987,4.5194,0,110.88,132.68,110.88,110.88,,,a_114S2.csv
RPQNMLRKOHKGFFA38DA,大安區,大安區四維路52巷26號六樓,2025-03-31,華廈,住家用,6,7,48.1,4857,無,,,是,44.1559,36.9716,7.1844,0,110,131.37,110,110,含增建/未登記,陽台外推；其他增建；,a_114S3.csv
RPPNMLKMLHKGFFA47DA,大安區,大安區光復南路676巷10弄8號三樓,2025-03-30,公寓,住家用,3,4,50.3,1580,無,,,是,19.8047,19.8047,0,0,79.78,79.78,79.78,79.78,含增建/未登記,陽台外推；其他增建；,a_114S2.csv
RPVNMLOKMHKGFFA38DA,大安區,大安區忠孝東路四段126之10號,2025-03-26,住宅大樓,住家用,10,12,55.4,220,無,,,是,5.4722,5.4722,0,0,40.2,40.2,40.2,40.2,特殊關係,親友、員工、共有人或其他特殊關係間之交易；,a_114S2.csv
RPWNMLSKMHKGFDA68DA,信義區,信義區基隆路一段364巷26號五樓,2025-03-25,住宅大樓,住家用,5,12,41.5,1635,無,,,是,36.0792,23.9731,3.9234,8.1826,45.32,68.2,58.61,45.32,特殊關係,親友、員工、共有人或其他特殊關係間之交易；,a_114S2.csv
RPVOMLOJOHKGFDA38DA,信義區,信義區吳興街156巷25弄7號五樓,2025-03-24,華廈,住家用,5,6,35.3,1600,有,,,否,53.9116,41.2973,5.5932,7.021,,,,29.68,特殊關係,親友、員工、共有人或其他特殊關係間之交易；,a_114S2.csv
RPTNMLNJOHKGFFA18DA,大安區,大安區忠孝東路四段216巷27弄15號三樓,2025-03-23,華廈,住家用,3,7,48.2,4030,無,,,是,37.8428,37.8428,0,0,106.49,106.49,106.49,106.49,含增建/未登記,陽台外推；,a_114S3.csv
RPRNMLQKMHKGFFA18DA,大安區,大安區忠孝東路四段216巷32弄1號五樓,2025-03-23,華廈,住家用,5,7,50.8,3920,無,,,是,42.9187,39.2615,0,3.6572,91.34,99.84,99.84,91.34,,,a_114S2.csv
RPSNMLOLMHKGFFA18DA,大安區,大安區復興南路一段132號六樓,2025-03-23,住宅大樓,住家用,6,15,0.9,2150,無,,,是,14.7166,8.6273,0.487,5.6023,146.09,249.21,235.89,146.09,,,a_114S2.csv
RPPOMLMJMHKGFFA57DA,大安區,大安區基隆路二段190號八樓之3,2025-03-20,住宅大樓,住家用,8,12,43.2,3224,無,,,是,44.168,31.6445,5.079,7.4445,72.99,101.88,87.79,72.99,,,a_114S2.csv
RPQOMLMLNHKGFFA97DA,大安區,大安區光復南路308巷21號五樓,2025-03-20,華廈,住家用,5,7,43.4,3200,有,,,否,47.1386,37.1349,5.3119,4.6918,,,,67.88,特殊關係,親友、員工、共有人或其他特殊關係間之交易；,a_114S2.csv
RPVNMLMJMHKGFFA08DA,大安區,大安區和平東路三段228巷15號四樓,2025-03-20,公寓,住家用,4,5,46.4,1830,無,,,是,32.1709,29.9384,2.2325,0,56.88,61.13,56.88,56.88,,,a_114S2.csv
RPQNMLSJNHKGFFA28DA,大安區,大安區和平東路三段103號十樓,2025-03-19,住宅大樓,住家用,10,12,39.1,2680,無,,,是,31.9864,23.6404,2.7679,5.5781,83.79,113.37,101.48,83.79,,,a_114S2.csv
RPPNMLSJMHKGFFA08DA,大安區,大安區復興南路二段171巷16號十八樓,2025-03-18,住宅大樓,住家用,18,19,39.8,3340,無,,,是,39.2948,29.5633,3.2882,6.4433,85,112.98,101.67,85,含增建/未登記,其他增建；,a_114S2.csv
RPSNMLQKMHKGFDA08DA,信義區,信義區基隆路一段380巷2號五樓之1,2025-03-16,住宅大樓,住家用,5,12,41.5,3138,無,,,是,34.0948,22.503,3.9234,7.6684,92.04,139.45,118.74,92.04,含增建/未登記,陽台外推；其他增建；,a_114S2.csv
RPPNMLKMQHKGFFA97DA,大安區,大安區復興南路一段342號七樓之2,2025-03-16,住宅大樓,住家用,7,15,1.3,6780,有,350,11.4073,是,55.7538,29.4907,2.5259,12.3299,144.99,218.03,200.83,121.61,,,a_114S4.csv
RPWOMLLKNHKGFFA38DA,大安區,大安區忠孝東路四段205巷39號二樓,2025-03-14,華廈,住家用,2,6,38.2,6500,無,,,是,63.9485,52.3628,6.7488,4.837,101.64,124.13,109.96,101.64,其他備註,土地價款：新臺幣陸仟參佰伍拾萬元整     建物價款：新臺幣壹佰伍拾萬元整,a_114S2.csv
RPSNMLSLLHKGFFA58EA,大安區,大安區臨江街91號五樓之1,2025-03-14,華廈,商業用,5,8,25.6,1000,無,,,是,49.3105,30.6281,3.3275,15.3549,20.28,32.65,29.45,20.28,地上權/承租土地,向台北市政府承租土地；建物坐落地號：通化段二小段388地號；,a_114S2.csv
RPQNMLPLMHKGFDA87DA,信義區,信義區基隆路一段432號十二樓之3,2025-03-12,住宅大樓,住家用,12,15,42.8,2842,無,,,是,35.934,29.1973,0,6.7367,79.09,97.34,97.34,79.09,,,a_114S2.csv
RPQOMLNLMHKGFDA77DA,信義區,信義區基隆路一段364巷26號十樓之1,2025-03-11,住宅大樓,住家用,10,12,41.5,2520,無,,,是,31.4358,20.812,3.5453,7.0785,80.16,121.08,103.46,80.16,,,a_114S2.csv
RPTNMLRKMHKGFFA48DA,大安區,大安區復興南路一段342號四樓之3,2025-03-11,住宅大樓,住家用,4,15,1.3,6188,有,,11.4073,否,48.3637,24.684,1.7696,10.5028,,,,127.95,,,a_114S2.csv
RPUNMLSLMHKGFFA78DA,大安區,大安區復興南路二段171巷24號七樓,2025-03-11,住宅大樓,住家用,7,19,39.8,3920,無,,,是,44.8275,33.5836,3.7873,7.4566,87.45,116.72,104.89,87.45,含增建/未登記,陽台外推；,a_114S2.csv
RPRNMLPKNHKGFDA97DA,信義區,信義區信義路四段375號十二樓之6,2025-03-10,住宅大樓,住家用,12,12,47.9,3636,無,,,是,42.2744,32.9755,3.3215,5.9774,86.01,110.26,100.17,86.01,頂樓,,a_114S2.csv
RPSNMLKMMHKGFDA67DA,信義區,信義區吳興街600巷100弄6號四樓,2025-03-08,公寓,住家用,4,4,48.3,1425,無,,,是,28.2717,28.2717,0,0,50.4,50.4,50.4,50.4,含增建/未登記、頂樓,陽台外推；其他增建；,a_114S2.csv
RPOOMLRJMHKGFDA77DA,信義區,信義區吳興街223號五樓,2025-03-07,華廈,住家用,5,7,32.8,4156,無,,,是,51.9635,41.9447,5.7112,4.3076,79.98,99.08,87.21,79.98,,,a_114S2.csv
RPPNMLSLMHKGFFA38EA,大安區,大安區通化街123巷6號四樓,2025-03-07,公寓,住家用,4,5,45.7,1400,無,,,是,35.6527,30.374,5.2786,0,39.27,46.09,39.27,39.27,特殊關係,親友、員工、共有人或其他特殊關係間之交易；,a_114S2.csv
RPTNMLLMLHKGFDA77DA,信義區,信義區吳興街156巷33弄6號二樓,2025-03-07,公寓,住家用,2,4,48.4,1200,無,,,是,26.2752,26.2752,0,0,45.67,45.67,45.67,45.67,特殊關係,親友、員工、共有人或其他特殊關係間之交易；,a_114S2.csv
RPUNMLOKMHKGFFA28DA,大安區,大安區通安街118巷4號三樓,2025-03-07,華廈,住家用,3,9,25.2,5000,有,,,否,63.3949,34.8964,3.019,25.4796,,,,78.87,,,a_114S2.csv
RPQNMLLLMHKGFDA57EA,信義區,信義區忠孝東路四段559巷16弄17之1號五樓,2025-03-06,華廈,住家用,5,6,36.8,3875,無,,,是,39.3976,30.3166,3.1006,5.9804,98.36,127.82,115.96,98.36,,,a_114S2.csv
RPPNMLRKNHKGFFA18DA,大安區,大安區復興南路一段135巷17號二樓之2,2025-03-06,住宅大樓,住家用,2,12,52.1,2350,無,,,是,23.4831,18.7429,0,4.7402,100.07,125.38,125.38,100.07,,,a_114S2.csv
RPPNMLMLLHKGFFA57DA,大安區,大安區通化街171巷15號六樓,2025-03-06,華廈,住家用,6,7,40.9,3000,無,,,是,33.8074,28.2565,3.0069,2.544,88.74,106.17,95.96,88.74,特殊關係,親友、員工、共有人或其他特殊關係間之交易；,a_114S2.csv
RPSNMLPKMHKGFFA18DA,大安區,大安區安和路二段92號九樓之3,2025-03-04,住宅大樓,住家用,9,25,35.6,6900,有,400,10.9687,是,73.4379,44.3495,9.1385,8.9812,104.05,146.56,121.52,93.96,,,a_114S2.csv
RPRNMLKLNHKGFFA77DA,大安區,大安區通化街123巷15號二樓,2025-03-03,公寓,住家用,2,5,46.5,704,無,,,是,22.2217,18.2135,4.0081,0,31.68,38.65,31.68,31.68,特殊關係、含增建/未登記,親友、員工、共有人或其他特殊關係間之交易；陽台外推；,a_114S2.csv
RPTTMLMKNHKGFDA48DA,信義區,信義區基隆路一段364巷38號六樓之1,2025-03-03,住宅大樓,住家用,6,12,41.5,3100,無,,,是,32.2949,21.0601,2.1992,9.0357,95.99,147.2,133.28,95.99,,,a_114S2.csv
RPQNMLTLLHKGFFA38DA,大安區,大安區通化街39巷23號五樓之1,2025-03-02,公寓,住家用,5,5,39.4,1820,無,,,是,27.3067,20.9875,2.5047,3.8145,66.65,86.72,77.47,66.65,含增建/未登記、頂樓,陽台外推；頂樓加蓋；其他增建；,a_114S2.csv
RPPNMLQLLHKGFFA97DA,大安區,大安區光復南路98之3號八樓,2025-03-01,住宅大樓,住家用,8,12,37.3,4428,無,,,是,36.9564,26.6019,4.8309,5.5237,119.82,166.45,140.87,119.82,,,a_114S2.csv
RPQNMLKLLHKGFFA57EA,大安區,大安區忠孝東路四段216巷33弄9號五樓,2025-02-27,華廈,住家用,5,7,48.1,3780,無,,,是,41.5363,37.3436,0,4.1927,91,101.22,101.22,91,,,a_114S3.csv
RPUNMLOJOHKGFFA38DA,大安區,大安區安和路一段79號十樓,2025-02-27,住宅大樓,住家用,10,12,40.2,4300,無,,,是,33.4686,24.9079,3.4969,5.0639,128.48,172.64,151.38,128.48,,,a_114S2.csv
RPOOMLRJMHKGFFA97DA,大安區,大安區忠孝東路四段181巷7弄21號二樓,2025-02-25,華廈,住家用,2,7,56.4,2388,無,,,是,21.4805,17.3393,1.7787,2.3625,111.17,137.72,124.91,111.17,含增建/未登記,其他增建；,a_114S2.csv
RPQNMLTKNHKGFDA28DA,信義區,信義區吳興街352號四樓之1,2025-02-22,華廈,住家用,4,7,42.2,2300,無,,,是,25.9152,19.6292,2.6227,3.6633,88.75,117.17,103.36,88.75,,,a_114S2.csv
RPPNMLTKLHKGFFA18DA,大安區,大安區延吉街156號三樓之1,2025-02-22,華廈,住家用,3,7,45.5,3500,無,,,是,36.1639,27.9147,2.3202,5.929,96.78,125.38,115.76,96.78,含增建/未登記,陽台外推；其他增建；,a_114S2.csv
RPOOMLNKNHKGFFA77DA,大安區,大安區和平東路三段280號四樓之1,2025-02-22,住宅大樓,住家用,4,12,38.9,2700,無,,,是,35.6315,26.2298,3.8297,5.5721,75.78,102.94,89.82,75.78,,,a_114S2.csv
RPQNMLPLLHKGFFA97DA,大安區,大安區復興南路一段253巷8號三樓之1,2025-02-21,住宅大樓,住家用,3,14,46.1,4000,有,,,否,54.2262,43.9139,5.2786,5.0336,,,,73.77,特殊關係,親友、員工、共有人或其他特殊關係間之交易；,a_114S2.csv
RPUNMLKLLHKGFFA87DA,大安區,大安區信義路四段265巷32號六樓之1,2025-02-21,華廈,住家用,6,7,47.2,1500,無,,,是,20.4793,16.8553,1.8906,1.7333,73.24,88.99,80.02,73.24,含增建/未登記,陽台外推；,a_114S2.csv
RPWNMLQJLHKGFDA28DA,信義區,信義區基隆路一段364巷38號八樓之1,2025-02-20,住宅大樓,住家用,8,12,41.4,2680,無,,,是,32.2949,21.0601,2.1992,9.0357,82.99,127.26,115.22,82.99,,,a_114S1.csv
RPSNMLNLOHKGFDA08DA,信義區,信義區嘉興街305巷3號四樓,2025-02-20,公寓,住家用,4,4,56.4,1650,無,,,是,21.4957,14.272,7.2237,0,76.76,115.61,76.76,76.76,含增建/未登記、頂樓,其他增建；,a_114S3.csv
RPRNMLMLMHKGFDA67DA,信義區,信義區吳興街361巷2號二樓,2025-02-20,公寓,住家用,2,4,48.6,1179,無,,,是,15.0433,15.0433,0,0,78.37,78.37,78.37,78.37,含增建/未登記,陽台外推；,a_114S2.csv
RPUNMLLKLHKGFFA87DA,大安區,大安區光復南路420巷20號七樓,2025-02-18,華廈,住家用,7,7,44.2,4360,無,,,是,44.0107,32.4492,5.5146,6.047,99.07,134.36,114.85,99.07,含增建/未登記、頂樓,陽台外推；其他增建；,a_114S2.csv
RPRNMLPLNHKGFFA28DA,大安區,大安區敦化南路二段98號十六樓,2025-02-14,住宅大樓,住家用,16,26,39.2,2600,無,,,是,147.1239,116.0541,12.5961,18.4737,17.67,22.4,20.21,17.67,特殊關係,親友、員工、共有人或其他特殊關係間之交易；,a_114S2.csv
RPQNMLPJLHKGFFA77DA,大安區,大安區安和路二段90號四樓,2025-02-14,住宅大樓,住家用,4,25,35.5,8200,有,400,,否,98.5545,61.7433,12.2966,24.5146,,,,83.2,含增建/未登記,陽台外推；其他增建；,a_114S2.csv
RPQNMLNKLHKGFDA47DA,信義區,信義區基隆路二段177號八樓之1,2025-02-12,住宅大樓,住家用,8,15,14.4,4200,有,300,11.7037,是,49.7582,21.2779,2.4684,14.3083,102.48,183.29,164.24,84.41,,,a_114S2.csv
RPQNMLRLKHKGFFA08DA,大安區,大安區敦化南路一段270巷10號四樓,2025-02-12,華廈,住家用,4,7,47.4,2680,無,,,是,81.5086,62.312,11.2016,7.9951,32.88,43.01,36.46,32.88,特殊關係、含增建/未登記,親友、員工、共有人或其他特殊關係間之交易；陽台外推；,a_114S1.csv
RPVNMLOLKHKGFFA28DA,大安區,大安區基隆路二段134之1號八樓,2025-02-09,住宅大樓,住家用,8,12,43.6,2738,無,,,是,31.3481,24.9986,2.3111,4.0384,87.34,109.53,100.26,87.34,含增建/未登記,陽台外推；其他增建；,a_114S2.csv
RPRNMLKLKHKGFFA47DA,大安區,大安區通化街134號二樓,2025-02-09,公寓,住家用,2,5,46.7,1020,無,,,是,12.3118,10.2124,2.0994,0,82.85,99.88,82.85,82.85,含增建/未登記,陽台外推；,a_114S2.csv
RPTNMLNJKHKGFFA77DA,大安區,大安區復興南路一段132號八樓之3,2025-01-23,住宅大樓,住家用,8,15,0.8,1780,無,,,是,11.4345,6.0319,0.9559,4.4468,155.67,295.1,254.73,155.67,,,a_114S2.csv
RPRNMLNKLHKGFFA77DA,大安區,大安區忠孝東路四段112號八樓之2,2025-01-21,住宅大樓,住家用,8,12,49.3,1495,無,,,是,12.6596,12.1393,0,0.5203,118.09,123.15,123.15,118.09,含增建/未登記,陽台外推；,a_114S2.csv
RPRNMLQLKHKGFFA08DA,大安區,大安區忠孝東路四段233號九樓之9,2025-01-20,住宅大樓,住家用,9,11,42.1,1720,無,,,是,15.1795,11.9004,0,3.2791,113.31,144.53,144.53,113.31,,,a_114S2.csv
RPSNMLSJKHKGFFA18DA,大安區,大安區仁愛路四段396號九樓,2025-01-20,住宅大樓,住家用,9,14,44.8,4166,無,,,是,36.2214,27.6394,4.6071,3.9749,115.02,150.73,129.19,115.02,含增建/未登記,其他增建；,a_114S1.csv
RPTNMLPKMHKGFDA08DA,信義區,信義區基隆路一段380巷2號十二樓之1,2025-01-19,住宅大樓,住家用,12,12,41.3,3068,無,,,是,34.0948,22.503,3.9234,7.6684,89.98,136.34,116.1,89.98,含增建/未登記、頂樓,陽台外推；其他增建；,a_114S3.csv
RPVNMLQLKHKGFDA28DA,信義區,信義區吳興街579號三樓,2025-01-18,華廈,住家用,3,7,32.9,3680,無,,,是,55.0641,43.2273,6.4251,5.4117,66.83,85.13,74.12,66.83,,,a_114S1.csv
RPTNMLSKLHKGFFA48DA,大安區,大安區敦化南路二段128號十六樓之3,2025-01-16,住宅大樓,住家用,16,16,45.9,4000,無,,,是,35.6708,25.7367,4.3197,5.6144,112.14,155.42,133.08,112.14,含增建/未登記、頂樓,陽台外推；其他增建；,a_114S2.csv
RPPNMLLLKHKGFFA47EA,大安區,大安區敦化南路一段261號五樓之1,2025-01-16,住宅大樓,住家用,5,14,42.6,6670,有,,,否,53.4971,41.4516,8.1766,3.869,,,,124.68,特殊關係,親友、員工、共有人或其他特殊關係間之交易；,a_114S1.csv
RPRRMLNKKHKGFFA08DA,大安區,大安區延吉街157之1號二樓,2025-01-15,華廈,住家用,2,7,43.3,4680,無,,,是,61.2744,49.8762,8.8905,2.5077,76.38,93.83,79.64,76.38,,,a_114S1.csv
RPPPMLSKLHKGFDA08DA,信義區,信義區光復南路567號十三樓之15,2025-01-15,住宅大樓,住家用,13,18,16.4,1788,無,,,是,13.0045,7.8499,0.5838,4.5708,137.49,227.77,212.01,137.49,含增建/未登記,陽台外推；夾層；,a_114S2.csv
RPQNMLPJKHKGFFA67DA,大安區,大安區通化街38巷22號四樓之2,2025-01-11,華廈,住家用,4,7,43.1,2288,無,,,是,27.2704,22.1884,1.7727,3.3094,83.9,103.12,95.49,83.9,含增建/未登記,陽台外推；其他增建；,a_114S1.csv
RPPNMLRLKHKGFFA08EA,大安區,大安區光復南路672號六樓之2,2025-01-09,住宅大樓,住家用,6,12,40.6,1780,無,,,是,16.4621,12.0546,1.3673,3.0401,108.13,147.66,132.62,108.13,含增建/未登記,陽台外推；,a_114S1.csv
RPPNMLSJKHKGFDA67DA,信義區,信義區吳興街600巷55弄5號二樓,2025-01-09,公寓,住家用,2,5,45.1,1280,無,,,是,29.2487,26.1511,3.0976,0,43.76,48.95,43.76,43.76,,,a_114S1.csv
RPOOMLKKLHKGFDA07DA,信義區,信義區光復南路551號六樓之2,2025-01-09,住宅大樓,住家用,6,12,36.2,1080,無,,,是,14.0209,9.1174,1.8241,3.0795,77.03,118.46,98.71,77.03,,,a_114S2.csv
RPQNMLOJKHKGFFA67EA,大安區,大安區敦化南路二段106號十一樓之1,2025-01-08,住宅大樓,住家用,11,26,39.1,1450,無,,,是,13.6004,9.6256,1.6789,2.296,106.61,150.64,128.27,106.61,特殊關係,親友、員工、共有人或其他特殊關係間之交易；,a_114S1.csv
RPXQMLRKMHKGFFA56DA,大安區,大安區忠孝東路四段101巷16號七樓,2025-01-08,華廈,住家用,7,8,56.2,4816,無,,,是,53.7452,49.0262,4.719,0,89.61,98.23,89.61,89.61,,,a_114S2.csv
RPPNMLOLKHKGFFA67DA,大安區,大安區復興南路一段132號八樓之1,2025-01-06,住宅大樓,住家用,8,15,0.8,1850,無,,,是,11.9609,7.4143,0,4.5466,154.67,249.52,249.52,154.67,,,a_114S1.csv
RPSNMLRKPHKGFFA68DA,大安區,大安區復興南路一段342號五樓之8,2025-01-05,住宅大樓,住家用,5,15,1.2,3500,無,,,是,22.993,13.5611,2.9252,6.5068,152.22,258.09,212.3,152.22,,,a_114S3.csv
RPTNMLTKKHKGFFA48DA,大安區,大安區忠孝東路四段126之10號,2025-01-03,住宅大樓,住家用,10,12,55.2,244,無,,,是,6.0712,6.0712,0,0,40.19,40.19,40.19,40.19,特殊關係,親友、員工、共有人或其他特殊關係間之交易；,a_114S1.csv
RPUNMLTKKHKGFFA58DA,大安區,大安區忠孝東路四段126之10號,2025-01-03,住宅大樓,住家用,10,12,55.2,244,無,,,是,6.0712,6.0712,0,0,40.19,40.19,40.19,40.19,特殊關係,親友、員工、共有人或其他特殊關係間之交易；,a_114S1.csv
RPPNMLNKKHKGFFA57EA,大安區,大安區敦化南路二段154巷3號五樓,2025-01-03,住宅大樓,住家用,5,19,39.8,3858,有,,,否,41.6573,24.3724,4.1836,13.1013,,,,92.61,,,a_114S1.csv
RPPNMLNKKHKGFFA47DA,大安區,大安區忠孝東路四段205巷19號七樓之1,2025-01-02,華廈,住家用,7,7,48.7,1500,無,,,是,18.0532,18.0532,0,0,83.09,83.09,83.09,83.09,含增建/未登記、頂樓,陽台外推；,a_114S1.csv
RPSNMLPKQHKGFFA58DA,大安區,大安區復興南路一段342號十一樓之3,2025-01-02,住宅大樓,住家用,11,15,1.2,3912,無,,,是,26.0785,17.2123,1.446,7.4203,150.01,227.28,209.67,150.01,,,a_114S3.csv
RPPNMLNKLHKGFFA67EA,大安區,大安區敦化南路二段55巷12號七樓,2024-12-31,華廈,住家用,7,7,43.8,2970,無,,,是,33.759,22.984,4.595,6.1801,87.98,129.22,107.69,87.98,含增建/未登記、頂樓,陽台外推；,a_114S2.csv
RPPNMLTKKHKGFFA18EA,大安區,大安區光復南路290巷55號七樓之1,2024-12-31,華廈,住家用,7,7,44.9,1800,無,,,是,19.9953,14.4686,2.7195,2.8072,90.02,124.41,104.72,90.02,頂樓,,a_114S1.csv
RPSOMLQLKIJGFDA18EA,信義區,信義區吳興街284巷65號六樓,2024-12-30,華廈,住家用,6,6,35,910,無,,,是,50.2453,37.9275,7.7501,4.5678,18.11,23.99,19.92,18.11,特殊關係、含增建/未登記、頂樓,親友、員工、共有人或其他特殊關係間之交易；陽台外推；頂樓加蓋；,a_114S1.csv
RPRNMLNJKHKGFFA57DA,大安區,大安區通化街202號五樓,2024-12-30,公寓,住家用,5,5,46.6,2800,無,,,是,41.0795,28.0115,13.068,0,68.16,99.96,68.16,68.16,含增建/未登記、頂樓,頂樓加蓋；,a_114S1.csv
RPPNMLOJLHKGFFA57DA,大安區,大安區敦化南路二段63巷13號六樓,2024-12-27,華廈,住家用,6,7,43.8,3820,無,,,是,33.2932,23.6767,4.7674,4.8491,114.74,161.34,134.3,114.74,含增建/未登記,陽台外推；,a_114S2.csv
RPPNMLMJJHKGFFA17DA,大安區,大安區忠孝東路四段250號八樓,2024-12-27,住宅大樓,住家用,8,12,49.7,2070,無,,,是,22.261,19.6807,0,2.5803,92.99,105.18,105.18,92.99,特殊關係,買方原有1/2權利範圍，再購買1/2權利範圍。親友、員工、共有人或其他特殊關係間之交易；,a_114S1.csv
RPXNMLPLKHKGFFA58DA,大安區,大安區忠孝東路四段60號九樓之2,2024-12-26,住宅大樓,住家用,9,12,49.7,3960,無,,,是,41.5514,38.7896,0,2.7618,95.3,102.09,102.09,95.3,含增建/未登記,陽台外推；其他增建；,a_114S2.csv
RPRNMLQJLHKGFFA97DA,大安區,大安區仁愛路四段50之63號,2024-12-23,住宅大樓,住家用,9,12,53.7,2988,無,,,是,17.1336,17.1336,0,0,174.39,174.39,174.39,174.39,含增建/未登記,陽台外推；,a_114S2.csv
RPUNMLRJJHKGFFA18DA,大安區,大安區光復南路290巷53號七樓,2024-12-18,華廈,住家用,7,7,44.9,4838,無,,,是,44.2104,33.4021,4.2048,6.6036,109.43,144.84,128.65,109.43,含增建/未登記、頂樓,頂樓加蓋；其他增建；,a_114S1.csv
RPTNMLOLKIJGFFA08DA,大安區,大安區忠孝東路四段233號九樓之17,2024-12-18,住宅大樓,住家用,9,11,42,1530,無,,,是,12.6808,9.2565,0.9166,2.5077,120.65,165.29,150.4,120.65,含增建/未登記,其他增建；,a_114S1.csv
RPVNMLLMKIJGFFA08DA,大安區,大安區敦化南路二段128號十一樓之7,2024-12-17,住宅大樓,住家用,11,16,45.8,3166,無,,,是,27.4458,20.0195,3.5332,3.8932,115.35,158.15,134.42,115.35,含增建/未登記,陽台外推；,a_114S1.csv
RPRNMLNKJHKGFFA57DA,大安區,大安區和平東路三段358號四樓,2024-12-15,公寓,住家用,4,4,47.6,1300,無,,,是,24.8806,23.5194,1.3613,0,52.25,55.27,52.25,52.25,頂樓,,a_114S1.csv
RPVNMLQJJHKGFFA18DA,大安區,大安區復興南路一段132號九樓之3,2024-12-14,住宅大樓,住家用,9,15,0.7,1800,無,,,是,11.4345,6.0319,0.9559,4.4468,157.42,298.42,257.59,157.42,,,a_114S1.csv
RPRNMLNJIIKGFFA57EA,大安區,大安區光復南路260巷52號五樓,2024-12-10,華廈,住家用,5,7,43,5000,無,,,是,44.1469,36.5239,5.0124,2.6106,113.26,136.9,120.38,113.26,特殊關係,親友、員工、共有人或其他特殊關係間之交易；,a_114S4.csv
RPWNMLNKJHKGFFA08DA,大安區,大安區忠孝東路四段112號十樓之8,2024-12-10,住宅大樓,住家用,10,12,49.2,2280,無,,,是,20.3492,18.0714,0,2.2778,112.04,126.17,126.17,112.04,含增建/未登記,其他增建；,a_114S1.csv
RPPNMLNLKIJGFFA57DA,大安區,大安區敦化南路二段81巷27號六樓,2024-12-09,華廈,住家用,6,7,44.2,4200,無,,,是,38.1785,28.8494,4.5012,4.8279,110.01,145.58,125.93,110.01,含增建/未登記,陽台外推；其他增建；,a_114S1.csv
RPRNMLNJJHKGFFA47DA,大安區,大安區敦化南路二段152之1號七樓,2024-12-09,住宅大樓,住家用,7,19,39.7,4058,無,,,是,40.3323,24.324,3.1309,12.8774,100.61,166.83,147.81,100.61,含增建/未登記,陽台外推；其他增建；,a_114S1.csv
RPSNMLRKJHKGFFA08DA,大安區,大安區復興南路二段236號十一樓之4,2024-12-08,住宅大樓,住家用,11,12,46.8,3560,無,,,是,36.542,28.4078,1.21,6.9242,97.42,125.32,120.2,97.42,,,a_114S1.csv
RPWNMLMJJHKGFFA87DA,大安區,大安區嘉興街398號二樓,2024-12-07,公寓,住家用,2,4,48.6,1750,無,,,是,29.524,29.524,0,0,59.27,59.27,59.27,59.27,,,a_114S1.csv
RPQPMLQKKIJGFFA08DA,大安區,大安區通化街123巷10號三樓,2024-12-07,公寓,住家用,3,5,45.4,1885,無,,,是,25.5855,22.3124,3.2731,0,73.67,84.48,73.67,73.67,含增建/未登記,陽台外推；其他增建；,a_114S1.csv
RPVOMLQKKIJGFFA48DA,大安區,大安區敦化南路二段144號五樓,2024-12-06,華廈,住家用,5,7,40.4,3667,無,,,是,33.9798,22.4516,2.8405,8.6878,107.92,163.33,144.99,107.92,,,a_114S1.csv
RPQOMLMJMHKGFFA67DA,大安區,大安區安和路一段99號十三樓之1,2024-12-06,住宅大樓,住家用,13,16,43.8,6680,無,,,是,64.2964,47.2626,5.6144,11.4194,103.89,141.34,126.33,103.89,,,a_114S2.csv
RPRNMLPKPHKGFFA38DA,大安區,大安區復興南路二段151巷30弄1號十三樓,2024-12-06,住宅大樓,住家用,13,19,39.6,2858,無,,,是,31.1666,22.863,2.5198,5.7838,91.7,125.01,112.6,91.7,含增建/未登記,其他增建；,a_114S3.csv
RPRPMLTKLHKGFDA38DA,信義區,信義區忠孝東路四段553巷28號六樓,2024-12-05,華廈,住家用,6,7,46.1,4341,無,,,是,37.7399,33.4686,4.2713,0,115.02,129.7,115.02,115.02,含增建/未登記,陽台外推；其他增建；,a_114S2.csv
RPVNMLOKJHKGFDA87DA,信義區,信義區吳興街118巷22號六樓,2024-12-03,華廈,住家用,6,7,40,2870,無,,,是,37.1531,30.6251,3.4697,3.0583,77.25,93.71,84.18,77.25,,,a_114S1.csv
RPOOMLOLKIJGFFA67DA,大安區,大安區復興南路二段290號二樓,2024-12-02,住宅大樓,住家用,2,12,47.2,2660,無,,,是,27.2341,17.4452,6.6671,3.1218,97.67,152.48,110.32,97.67,含增建/未登記,陽台外推；,a_114S1.csv
RPRNMLKKKIJGFFA47EA,大安區,大安區復興南路一段107巷5弄1號二樓,2024-11-29,住宅大樓,住家用,2,15,8.1,5150,有,400,9.314,是,44.1832,18.6007,3.6754,12.5931,136.22,255.37,213.23,116.56,,,a_114S1.csv
RPQNMLQLKIJGFFA08EA,大安區,大安區信義路四段258號十五樓,2024-11-27,住宅大樓,住家用,15,15,42,5088,有,,,否,56.7883,47.0539,3.1914,6.5431,,,,89.6,含增建/未登記、頂樓,頂樓加蓋；,a_114S1.csv
RPWNMLKKKHKGFFA87DA,大安區,大安區安和路一段80號十樓,2024-11-27,住宅大樓,住家用,10,12,47.6,6210,無,,,是,59.7075,47.668,7.9316,4.108,104.01,130.28,111.69,104.01,含增建/未登記,其他增建；,a_114S1.csv
RPPNMLLKKIJGFFA37EA,大安區,大安區光復南路346巷26號,2024-11-27,華廈,住家用,1,7,44.8,1834,無,,,是,18.3376,13.3251,3.0311,1.9814,100.01,137.63,112.13,100.01,特殊關係、含增建/未登記、一樓,親友、員工、共有人或其他特殊關係間之交易；其他增建；,a_114S1.csv
RPPOMLOKLHKGFFA77DA,大安區,大安區延吉街241巷2弄11號七樓,2024-11-24,華廈,住家用,7,7,42.3,3995,無,,,是,41.618,28.5318,4.0807,9.0054,95.99,140.02,122.5,95.99,含增建/未登記、頂樓,頂樓加蓋；,a_114S2.csv
RPQNMLSKKIJGFFA18EA,大安區,大安區光復南路260巷54號二樓,2024-11-22,華廈,住家用,2,7,42.9,4300,無,,,是,48.1126,41.3245,5.0639,1.7243,89.37,104.05,92.7,89.37,含增建/未登記,陽台外推；,a_114S1.csv
RPQNMLQLKIJGFFA97DA,大安區,大安區復興南路二段171巷18號四樓,2024-11-20,住宅大樓,住家用,4,19,39.5,3100,無,,,是,39.0497,29.3516,3.2882,6.41,79.39,105.62,94.98,79.39,,,a_114S1.csv
RPQNMLQJJHKGFFA77EA,大安區,大安區安和路二段5號七樓,2024-11-19,住宅大樓,住家用,7,12,43.2,1868,無,,,是,17.7537,13.5157,0,4.238,105.22,138.21,138.21,105.22,,,a_114S1.csv
RPSQMLMKOHKGFFA38DA,大安區,大安區敦化南路二段81巷61號二樓,2024-11-18,華廈,住家用,2,7,43.4,3810,無,,,是,34.9478,26.5807,5.1818,3.1853,109.02,143.34,119.95,109.02,含增建/未登記,陽台外推；其他增建；,a_114S3.csv
RPRNMLOLKIJGFFA97EA,大安區,大安區臨江街91號七樓,2024-11-18,華廈,商業用,7,8,25.2,950,無,,,是,39.7818,23.2048,4.7795,11.7975,23.88,40.94,33.95,23.88,其他備註,土地所有權屬台北市市場處；建物坐落地號：通化段二小段388地號；,a_114S1.csv
RPPNMLQLJIJGFFA87EA,大安區,大安區仁愛路四段345巷2弄1號二樓,2024-11-14,華廈,住家用,2,7,52.1,5888,無,,,是,53.6847,53.6847,0,0,109.68,109.68,109.68,109.68,,,a_113S4.csv
RPUNMLOLRHJGFFA88EA,大安區,大安區光復南路180巷14號四樓,2024-11-14,住宅大樓,住家用,4,12,50.2,6688,無,,,是,63.3465,59.8073,0,3.5393,105.58,111.83,111.83,105.58,,,a_113S4.csv
RPQNMLQLJIJGFFA97EA,大安區,大安區敦化南路一段179號七樓,2024-11-14,住宅大樓,住家用,7,14,42.5,10000,有,,12.2029,否,107.4299,83.006,10.6601,1.5609,,,,93.08,特殊關係,親友、員工、共有人或其他特殊關係間之交易；,a_113S4.csv
RPPNMLRJJHKGFFA77EA,大安區,大安區敦化南路二段200巷20號十一樓,2024-11-11,住宅大樓,住家用,11,11,34.5,4120,無,,,是,34.9206,29.6662,3.2368,2.0177,117.98,138.88,125.22,117.98,頂樓,,a_114S1.csv
RPQNMLNJKHKGFFA47DA,大安區,大安區和平東路三段103號十一樓,2024-11-11,住宅大樓,住家用,11,12,38.8,2710,無,,,是,31.9864,23.6404,2.7679,5.5781,84.72,114.63,102.62,84.72,含增建/未登記,陽台外推；,a_114S1.csv
RPUNMLQLKHKGFFA38DA,大安區,大安區通化街171巷19號五樓,2024-11-10,華廈,住家用,5,7,40.6,2880,無,,,是,34.0645,27.6697,2.6045,3.7903,84.55,104.09,95.13,84.55,含增建/未登記,陽台外推；,a_114S1.csv
RPQQMLNKJIJGFFA77DA,大安區,大安區樂利路28巷2之1號三樓,2024-11-09,公寓,住家用,3,5,40.9,3268,無,,,是,43.2061,33.3234,4.4558,5.4269,75.64,98.07,86.5,75.64,含增建/未登記,其他增建；,a_114S1.csv
RPOOMLTLJIJGFFA08DA,大安區,大安區信義路三段41號八樓,2024-11-06,住宅大樓,住家用,8,12,40.1,7300,無,,,是,44.649,35.208,2.4472,6.9938,163.5,207.34,193.86,163.5,,,a_114S1.csv
RPPNMLPKJHKGFFA57DA,大安區,大安區復興南路一段107巷5弄8號四樓,2024-11-05,公寓,住家用,4,4,55.7,4200,無,,,是,50.3209,42.71,7.6109,0,83.46,98.34,83.46,83.46,含增建/未登記、頂樓,頂樓加蓋；其他增建；,a_114S1.csv
RPPOMLKLKHKGFFA37DA,大安區,大安區延吉街241巷2弄13號七樓,2024-11-03,華廈,住家用,7,7,42.3,3780,無,,,是,38.6262,26.7894,3.5453,8.2915,97.86,141.1,124.61,97.86,含增建/未登記、頂樓,頂樓加蓋；,a_114S2.csv
RPSNMLNJKIJGFDA47DA,信義區,信義區光復南路417巷52號,2024-11-03,公寓,住家用,1,5,45.7,4068,無,,,是,30.0171,25.2376,4.7795,0,135.52,161.19,135.52,135.52,含增建/未登記、一樓,其他增建；,a_114S1.csv
RPTNMLLLJHKGFFA67DA,大安區,大安區忠孝東路四段178之1號七樓,2024-10-31,住宅大樓,住商用,7,12,46.7,5800,無,,,是,59.3233,49.1895,4.4861,5.6477,97.77,117.91,108.06,97.77,含增建/未登記,陽台外推；其他增建；,a_114S1.csv
RPQNMLTKKIJGFFA18DA,大安區,大安區通化街140巷16弄9號二樓,2024-10-30,公寓,住家用,2,3,30.9,1900,無,,,是,28.0266,26.8862,0,1.1404,67.79,70.67,70.67,67.79,,,a_114S1.csv
RPQNMLPLJIJGFFA77DA,大安區,大安區信義路四段263號三樓,2024-10-29,住宅大樓,住家用,3,14,47.4,3538,無,,,是,29.7842,25.3404,4.4437,0,118.79,139.62,118.79,118.79,含增建/未登記,陽台外推；其他增建；,a_114S1.csv
RPQNMLMJKIJGFFA37DA,大安區,大安區敦化南路二段63巷54弄4號七樓,2024-10-28,華廈,住家用,7,7,40.3,3800,無,,,是,35.9673,29.9989,2.5985,3.3699,105.65,126.67,116.57,105.65,特殊關係、含增建/未登記、頂樓,親友、員工、共有人或其他特殊關係間之交易；陽台外推；頂樓加蓋；,a_113S4.csv
RPPNMLLKJIJGFFA27EA,大安區,大安區延吉街131巷12號四樓,2024-10-28,華廈,住家用,4,7,44.1,2100,無,,,是,43.4511,29.9475,8.3823,5.1213,48.33,70.12,54.79,48.33,特殊關係,親友、員工、共有人或其他特殊關係間之交易；,a_113S4.csv
RPQOMLLKKHKGFDA27DA,信義區,信義區吳興街284巷28弄29號二樓,2024-10-27,華廈,住家用,2,6,34.8,2280,無,,,是,38.4568,29.763,4.8067,3.8871,59.29,76.61,65.95,59.29,,,a_114S1.csv
RPSNMLMJKIJGFFA57DA,大安區,大安區忠孝東路四段178之1號五樓,2024-10-26,住宅大樓,住商用,5,12,46.7,6100,有,550,15.5909,否,74.9141,63.649,4.4861,0,,,,81.43,含增建/未登記、車位面積口徑異常,陽台外推；其他增建；,a_114S1.csv
RPVOMLTJKIJGFFA68DA,大安區,大安區和平東路二段118巷2弄22號二樓,2024-10-26,公寓,住家用,2,5,46.8,3000,無,,,是,30.4739,26.4476,4.0263,0,98.45,113.43,98.45,98.45,,,a_114S1.csv
RPPNMLPJKIJGFFA57DA,大安區,大安區臨江街87號五樓,2024-10-26,華廈,商業用,5,8,25.2,985,無,,,是,42.7796,24.8262,4.0868,13.8666,23.03,39.68,34.07,23.03,含增建/未登記,僅有建物交易。；建物坐落地號：通化段二小段388地號；其他增建；,a_114S1.csv
RPPNMLMJKIJGFFA27DA,大安區,大安區仁愛路四段33號十二樓之3,2024-10-22,住宅大樓,住家用,12,12,47.9,4100,無,,,是,37.6068,26.8136,5.7052,5.0881,109.02,152.91,126.08,109.02,含增建/未登記、頂樓,陽台外推；,a_114S1.csv
RPRNMLOLIIJGFDA47DA,信義區,信義區基隆路二段149號四樓之2,2024-10-22,住宅大樓,住家用,4,15,10,3000,有,,4.2048,否,34.9236,17.7386,3.2852,9.6951,,,,85.9,特殊關係,親友、員工、共有人或其他特殊關係間之交易；,a_113S4.csv
RPVOMLOJKIJGFFA18DA,大安區,大安區敦化南路二段128號十五樓,2024-10-21,住宅大樓,住家用,15,16,45.7,3500,無,,,是,33.8558,24.445,4.3197,5.0911,103.38,143.18,121.68,103.38,含增建/未登記,陽台外推；,a_113S4.csv
RPSOMLSLIIJGFFA28DA,大安區,大安區光復南路626號十樓之3,2024-10-19,住宅大樓,住家用,10,15,44.8,2438,無,,,是,30.4164,25.8728,0,4.5436,80.15,94.23,94.23,80.15,,,a_113S4.csv
RPTNMLLKJIJGFFA57DA,大安區,大安區延吉街162號二樓之4,2024-10-19,華廈,住家用,2,7,44.7,2688,無,,,是,31.2392,20.0346,4.6978,6.5068,86.05,134.17,108.68,86.05,含增建/未登記,陽台外推；,a_114S1.csv
RPQNMLMKJIJGFDA27EA,信義區,信義區吳興街363之4號二樓,2024-10-18,公寓,住家用,2,4,48.2,1300,無,,,是,21.3142,21.3142,0,0,60.99,60.99,60.99,60.99,特殊關係,親友、員工、共有人或其他特殊關係間之交易；,a_113S4.csv
RPSNMLNJKIJGFFA67DA,大安區,大安區光復南路346巷22號,2024-10-16,華廈,住家用,1,7,45.6,6166,無,,,是,35.9642,30.3922,5.5721,0,171.45,202.88,171.45,171.45,含增建/未登記、一樓,其他增建；,a_113S4.csv
RPTNMLOKJIJGFFA87DA,大安區,大安區忠孝東路四段177號十四樓之1,2024-10-15,住宅大樓,住家用,14,14,48,2226,無,,,是,19.3479,16.5286,0,2.8193,115.05,134.68,134.68,115.05,頂樓,,a_113S4.csv
RPPNMLTKKIJGFFA08DA,大安區,大安區信義路四段265巷11號四樓,2024-10-11,華廈,住家用,4,7,42.2,2510,無,,,是,23.232,16.0083,3.996,3.2277,108.04,156.79,125.47,108.04,含增建/未登記,陽台外推；,a_114S1.csv
RPRNMLLLJIJGFDA27DA,信義區,信義區基隆路一段380巷38號三樓之1,2024-10-10,住宅大樓,住家用,3,12,41.1,2588,無,,,是,26.4355,16.8553,2.1871,7.3931,97.9,153.54,135.91,97.9,含增建/未登記,陽台外推；其他增建；,a_114S1.csv
RPQPMLOJKIJGFDA57DA,信義區,信義區嘉興街155號,2024-10-09,公寓,住家用,1,4,49.8,500,無,,,是,8.1887,8.1887,0,0,61.06,61.06,61.06,61.06,特殊關係、一樓,親友、員工、共有人或其他特殊關係間之交易；,a_113S4.csv
RPRNMLLKJIJGFDA17DA,信義區,信義區吳興街156巷2弄32號三樓,2024-10-09,公寓,住家用,3,4,48.8,2150,無,,,是,31.0244,31.0244,0,0,69.3,69.3,69.3,69.3,含增建/未登記,陽台外推；,a_113S4.csv
RPSOMLNLKIJGFDA77DA,信義區,信義區吳興街36號六樓之2,2024-10-06,華廈,住家用,6,6,30.7,3210,無,,,是,36.3938,27.827,4.5768,3.99,88.2,115.36,99.06,88.2,含增建/未登記、頂樓,陽台外推；其他增建；,a_114S1.csv
RPPNMLOKMHKGFFA87EA,大安區,大安區仁愛路四段266巷12號七樓,2024-10-06,華廈,住家用,7,7,44.1,3750,無,,,是,38.7533,28.0569,4.0202,6.6762,96.77,133.66,116.91,96.77,含增建/未登記、頂樓,陽台外推；其他增建；,a_114S2.csv
RPQNMLOKJHKGFFA57DA,大安區,大安區仁愛路四段50之35號,2024-10-06,住宅大樓,住家用,6,12,53.5,3088,無,,,是,17.1336,17.1336,0,0,180.23,180.23,180.23,180.23,含增建/未登記,陽台外推；,a_114S1.csv
RPVNMLNKJHKGFFA97DA,大安區,大安區復興南路二段86號十五樓,2024-09-30,住宅大樓,住家用,15,16,38.1,5050,有,400,13.9483,是,61.7887,41.4849,6.1498,0.2057,97.2,112.09,97.62,81.73,含增建/未登記,陽台外推；其他增建；,a_114S1.csv
RPQNMLQJKHKGFFA77DA,大安區,大安區光復南路688號四樓之7,2024-09-30,住宅大樓,住家用,4,14,7.3,1475,無,,,是,11.7037,7.2933,0.6685,3.7419,126.03,202.24,185.26,126.03,,,a_114S1.csv
RPXNMLMKKIJGFFA18DA,大安區,大安區敦化南路二段38號十五樓之1,2024-09-29,住宅大樓,住家用,15,22,36.5,8000,有,500,10.4968,是,72.116,46.1736,7.8348,7.6109,121.72,162.43,138.87,110.93,,,a_114S1.csv
RPQNMLNLIIJGFFA47DA,大安區,大安區樂利路5巷33號,2024-09-29,華廈,住家用,1,7,24.8,5028,無,,,是,56.2015,30.9579,2.665,22.5786,89.46,162.41,149.54,89.46,含增建/未登記、一樓,其他增建；,a_113S4.csv
RPQNMLNKKIJGFFA67EA,大安區,大安區忠孝東路四段216巷11弄18號五樓,2024-09-28,華廈,住家用,5,7,47.7,4270,無,,,是,41.2489,38.3268,0,2.9222,103.52,111.41,111.41,103.52,含增建/未登記,陽台外推；,a_114S1.csv
RPWNMLLKIIJGFFA77DA,大安區,大安區大安路一段170號五樓之5,2024-09-23,華廈,住家用,5,7,51.9,1380,無,,,是,12.5235,10.1549,0.6776,1.691,110.19,135.89,127.39,110.19,,,a_113S4.csv
RPQNMLTJJHKGFFA97DA,大安區,大安區安和路二段241號七樓,2024-09-23,住宅大樓,住商用,7,12,43.5,4280,無,,,是,42.7463,31.7171,5.6719,5.3573,100.13,134.94,114.47,100.13,含增建/未登記,陽台外推；,a_114S1.csv
RPVNMLPLKIJGFFA38DA,大安區,大安區仁愛路四段50之46號,2024-09-23,住宅大樓,住家用,7,12,53.4,4256,無,,,是,22.4032,22.4032,0,0,189.97,189.97,189.97,189.97,含增建/未登記,陽台外推；,a_114S1.csv
RPTNMLNKJHKGFFA77DA,大安區,大安區樂利路42巷2號四樓之1,2024-09-22,華廈,住家用,4,7,,2810,無,,,是,37.3527,31.7232,2.6015,3.028,75.23,88.58,81.87,75.23,,,a_114S1.csv
RPROMLTKKIJGFDA18DA,信義區,信義區光復南路567號八樓之6,2024-09-21,住宅大樓,住家用,8,18,16.1,1690,無,,,是,13.0045,7.8499,0.5838,4.5708,129.96,215.29,200.39,129.96,含增建/未登記,陽台外推；夾層；其他增建；,a_114S1.csv
RPPNMLLLRHJGFFA97DA,大安區,大安區安和路一段101號十三樓之2,2024-09-20,住宅大樓,住家用,13,16,43.6,4150,無,,,是,39.5882,27.5215,5.7566,6.3102,104.83,150.79,124.71,104.83,,,a_113S4.csv
RPQNMLSLIIJGFDA77DA,信義區,信義區光復南路567號四樓之10,2024-09-19,住宅大樓,住家用,4,18,16.1,1500,無,,,是,13.0045,7.8499,0.5838,4.5708,115.34,191.09,177.86,115.34,特殊關係、含增建/未登記,親友、員工、共有人或其他特殊關係間之交易；夾層；,a_113S4.csv
RPSNMLSKKIJGFDA18EA,信義區,信義區吳興街50巷13號,2024-09-18,公寓,住家用,1,4,47.6,2800,無,,,是,25.9485,22.503,3.4455,0,107.91,124.43,107.91,107.91,一樓,,a_114S1.csv
RPWOMLNLRHJGFFA98DA,大安區,大安區復興南路二段236號三樓之3,2024-09-18,住宅大樓,住家用,3,12,46.5,2050,無,,,是,21.895,17.8203,0.8954,3.1793,93.63,115.04,109.53,93.63,,,a_113S4.csv
RPROMLSKJIJGFFA18DA,大安區,大安區忠孝東路四段170巷18弄18號五樓之1,2024-09-15,住宅大樓,住家用,5,12,46.6,3000,無,,,是,36.055,29.7932,1.5307,4.7311,83.21,100.69,95.77,83.21,特殊關係,親友、員工、共有人或其他特殊關係間之交易；,a_114S1.csv
RPPNMLPLIIJGFFA57DA,大安區,大安區通化街171巷19之1號七樓,2024-09-15,華廈,住家用,7,7,40.4,3000,無,,,是,28.9311,24.7778,2.3898,1.7636,103.69,121.08,110.43,103.69,含增建/未登記、頂樓,陽台外推；其他增建；,a_113S4.csv
RPUNMLPLIIJGFFA08DA,大安區,大安區光復南路72巷7弄4號五樓,2024-09-13,華廈,住家用,5,7,41.6,3020,無,,,是,29.7327,24.9986,4.7341,0,101.57,120.81,101.57,101.57,,,a_113S4.csv
RPOOMLLKJIJGFFA17DA,大安區,大安區復興南路二段35號十二樓之2,2024-09-13,住宅大樓,住家用,12,12,43.9,2920,無,,,是,23.1231,18.8034,0.9499,3.3699,126.28,155.29,147.82,126.28,含增建/未登記、頂樓,陽台外推；頂樓加蓋；其他增建；,a_113S4.csv
RPOOMLLKIIJGFFA07DA,大安區,大安區復興南路二段84號九樓之2,2024-09-13,住宅大樓,住家用,9,16,38.1,4350,有,,13.9453,否,56.0049,37.2317,5.5448,0,,,,77.67,車位面積口徑異常,,a_113S4.csv
RPTNMLRKIIJGFFA08DA,大安區,大安區仁愛路四段151巷20號十樓,2024-09-13,住宅大樓,住家用,10,13,34.6,6050,有,500,10.7478,是,54.7525,37.265,4.4195,2.3202,126.12,148.93,133.14,110.5,含增建/未登記,陽台外推；,a_113S4.csv
RPPNMLKMIIJGFFA27EA,大安區,大安區敦化南路二段60號四樓之1,2024-09-12,住宅大樓,住家用,4,21,42.7,6000,無,,,是,77.4672,61.2472,5.1213,11.0987,77.45,97.96,90.4,77.45,,,a_113S4.csv
RPPNMLOJIIJGFFA27DA,大安區,大安區文昌街289號二樓,2024-09-11,公寓,住家用,2,4,49.3,3100,無,,,是,36.2456,36.2456,0,0,85.53,85.53,85.53,85.53,特殊關係、含增建/未登記,親友、員工、共有人或其他特殊關係間之交易；陽台外推；,a_113S4.csv
RPQNMLTJIIJGFFA97EA,大安區,大安區復興南路一段219巷12號五樓之1,2024-09-10,華廈,住家用,5,7,46.7,4850,有,,,否,46.2674,37.746,2.9161,5.6053,,,,104.83,特殊關係,親友、員工、共有人或其他特殊關係間之交易；,a_113S4.csv
RPQNMLLLIIJGFFA27DA,大安區,大安區安和路一段90巷1號十樓,2024-09-09,住宅大樓,住家用,10,12,47.4,6100,無,,,是,61.6162,49.7461,7.5837,4.2864,99,122.62,106.4,99,,,a_113S4.csv
RPVOMLSKKHKGFFA68DA,大安區,大安區仁愛路四段122巷61號七樓之4,2024-09-07,住宅大樓,住家用,7,14,41.1,1788,無,,,是,14.517,12.0819,0.729,1.7061,123.17,147.99,139.57,123.17,含增建/未登記,陽台外推；其他增建；,a_114S2.csv
RPQNMLMLJIJGFFA47DA,大安區,大安區光復南路412號十一樓之1,2024-09-07,住宅大樓,住家用,11,12,40.2,3508,無,,,是,37.8216,32.431,0,5.3906,92.75,108.17,108.17,92.75,,,a_113S4.csv
RPRNMLMLJIJGFFA57DA,大安區,大安區光復南路412號十一樓,2024-09-07,住宅大樓,住家用,11,12,40.2,3628,無,,,是,40.2839,33.1117,1.7001,5.4722,90.06,109.57,104.22,90.06,,,a_114S2.csv
RPSOMLRJJIJGFDA87DA,信義區,信義區吳興街156巷37號四樓,2024-09-07,公寓,住家用,4,4,48,1990,無,,,是,29.161,29.161,0,0,68.24,68.24,68.24,68.24,含增建/未登記、頂樓,陽台外推；頂樓加蓋；,a_113S4.csv
RPQNMLQJRHJGFDA18DA,信義區,信義區忠孝東路四段500號八樓之3,2024-09-06,華廈,住家用,8,10,47.5,5125,無,,,是,50.4116,42.6737,3.5695,4.1685,101.66,120.1,110.83,101.66,,,a_113S4.csv
RPQNMLLLIIJGFFA37EA,大安區,大安區忠孝東路四段112號六樓之5,2024-09-05,住宅大樓,住家用,6,12,49,4365,無,,,是,43.7355,38.472,0,5.2635,99.8,113.46,113.46,99.8,,,a_113S4.csv
RPQOMLKMIIJGFFA37DA,大安區,大安區敦化南路二段100號十樓之1,2024-09-02,住宅大樓,住家用,10,26,38.8,6800,有,550,18.268,是,73.6799,40.4382,6.41,8.5638,112.79,154.56,133.41,92.29,含增建/未登記,陽台外推；,a_113S4.csv
RPSNMLRKKIJGFFA18DA,大安區,大安區復興南路二段236號七樓之2,2024-08-29,住宅大樓,住家用,7,12,46.4,1878,無,,,是,21.895,17.8203,0.8954,3.1793,85.77,105.39,100.34,85.77,特殊關係,親友、員工、共有人或其他特殊關係間之交易；,a_114S1.csv
RPPNMLMLJIJGFFA37DA,大安區,大安區臨江街91號,2024-08-28,華廈,其他,1,8,25,78,無,,,是,3.8508,3.0734,0,0.7774,20.26,25.38,25.38,20.26,地上權/承租土地、一樓,臺北市市場處租用土地。；建物坐落地號：通化段二小段388地號；,a_114S1.csv
RPVNMLKMRHJGFFA58DA,大安區,大安區通化街38巷22號七樓之2,2024-08-27,華廈,住家用,7,7,42.7,2770,無,,,是,27.2795,21.8768,1.7727,3.63,101.54,126.62,117.13,101.54,含增建/未登記、含租約、頂樓,另由買方負擔賣方應付費用：土地增值稅、抵押權塗銷登記代辦費、履約保證費用、實價登錄費用、簽約費、提前終止租約衍生之違約金費用。頂樓加蓋；,a_113S4.csv
RPSNMLSLQHJGFFA88DA,大安區,大安區復興南路二段111巷17弄9號三樓之1,2024-08-26,華廈,住家用,3,7,41.9,1100,無,,,是,36.2819,28.8555,4.117,3.3094,30.32,38.12,33.36,30.32,特殊關係,親友、員工、共有人或其他特殊關係間之交易；,a_113S4.csv
RPXNMLSJJIJGFFA58DA,大安區,大安區忠孝東路四段170巷6弄2號七樓,2024-08-25,華廈,住家用,7,7,45.1,3550,無,,,是,30.1048,17.669,7.8378,4.598,117.92,200.92,139.18,117.92,含增建/未登記、頂樓,陽台外推；,a_113S4.csv
RPOOMLRJIIJGFFA57DA,大安區,大安區通化街143巷20號二樓,2024-08-25,公寓,住家用,2,5,39.8,3000,無,,,是,39.1526,31.1121,3.9386,4.1019,76.62,96.43,85.59,76.62,含增建/未登記,其他增建；,a_113S4.csv
RPQNMLPLJIJGFFA87EA,大安區,大安區通安街71號五樓之1,2024-08-20,華廈,住家用,5,7,42.7,1680,有,,9.314,否,41.1824,25.534,2.907,3.4273,,,,40.79,特殊關係,親友、員工、共有人或其他特殊關係間之交易；,a_113S4.csv
RPWNMLSKIIJGFDA28DA,信義區,信義區吳興街328號二樓,2024-08-18,公寓,住家用,2,4,48.2,1666,無,,,是,25.2376,25.2376,0,0,66.01,66.01,66.01,66.01,含增建/未登記,陽台外推；,a_113S4.csv
RPOOMLQKQHJGFFA28DA,大安區,大安區忠孝東路四段233號七樓之14,2024-08-16,住宅大樓,住家用,7,11,41.7,1480,無,,,是,12.6354,9.1053,1.0225,2.5077,117.13,162.54,146.13,117.13,,,a_113S4.csv
RPPNMLMKRHJGFFA08EA,大安區,大安區仁愛路四段122巷12號五樓之4,2024-08-13,華廈,住家用,5,7,41.8,2680,無,,,是,24.2635,16.1535,2.3716,5.7384,110.45,165.91,144.67,110.45,含增建/未登記,陽台外推；,a_113S4.csv
RPTNMLQKQHJGFFA68DA,大安區,大安區忠孝東路四段216巷19弄6號六樓,2024-08-11,華廈,住家用,6,7,47.7,3920,無,,,是,38.2118,38.2118,0,0,102.59,102.59,102.59,102.59,,,a_113S3.csv
RPRNMLMLJHKGFFA57DA,大安區,大安區通化街104號五樓,2024-08-11,公寓,住家用,5,5,46.9,1358,無,,,是,12.336,11.1078,1.2282,0,110.08,122.26,110.08,110.08,含增建/未登記、頂樓,陽台外推；頂樓加蓋；其他增建；,a_114S1.csv
RPXNMLMJKIJGFFA08DA,大安區,大安區延吉街232號五樓之1,2024-08-09,華廈,住家用,5,7,42.8,1840,無,,,是,16.4046,10.1307,2.1629,4.111,112.16,181.63,149.67,112.16,含增建/未登記,陽台外推；其他增建；,a_113S4.csv
RPQPMLKMQHJGFFA18DA,大安區,大安區延吉街131巷2弄3號四樓,2024-08-09,華廈,住家用,4,7,43.2,2300,無,,,是,28.3987,18.755,4.9882,4.6555,80.99,122.63,96.87,80.99,特殊關係,親友、員工、共有人或其他特殊關係間之交易；,a_113S4.csv
RPSNMLKMQHJGFDA97DA,信義區,信義區基隆路二段107之1號十一樓之2,2024-08-08,住宅大樓,住家用,11,15,39,3700,無,,,是,46.7756,29.6148,2.3988,14.762,79.1,124.94,115.58,79.1,含增建/未登記,陽台外推；,a_113S4.csv
RPWNMLTKRHJGFFA76DA,大安區,大安區通化街171巷30弄22號五樓,2024-08-03,公寓,住家用,5,5,45,1850,無,,,是,27.6062,24.9139,2.6923,0,67.01,74.26,67.01,67.01,含增建/未登記、頂樓,陽台外推；,a_113S4.csv
RPTNMLQLQHJGFFA78DA,大安區,大安區樂利路5巷7弄7號四樓,2024-07-31,公寓,住家用,4,5,40.1,3200,無,,,是,40.5229,33.2145,3.633,3.6754,78.97,96.34,86.84,78.97,含增建/未登記,陽台外推；其他增建；,a_113S3.csv
RPQNMLNKQHJGFFA08DA,大安區,大安區大安路一段16巷4號四樓,2024-07-30,華廈,住家用,4,7,40.4,3730,無,,,是,37.9456,27.4519,3.9446,6.5491,98.3,135.87,118.8,98.3,,,a_113S3.csv
RPPOMLQKRHJGFFA48DA,大安區,大安區大安路一段19巷7號五樓,2024-07-29,華廈,住家用,5,7,47.8,3330,無,,,是,37.0956,37.0956,0,0,89.77,89.77,89.77,89.77,其他備註,含裝潢費；,a_113S4.csv
RPVNMLRLQHJGFFA09DA,大安區,大安區忠孝東路四段233號十一樓之10,2024-07-26,住宅大樓,住家用,11,11,41.6,1810,無,,,是,13.9906,10.1791,1.0134,2.7981,129.37,177.81,161.72,129.37,含增建/未登記、頂樓,陽台外推；,a_113S3.csv
RPWOMLNJRHJGFFA78DA,大安區,大安區忠孝東路四段223巷41號六樓,2024-07-23,華廈,住家用,6,7,46.5,3988,無,,,是,35.7525,32.6579,3.0946,0,111.54,122.11,111.54,111.54,,,a_113S4.csv
RPPNMLPJQHJGFFA08DA,大安區,大安區光復南路620之3號十一樓,2024-07-23,住宅大樓,住家用,11,12,37.6,3050,無,,,是,26.1058,21.535,0.6534,3.9174,116.83,141.63,137.46,116.83,,,a_113S4.csv
RPROMLOKQHJGFFA38DA,大安區,大安區仁愛路四段137號三樓,2024-07-22,住宅大樓,住家用,3,12,47.2,7800,無,,,是,69.2604,59.3354,1.9269,7.9981,112.62,131.46,127.32,112.62,含增建/未登記,陽台外推；其他增建；,a_113S3.csv
RPPOMLOJRHJGFDA97DA,信義區,信義區吳興街74號二樓,2024-07-21,公寓,住家用,2,4,47.7,1050,無,,,是,16.7525,16.7525,0,0,62.68,62.68,62.68,62.68,含增建/未登記,其他增建；,a_113S4.csv
RPROMLLJQHJGFFA97DA,大安區,大安區敦化南路一段295巷46號七樓,2024-07-19,華廈,住家用,7,7,46.6,5250,無,,,是,39.3129,32.9181,6.3949,0,133.54,159.49,133.54,133.54,含增建/未登記、頂樓,七樓格局：3房2廳2衛；頂樓加蓋格局：2房1廳1衛頂樓加蓋；,a_113S3.csv
RPVNMLQJQHJGFFA78DA,大安區,大安區忠孝東路四段223巷28號四樓之1,2024-07-19,華廈,住家用,4,7,46.5,2000,無,,,是,36.2788,31.4086,4.8703,0,55.13,63.68,55.13,55.13,特殊關係,親友、員工、共有人或其他特殊關係間之交易；,a_113S4.csv
RPQNMLMLIIJGFFA37DA,大安區,大安區忠孝東路四段216巷44號六樓,2024-07-19,華廈,住家用,6,7,45.8,4500,無,,,是,49.0171,41.3397,3.3699,4.3076,91.8,108.85,100.65,91.8,,,a_113S4.csv
RPPNMLMLQHJGFFA97DA,大安區,大安區復興南路二段151巷8號六樓之2,2024-07-16,華廈,住家用,6,7,45.8,3090,無,,,是,30.5102,26.2812,0,4.229,101.28,117.57,117.57,101.28,含增建/未登記,其他增建；,a_113S4.csv
RPQNMLRJJHKGFFA77DA,大安區,大安區忠孝東路四段218之4號三樓,2024-07-16,住宅大樓,住家用,3,13,46.5,6038,無,,,是,66.789,51.4643,9.9008,5.4238,90.4,117.32,98.39,90.4,含增建/未登記,依土地法第34條之1辦理移轉其他增建；,a_114S1.csv
RPQNMLNLPHJGFFA08DA,大安區,大安區光復南路620號十二樓,2024-07-16,住宅大樓,住家用,12,12,37.6,5268,有,400,,否,50.9592,46.461,1.7666,2.7316,,,,103.38,含增建/未登記、頂樓,內梯增建陽台外推；頂樓加蓋；其他增建；,a_113S3.csv
RPOOMLTJQHJGFFA48DA,大安區,大安區安和路一段113號十樓,2024-07-10,住宅大樓,住家用,10,12,45.1,3819,有,250,7.6291,否,43.3241,35.1203,3.9265,0,,,,88.15,特殊關係、車位面積口徑異常,親友、員工、共有人或其他特殊關係間之交易；,a_113S3.csv
RPPNMLOJRHJGFFA18EA,大安區,大安區仁愛路四段345巷15弄13號四樓,2024-07-10,華廈,住家用,4,6,38.1,4000,無,,,是,41.8237,34.5334,3.7208,3.5695,95.64,115.83,104.56,95.64,含增建/未登記,陽台外推；,a_113S3.csv
RPQNMLTLQHJGFFA88EA,大安區,大安區大安路一段16巷8號六樓,2024-07-10,華廈,住家用,6,7,40.4,3630,無,,,是,36.5844,25.2467,5.3149,6.0228,99.22,143.78,118.78,99.22,,,a_113S3.csv
RPVNMLQJQHJGFDA58DA,信義區,信義區基隆路一段380巷32號十二樓之1,2024-07-07,住宅大樓,住家用,12,12,40.8,2858,無,,,是,32.2949,21.0601,2.1992,9.0357,88.5,135.71,122.88,88.5,含增建/未登記、頂樓,其他增建；,a_113S3.csv
RPRPMLNKJIJGFDA57DA,信義區,信義區基隆路一段380巷44號八樓之1,2024-07-07,住宅大樓,住家用,8,12,40.8,1666,無,,,是,14.9707,9.4562,1.4066,4.108,111.28,176.18,153.37,111.28,含增建/未登記,陽台外推；其他增建；,a_113S4.csv
RPROMLTKQHJGFFA88DA,大安區,大安區通化街176巷10號六樓,2024-07-06,華廈,住家用,6,7,43.4,3412,無,,,是,40.9948,32.9755,6.3858,1.6335,83.23,103.47,86.68,83.23,,,a_113S3.csv
RPTNMLPJRHJGFFA58DA,大安區,大安區敦化南路二段152之1號十六樓,2024-07-06,住宅大樓,住家用,16,19,39.2,4068,無,,,是,40.3323,24.324,3.1309,12.8774,100.86,167.24,148.17,100.86,含增建/未登記,陽台外推；其他增建；,a_113S4.csv
RPPNMLPJPHJGFFA97DA,大安區,大安區光復南路308巷25號五樓,2024-07-04,華廈,住家用,5,7,42.8,4998,有,,,否,49.8974,39.2282,5.7142,4.955,,,,100.17,含增建/未登記,陽台外推；,a_113S3.csv
RPPNMLNKQHJGFFA97DA,大安區,大安區延吉街131巷9號四樓,2024-07-04,華廈,住家用,4,7,43.2,4200,無,,,是,43.8807,31.6022,7.0483,5.2302,95.71,132.9,108.67,95.71,,,a_113S3.csv
RPRNMLSJQHJGFFA58DA,大安區,大安區仁愛路四段314號三樓之4,2024-07-04,住宅大樓,住家用,3,14,42.6,6900,無,,,是,64.2752,53.6726,3.2035,7.3992,107.35,128.56,121.32,107.35,,,a_113S3.csv
RPQNMLOKQHJGFDA08EA,信義區,信義區光復南路417巷187號二樓,2024-07-02,公寓,住家用,2,5,39.8,2900,無,,,是,34.5062,29.2578,4.5647,0.6837,84.04,99.12,85.74,84.04,特殊關係,親友、員工、共有人或其他特殊關係間之交易；,a_113S3.csv
RPPNMLLMPHJGFFA97EA,大安區,大安區仁愛路四段413之1號五樓,2024-07-02,住宅大樓,住家用,5,14,42.4,2280,無,,,是,38.9953,27.9238,5.1486,5.923,58.47,81.65,68.94,58.47,特殊關係,親友、員工、共有人或其他特殊關係間之交易；,a_113S3.csv
RPTOMLLKPHJGFDA97DA,信義區,信義區忠孝東路四段553巷20之1號四樓,2024-07-01,華廈,住家用,4,7,46.4,3268,無,,,是,31.9017,22.5907,4.0686,5.2423,102.44,144.66,122.58,102.44,含增建/未登記,陽台外推；,a_113S3.csv
RPSNMLQLQHJGFDA48DA,信義區,信義區忠孝東路四段553巷22弄4號五樓,2024-06-29,華廈,住家用,5,7,46.3,3150,無,,,是,26.3659,20.207,3.4304,2.7286,119.47,155.89,133.26,119.47,含增建/未登記,陽台外推；,a_113S3.csv
RPOOMLRJQHJGFDA08DA,信義區,信義區基隆路二段23號十樓之4,2024-06-29,住宅大樓,商業用,10,12,34.8,1468,無,,,是,14.402,11.371,0,3.0311,101.93,129.1,129.1,101.93,含增建/未登記,其他增建；,a_113S4.csv
RPQNMLQLRHJGFFA58DA,大安區,大安區忠孝東路四段226號七樓,2024-06-28,住宅大樓,住家用,7,13,46.4,6408,無,,,是,60.379,43.8897,12.1514,4.3379,106.13,146,114.34,106.13,含增建/未登記,土地價格：59248731元整、建物價格：4831269元整。陽台外推；,a_113S4.csv
RPUNMLKKPHJGFDA97EA,信義區,信義區基隆路二段149號三樓之2,2024-06-27,住宅大樓,住家用,3,15,9.7,3290,有,230,4.2017,是,34.8934,17.7386,3.2549,9.6982,99.7,172.51,145.76,94.29,,,a_113S3.csv
RPQNMLKMPHJGFFA97EA,大安區,大安區敦化南路二段152號十七樓,2024-06-26,住宅大樓,住家用,17,19,39.2,3938,無,,,是,40.8587,24.2968,3.6966,12.8653,96.38,162.08,140.68,96.38,含增建/未登記,陽台外推；,a_113S3.csv
RPXNMLPJQHJGFFA88DA,大安區,大安區信義路四段265巷46號三樓之3,2024-06-26,華廈,住家用,3,7,44.5,4068,無,,,是,48.6632,35.3623,7.5867,5.7142,83.6,115.04,94.72,83.6,含增建/未登記,陽台外推；其他增建；,a_113S3.csv
RPTNMLTKPHJGFFA98EA,大安區,大安區復興南路二段193巷23號十樓,2024-06-25,住宅大樓,住家用,10,19,39.1,1500,無,,,是,38.9802,29.285,3.2882,6.407,38.48,51.22,46.05,38.48,特殊關係,親友、員工、共有人或其他特殊關係間之交易；,a_113S3.csv
RPXNMLMLPHJGFFA78EA,大安區,大安區復興南路二段171巷24號十七樓,2024-06-25,住宅大樓,住家用,17,19,39.1,3960,無,,,是,44.8275,33.5836,3.7873,7.4566,88.34,117.91,105.96,88.34,,,a_113S3.csv
RPRPMLLMPHJGFDA08DA,信義區,信義區光復南路567號九樓之5,2024-06-25,住宅大樓,住家用,9,18,15.8,3476,有,250,7.2116,是,33.4293,15.7088,1.1677,9.3412,123.05,205.36,191.15,103.98,含增建/未登記,陽台外推；,a_113S3.csv
RPVOMLTKRHJGFDA56DA,信義區,信義區吳興街156巷65弄3號二樓,2024-06-23,公寓,住家用,2,4,48.6,1858,無,,,是,26.6442,26.6442,0,0,69.73,69.73,69.73,69.73,含增建/未登記,其他增建；,a_113S4.csv
RPQNMLTJQHJGFDA48EA,信義區,信義區忠孝東路四段553巷22弄2之1號六樓,2024-06-23,華廈,住家用,6,7,46.3,2750,無,,,是,25.1196,19.4175,3.9265,1.7757,109.48,141.62,117.8,109.48,含增建/未登記,陽台外推；,a_113S3.csv
RPSNMLSKPHJGFFA68DA,大安區,大安區敦化南路二段63巷38號六樓,2024-06-22,華廈,住家用,6,7,40,2818,無,,,是,24.0518,19.8228,1.9905,2.2385,117.16,142.16,129.19,117.16,含增建/未登記,陽台外推；其他增建；,a_113S3.csv
RPTOMLTJQHJGFFA98DA,大安區,大安區復興南路二段171巷20號五樓,2024-06-22,住宅大樓,住家用,5,19,39.1,3353,無,,,是,38.9832,29.285,3.2882,6.41,86.01,114.5,102.94,86.01,含增建/未登記,花台外推,a_113S3.csv
RPUNMLSKKIJGFFA48DA,大安區,大安區敦化南路一段181號十一樓,2024-06-20,住宅大樓,住家用,11,14,42.1,12300,有,500,13.8938,是,109.1148,84.6909,10.6601,0,123.92,139.33,123.75,112.73,,,a_114S1.csv
RPVNMLMLPHJGFFA58EA,大安區,大安區敦化南路一段302號三樓,2024-06-18,住宅大樓,住家用,3,14,48.9,1650,無,,,是,44.531,44.531,0,0,37.05,37.05,37.05,37.05,特殊關係,親友、員工、共有人或其他特殊關係間之交易；,a_113S3.csv
RPPPMLLKPHJGFDA67DA,信義區,信義區基隆路一段380巷24號八樓,2024-06-17,住宅大樓,住家用,8,12,40.8,2866,無,,,是,32.2949,21.0601,2.1992,9.0357,88.74,136.09,123.22,88.74,含增建/未登記,其他增建；,a_113S3.csv
RPPNMLOJOHKGFFA87DA,大安區,大安區復興南路一段342號八樓之2,2024-06-17,住宅大樓,住家用,8,15,0.6,7288,有,400,11.4073,是,55.7538,29.4907,2.5259,12.3299,155.32,233.56,215.14,130.72,其他備註,土地價格：5510萬、建物價格：1378萬。,a_114S3.csv
RPVNMLMKQHJGFFA48DA,大安區,大安區忠孝東路四段216巷11弄2號七樓,2024-06-15,華廈,住家用,7,7,47.4,4650,無,,,是,44.9031,41.7117,0,3.1914,103.56,111.48,111.48,103.56,含增建/未登記、頂樓,頂樓加蓋；其他增建；,a_113S4.csv
RPRPMLLJPHJGFDA77DA,信義區,信義區基隆路一段364巷10號四樓之1,2024-06-15,住宅大樓,住家用,4,12,40.8,3488,無,,,是,38.7049,25.7367,4.2683,8.6999,90.12,135.53,116.25,90.12,含增建/未登記,陽台外推；其他增建；,a_113S3.csv
RPXNMLSKOHJGFFA09DA,大安區,大安區仁愛路四段425號三樓,2024-06-15,住宅大樓,住家用,3,14,42.3,5000,無,,,是,44.764,32.1618,6.6369,5.9653,111.7,155.46,128.87,111.7,含增建/未登記,陽台外推；,a_113S3.csv
RPXNMLLMPHJGFFA68DA,大安區,大安區大安路一段170號五樓,2024-06-13,華廈,住家用,5,7,51.7,4100,無,,,是,50.0456,50.0456,0,0,81.93,81.93,81.93,81.93,,,a_113S3.csv
RPSOMLSKOHJGFFA68DA,大安區,大安區忠孝東路四段122之3號,2024-06-12,住宅大樓,住家用,4,12,54.7,5388,無,,,是,46.9359,46.9359,0,0,114.79,114.79,114.79,114.79,含增建/未登記,其他增建；,a_113S3.csv
RPPNMLQLOHJGFFA18DA,大安區,大安區安和路二段171巷7號五樓,2024-06-11,華廈,住家用,5,7,43.5,4200,無,,,是,37.8942,33.2901,4.6041,0,110.83,126.16,110.83,110.83,含增建/未登記,陽台外推；其他增建；,a_113S3.csv
RPVNMLNLPHJGFFA58DA,大安區,大安區敦化南路二段28號十樓,2024-06-10,住宅大樓,住家用,10,18,36.9,7680,無,,,是,62.6568,47.0085,6.0712,9.5772,122.57,163.37,144.69,122.57,含增建/未登記,陽台外推；,a_113S3.csv
RPOOMLTKQHJGFFA58DA,大安區,大安區仁愛路四段413之1號七樓,2024-06-09,住宅大樓,住家用,7,14,42.3,4500,無,,,是,38.9953,27.9238,5.1486,5.923,115.4,161.15,136.07,115.4,含增建/未登記,其他增建；,a_113S3.csv
RPTOMLKKPHJGFDA87DA,信義區,信義區光復南路567號四樓之7,2024-06-08,住宅大樓,住家用,4,18,15.8,1808,無,,,是,13.0045,7.8499,0.5838,4.5708,139.03,230.32,214.38,139.03,含增建/未登記,陽台外推；夾層；其他增建；,a_113S3.csv
RPQOMLPJRHJGFFA38DA,大安區,大安區敦化南路一段313號十二樓之1,2024-06-07,住宅大樓,住家用,12,13,45.2,2938,無,,,是,21.6499,16.087,2.054,3.509,135.7,182.63,161.95,135.7,含增建/未登記,陽台外推；,a_113S3.csv
RPPNMLNKRHJGFFA18EA,大安區,大安區忠孝東路四段223巷10弄2號四樓,2024-06-06,華廈,住家用,4,7,48.2,2674.512,無,,,是,29.521,29.521,0,0,90.6,90.6,90.6,90.6,特殊關係,親友、員工、共有人或其他特殊關係間之交易；,a_113S4.csv
RPPNMLQLPHJGFFA38EA,大安區,大安區光復南路346巷54號五樓,2024-06-06,華廈,住家用,5,7,44.6,2468.4,無,,,是,27.4247,22.2398,5.1849,0,90.01,110.99,90.01,90.01,特殊關係,親友、員工、共有人或其他特殊關係間之交易；,a_113S3.csv
RPQNMLQJQHJGFFA28DA,大安區,大安區復興南路二段236號五樓之5,2024-06-06,住宅大樓,住家用,5,12,46.2,2090,無,,,是,24.3603,18.9395,0.8077,4.6131,85.8,110.35,105.84,85.8,特殊關係,親友、員工、共有人或其他特殊關係間之交易；,a_113S3.csv
RPSPMLLJQHJGFFA18DA,大安區,大安區忠孝東路四段177號十二樓之3,2024-06-06,住宅大樓,住家用,12,14,47.7,1890,無,,,是,17.2395,14.8891,0,2.3504,109.63,126.94,126.94,109.63,,,a_113S3.csv
RPROMLOLOHJGFFA28DA,大安區,大安區延吉街166號三樓,2024-06-04,華廈,住家用,3,7,42.5,2510,無,,,是,24.9472,16.8765,4.7886,3.2821,100.61,148.73,115.85,100.61,含增建/未登記,陽台外推；,a_113S3.csv
RPSNMLNJPHJGFFA08DA,大安區,大安區敦化南路一段283號六樓之1,2024-06-03,住宅大樓,住家用,6,14,42.5,8800,有,400,16.1414,否,76.5537,59.5441,5.0336,0,,,,114.95,含增建/未登記、車位面積口徑異常,陽台外推；,a_113S3.csv
RPROMLRKOHJGFFA48DA,大安區,大安區忠孝東路四段112號九樓之1,2024-05-30,住宅大樓,住家用,9,12,48.7,1200,無,,,是,13.8545,12.2029,0,1.6517,86.61,98.34,98.34,86.61,,,a_113S3.csv
RPQOMLQLOHJGFFA38DA,大安區,大安區敦化南路二段63巷54弄12號六樓,2024-05-26,華廈,住家用,6,7,39.2,5000,無,,,是,51.304,42.4801,4.9035,3.9204,97.46,117.7,105.52,97.46,含增建/未登記,其他增建；,a_113S3.csv
RPOOMLMKOHJGFFA67DA,大安區,大安區安和路一段104號十樓之1,2024-05-26,住宅大樓,住家用,10,12,46.8,5088,無,,,是,50.938,39.7636,6.2103,4.964,99.89,127.96,110.67,99.89,含增建/未登記,其他增建；,a_113S3.csv
RPSPMLKMQHJGFFA38DA,大安區,大安區仁愛路四段151巷28號九樓,2024-05-25,住宅大樓,住家用,9,11,34.8,6874,有,450,9.5227,是,62.3906,47.677,4.7916,0.3993,121.51,134.74,122.44,110.18,含增建/未登記,陽台外推；,a_113S3.csv
RPXNMLPLOHJGFFA88DA,大安區,大安區仁愛路四段406之1號六樓,2024-05-25,住宅大樓,住家用,6,14,44.2,5010,無,,,是,43.926,34.5092,4.4256,4.9913,114.06,145.18,128.68,114.06,含增建/未登記,其他增建；,a_113S3.csv
RPPOMLRLOHJGFFA38DA,大安區,大安區安和路二段92號五樓之3,2024-05-24,住宅大樓,住家用,5,25,34.8,6708,有,300,10.9687,否,73.4379,55.3182,9.1385,0,,,,91.34,含增建/未登記、車位面積口徑異常,陽台外推；,a_113S3.csv
RPOOMLPJPHJGFDA77DA,信義區,信義區基隆路二段149號十一樓之3,2024-05-23,住宅大樓,住家用,11,15,9.6,3466,有,,4.2048,否,32.7063,16.1081,3.6058,8.7876,,,,105.97,含增建/未登記,土地價格：25789962元整、建物價格：8870038元整。塔式車位位於地下三層。陽台外推；,a_113S3.csv
RPUNMLOKOHJGFFA38DA,大安區,大安區延吉街261之2號六樓,2024-05-23,華廈,住家用,6,7,43.3,3563,無,,,是,43.9139,35.7585,3.5635,4.592,81.14,99.64,90.61,81.14,含增建/未登記,陽台外推；,a_113S3.csv
RPPOMLSLOHJGFFA48DA,大安區,大安區忠孝東路四段233號七樓之3,2024-05-23,住宅大樓,住家用,7,11,41.4,1730,無,,,是,13.5792,10.6843,0,2.8949,127.4,161.92,161.92,127.4,,,a_113S3.csv
RPPNMLRLOHJGFFA38EA,大安區,大安區忠孝東路四段112號四樓之2,2024-05-23,住宅大樓,住家用,4,12,48.7,1580,無,,,是,13.794,12.1393,0,1.6547,114.54,130.16,130.16,114.54,,,a_113S3.csv
RPRNMLOJOHJGFFA97DA,大安區,大安區仁愛路四段33號三樓之2,2024-05-22,住宅大樓,住家用,3,12,47.5,2300,無,,,是,17.0096,11.8126,2.299,2.898,135.22,194.71,162.99,135.22,含增建/未登記,陽台外推；,a_113S3.csv
RPQNMLNJPHJGFFA87DA,大安區,大安區忠孝東路四段216巷36之1號四樓,2024-05-22,華廈,住家用,4,7,46,1720,無,,,是,35.7495,29.4998,1.2009,5.0487,48.11,58.31,56.02,48.11,特殊關係,親友、員工、共有人或其他特殊關係間之交易；,a_113S3.csv
RPQPMLNKOHJGFFA08DA,大安區,大安區敦化南路二段106號十六樓,2024-05-21,住宅大樓,住家用,16,26,38.4,5180,無,,,是,43.8323,31.3451,5.0397,7.4476,118.18,165.26,142.37,118.18,含增建/未登記,陽台外推；其他增建；,a_113S3.csv
RPOOMLQKNHJGFFA97DA,大安區,大安區敦化南路二段128號九樓之4,2024-05-16,住宅大樓,住家用,9,16,45.2,3138,無,,,是,25.7034,18.7278,3.5332,3.4425,122.08,167.56,140.96,122.08,含增建/未登記,陽台外推；其他增建；,a_113S3.csv
RPUNMLRLOHJGFFA78DA,大安區,大安區忠孝東路四段216巷44號七樓,2024-05-16,華廈,住家用,7,7,45.7,4576,無,,,是,55.7931,41.3397,3.3699,11.0836,82.02,110.69,102.35,82.02,頂樓,,a_113S3.csv
RPOPMLPLJIJGFDA57DA,信義區,信義區吳興街156巷2弄24號二樓,2024-05-14,公寓,住家用,2,4,48.3,2580,無,,,是,31.5205,31.5205,0,0,81.85,81.85,81.85,81.85,含增建/未登記,陽台外推；其他增建；,a_113S4.csv
RPQOMLOKNHJGFFA97DA,大安區,大安區基隆路二段180號十二樓,2024-05-13,住宅大樓,住家用,12,12,31.2,1728,無,,,是,39.207,26.7229,2.6136,9.8706,44.07,64.66,58.9,44.07,特殊關係、持分/部分移轉、頂樓,二親等間共有不動產之持分產權買賣。另有附帶一個無固定位置的坡道平面停車位使用權。親友、員工、共有人或其他特殊關係間之交易；,a_113S3.csv
RPTNMLRKOHJGFFA58DA,大安區,大安區忠孝東路四段178號十二樓,2024-05-13,住宅大樓,住商用,12,12,46.2,6908,無,,,是,69.4994,61.8522,1.9995,5.6477,99.4,111.69,108.19,99.4,含增建/未登記、頂樓,土地價格：65359954元整、建物價格：3720046元整。陽台外推；其他增建；,a_113S3.csv
RPUPMLRKOHJGFDA68DA,信義區,信義區嘉興街135號三樓,2024-05-12,公寓,住家用,3,4,50.8,1770,無,,,是,25.6218,25.6218,0,0,69.08,69.08,69.08,69.08,,,a_113S3.csv
RPTOMLOLRHJGFDA58DA,信義區,信義區基隆路二段39巷7號四樓,2024-05-08,華廈,住家用,4,7,43.5,3450,無,,,是,37.029,28.5772,2.3202,6.1317,93.17,120.73,111.66,93.17,含增建/未登記,陽台外推；,a_113S4.csv
RPPNMLTLNHJGFDA18DA,信義區,信義區嘉興街143號三樓,2024-05-08,公寓,住家用,3,4,50.8,1618,無,,,是,28.1416,28.1416,0,0,57.5,57.5,57.5,57.5,含增建/未登記,陽台外推；其他增建；,a_113S3.csv
RPPNMLPLOHJGFDA87DA,信義區,信義區光復南路567號十七樓之14,2024-05-06,住宅大樓,住家用,17,18,15.8,1731,無,,,是,13.0045,7.8499,0.5838,4.5708,133.11,220.51,205.25,133.11,含增建/未登記,陽台外推；夾層；,a_113S3.csv
RPOOMLPKNHJGFFA87DA,大安區,大安區光復南路692巷39號三樓,2024-05-05,公寓,住家用,3,4,49.8,1888,無,,,是,24.2363,24.2363,0,0,77.9,77.9,77.9,77.9,含增建/未登記,陽台外推；其他增建；,a_113S3.csv
RPQNMLKLOHJGFFA77EA,大安區,大安區復興南路二段236號十樓,2024-05-04,住宅大樓,住家用,10,12,46.2,4368,無,,,是,45.0392,36.5299,1.7908,6.7185,96.98,119.57,113.99,96.98,,,a_113S3.csv
RPVOMLOKOHJGFDA38DA,信義區,信義區吳興街50巷21弄7號三樓,2024-04-28,公寓,住家用,3,4,47.2,2530,無,,,是,36.9504,30.6221,6.3283,0,68.47,82.62,68.47,68.47,含增建/未登記,陽台外推；其他增建；,a_113S3.csv
RPQOMLLJQHJGFFA87DA,大安區,大安區敦化南路二段81巷47號四樓,2024-04-25,華廈,住家用,4,7,40.5,4600,無,,,是,51.1134,39.9905,8.5971,2.5259,90,115.03,94.67,90,含增建/未登記,陽台外推；其他增建；,a_113S3.csv
RPRNMLLLMHJGFDA47DA,信義區,信義區嘉興街227號二樓,2024-04-15,公寓,住家用,2,4,50.7,1390,無,,,是,20.7303,19.3842,1.3461,0,67.05,71.71,67.05,67.05,含增建/未登記,陽台外推；,a_113S3.csv
RPWNMLKLNHJGFFA18DA,大安區,大安區光復南路622號十樓,2024-04-13,住宅大樓,住家用,10,12,37.3,3500,無,,,是,33.6804,29.9808,1.3945,2.3051,103.92,116.74,111.55,103.92,,,a_113S3.csv
RPUNMLPLOHJGFFA58DA,大安區,大安區敦化南路二段81巷47號三樓,2024-04-03,華廈,住家用,3,7,40.5,4830,無,,,是,51.1134,39.9905,8.5971,2.5259,94.5,120.78,99.41,94.5,,,a_113S3.csv
RPTNMLRLOHJGFFA68DA,大安區,大安區延吉街233巷9號三樓,2024-03-23,華廈,住家用,3,7,43.2,3985,無,,,是,42.8128,33.1661,4.4589,5.1879,93.08,120.15,105.91,93.08,含增建/未登記,陽台外推；,a_113S3.csv
RPUNMLLLOHJGFDA08EA,信義區,信義區基隆路一段380巷2號十二樓,2024-03-19,住宅大樓,住家用,12,12,40.5,2572,無,,,是,31.4358,20.812,3.5453,7.0785,81.82,123.58,105.59,81.82,含增建/未登記、頂樓,陽台外推；,a_113S3.csv
RPROMLKLOHJGFFA87DA,大安區,大安區忠孝東路四段223巷10弄12號六樓,2024-03-15,華廈,住家用,6,7,47.9,5068,無,,,是,56.2408,56.2408,0,0,90.11,90.11,90.11,90.11,含增建/未登記,其他增建；,a_113S3.csv
RPPPMLKLRHJGFDA87DA,信義區,信義區吳興街284巷28弄25號六樓,2024-03-15,華廈,住家用,6,6,34.2,3720,有,,,否,50.6627,38.357,8.6303,3.6754,,,,73.43,含增建/未登記、頂樓,頂樓加蓋；其他增建；,a_113S4.csv
RPRNMLQKQHJGFFA48DA,大安區,大安區光復南路688號四樓之9,2024-03-10,住宅大樓,住家用,4,14,6.8,1475,無,,,是,12.0909,6.7911,1.4308,3.869,121.99,217.2,179.4,121.99,,,a_113S3.csv
RPVNMLSKJHJGFFA38DA,大安區,大安區光復南路240巷5號三樓,2023-10-21,住宅大樓,住家用,3,12,45.3,5368,無,,,是,53.718,42.4287,4.2562,7.0331,99.93,126.52,114.98,99.93,含增建/未登記,依土地法第34條之1辦理移轉陽台外推；,a_113S4.csv
RPWOMLPJOHLGFDA68DA,信義區,信義區信義路四段436號十五樓之8,2021-12-04,住宅大樓,住家用,15,15,-3.9,5451,有,390,11.5192,是,42.5103,18.4465,1.8604,10.6843,163.3,274.36,249.23,128.23,預售/特殊計價、頂樓,預售屋、或土地及建物分件登記案件；,a_current.csv
