物件ID,行動名單,名稱,社區,公開地址,行政區,產品階段,住宅類型,登記用途,格局,樓層,總樓層,屋齡(年),電梯,管理費,最低刊登價(萬),最高刊登價(萬),有車位,總價含車位,車位價(萬),車位必買,預算判斷(8000萬),可確認總價(萬),預算判斷說明,主建物(坪),附屬建物(坪),主+附(坪),平台僅揭露之主+附合計(坪),共有部分(坪),車位(坪),權狀總坪,A口徑(主建物>=26),B口徑(主+附>=26),面積標示,最近出入口,步行公尺(估算),步行分鐘(估算),步行測量方式,位置精度,開價÷主建物(萬/坪),扣車位建坪單價(萬/坪),可售狀態,平台數,平台與物件編號,原始網址,查閱時間,臨路或巷內,主要生活機能,已深度查核,第一輪,主要優點,主要疑慮,待確認事項
XA-001,優先看屋,仁愛林蔭管理名邸(C25003E),,臺北市大安區仁愛路四段,大安區,中古屋,電梯大樓,住家用,3房(室)2廳2衛,2,15,40,有,"8,700 元 / 月繳",6800,6800,無,,,,符合,6800,"無車位，總價：6,800 萬 ≤ 預算 8,000 萬",37.31,6.26,43.57,,6.08,,49.64,符合,符合,主建物符合 26 坪,5,703.3,9,地圖估算：OpenStreetMap 步行路網路由（routing.openstreetmap.de，foot profile），起點＝21世紀不動產刊登頁提供的物件座標，終點＝官方出入口座標；時間＝路徑距離÷80 公尺/分，不含等紅燈,platform_coord,182.26,136.99,研究日查得刊登頁，實際可售狀態待確認,1,21世紀不動產:7613422,https://www.century21.com.tw/buypage/7613422,2026-09-20T13:49:10+08:00,,,,,主建物 37.31 坪，高於門檻 11.3 坪,屋齡 40 年：貸款年限與成數可能受限（各銀行不同，未假設你的條件）、管線與防水需檢查,步行時間落在分界附近或各平台座標差異大：需以實際門牌實走確認
XA-002,優先看屋,敦南遠企芳鄰華廈,,臺北市大安區敦化南路二段,大安區,中古屋,電梯華廈,,3房(室)2廳2衛,2,7,45.9,有,"3,289 元 / 月繳",5498,5498,無,,,,符合,5498,"無車位，總價：5,498 萬 ≤ 預算 8,000 萬",35.2,5.87,41.07,,5.89,,46.96,符合,符合,主建物符合 26 坪,2A,562.5,7.5,地圖估算：OpenStreetMap 步行路網路由（routing.openstreetmap.de，foot profile），起點＝21世紀不動產刊登頁提供的物件座標，終點＝官方出入口座標；時間＝路徑距離÷80 公尺/分，不含等紅燈,platform_coord,156.19,117.08,研究日查得刊登頁，實際可售狀態待確認,1,21世紀不動產:7623223,https://www.century21.com.tw/buypage/7623223,2026-09-20T13:49:17+08:00,,,,,主建物 35.2 坪，高於門檻 9.2 坪,屋齡 45.9 年：貸款年限與成數可能受限（各銀行不同，未假設你的條件）、管線與防水需檢查,謄本登記用途未揭露（需確認為住家用）
XA-003,目前不符合條件,通化夜市金透天,,台北市大安區臨江街,大安區,中古屋,透天,住家用,8房(室)4廳4衛,1-3,3,36.8,無,"2,900 元 / 月繳",8500,8500,無,,,,超出預算,8500,"無車位，總價：8,500 萬 > 預算 8,000 萬",45.66,1.57,47.23,,,,47.23,符合,符合,主建物符合 26 坪,4,619.8,8,地圖估算：OpenStreetMap 步行路網路由（routing.openstreetmap.de，foot profile），起點＝住商不動產刊登頁提供的物件座標，終點＝官方出入口座標；時間＝路徑距離÷80 公尺/分，不含等紅燈,platform_coord,186.16,179.97,研究日查得刊登頁，實際可售狀態待確認,4,21世紀不動產:7629404 | 住商不動產:OS224437 | 台灣房屋:TA02472517 | 永慶房屋:7248617,https://www.century21.com.tw/buypage/7629404 | https://www.hbhousing.com.tw/detail?sn=OS224437 | https://www.twhg.com.tw/buy/TA02472517 | https://buy.yungching.com.tw/house/7248617,2026-09-20T13:49:34+08:00 | 2026-09-20T13:26:36+08:00 | 2026-09-20T13:28:07+08:00 | 2026-09-20T13:31:10+08:00,,,,,主建物 45.66 坪，高於門檻 19.7 坪,"超出 8,000 萬預算",
XA-004,優先看屋,文普國際大廈｜101景觀採光3+1房,文普國際大廈,台北市大安區基隆路二段,大安區,中古屋,電梯大樓,住家用 ／ 集合住宅,3房(室)2廳2衛,8,12,45.2,有,3460元/每月,5498,5698,無,,,,符合,5698,"無車位，總價：5,698 萬 ≤ 預算 8,000 萬",38.77,4.28,43.05,,7.09,,50.14,符合,符合,主建物符合 26 坪,4,840.5,11,地圖估算：OpenStreetMap 步行路網路由（routing.openstreetmap.de，foot profile），起點＝住商不動產刊登頁提供的物件座標，終點＝官方出入口座標；時間＝路徑距離÷80 公尺/分，不含等紅燈,platform_coord,146.97,113.64,研究日查得刊登頁，實際可售狀態待確認,9,21世紀不動產:7629773 | 中信房屋:2101645 | 東森房屋:748802 | 住商不動產:OS223100 | 太平洋房屋:S2736304 | 信義房屋:0047RN | 台灣房屋:GA02305634 | 有巢氏房屋:7313752 | 永慶房屋:7414195,https://www.century21.com.tw/buypage/7629773 | https://buy.cthouse.com.tw/house/2101645.html | https://www.etwarm.com.tw/houses/buy/748802 | https://www.hbhousing.com.tw/detail?sn=OS223100 | https://www.pacific.com.tw/Object/ObjectDetail/?saleID=S2736304 | https://www.sinyi.com.tw/buy/house/0047RN | https://www.twhg.com.tw/buy/GA02305634 | https://buy.u-trust.com.tw/house/7313752 | https://buy.yungching.com.tw/house/7414195,2026-09-20T13:49:40+08:00 | 2026-09-20T13:28:06+08:00 | 2026-09-20T13:24:21+08:00 | 2026-09-20T13:27:04+08:00 | 2026-09-20T13:42:12+08:00 | 2026-09-20T13:29:04+08:00 | 2026-09-20T13:26:28+08:00 | 2026-09-20T13:34:06+08:00 | 2026-09-20T13:29:28+08:00,,,,,主建物 38.77 坪，高於門檻 12.8 坪,屋齡 45.2 年：貸款年限與成數可能受限（各銀行不同，未假設你的條件）、管線與防水需檢查,步行時間落在分界附近或各平台座標差異大：需以實際門牌實走確認；各平台開價不一致（5498～5698 萬）：需確認屋主實際委託價
XA-005,目前不符合條件,吳興街增值一樓,,台北市信義區吳興街,信義區,中古屋,公寓,住家用,4房(室)2廳1衛,1,5,48.7,無,,3300,3300,有,是,,,符合,3300,"含車位總價：3,300 萬 ≤ 預算 8,000 萬",16.41,3.81,20.22,,,8.57,28.79,不符合,不符合,兩種口徑皆未達 26 坪,4,913.8,11.5,地圖估算：OpenStreetMap 步行路網路由（routing.openstreetmap.de，foot profile），起點＝住商不動產刊登頁提供的物件座標，終點＝官方出入口座標；時間＝路徑距離÷80 公尺/分，不含等紅燈,platform_coord,,,研究日查得刊登頁，實際可售狀態待確認,2,21世紀不動產:7631878 | 住商不動產:WS59380,https://www.century21.com.tw/buypage/7631878 | https://www.hbhousing.com.tw/detail?sn=WS59380,2026-09-20T13:49:27+08:00 | 2026-09-20T13:28:06+08:00,,,,,（目前沒有明確優勢）,屋齡 48.7 年：貸款年限與成數可能受限（各銀行不同，未假設你的條件）、管線與防水需檢查,管理費未揭露
XA-006,優先看屋,安和小紅樓(63巷南棟)｜信義安和雙併３房美廈,安和小紅樓(63巷南棟),台北市大安區敦化南路二段63巷（信義房屋社區頁代表門牌：63巷38號；本戶門牌未公開）,大安區,中古屋,華廈,住家用 ／ 集合住宅,3房2廳2衛,2,7,42.3,有,"每月約 1,000 元。",4288,4288,無,否,,否,符合,4288,"無車位，總價：4,288 萬 ≤ 預算 8,000 萬",29.48,3.99,33.47,,3.34,,36.82,符合,符合,主建物符合 26 坪,2A,338.7,4.5,地圖估算：OpenStreetMap 步行路網路由（routing.openstreetmap.de，foot profile），起點＝21世紀不動產刊登頁提供的物件座標，終點＝官方出入口座標；時間＝路徑距離÷80 公尺/分，不含等紅燈,platform_coord,145.45,116.46,研究日查得刊登頁，實際可售狀態待確認,2,21世紀不動產:7632852 | 信義房屋:9757YH,https://www.century21.com.tw/buypage/7632852 | https://www.sinyi.com.tw/buy/house/9757YH,2026-09-20T13:48:05+08:00 | 2026-09-20T13:26:50+08:00,巷內（敦化南路二段63巷，介於敦化南路與安和路二段之間；21世紀文案稱巷寬約 11 米；非直接臨敦化南路幹道，實際門牌待確認）,捷運信義安和站（出口2／2A，平台估約 333–342 公尺）、私立立人國中小（信義頁約 135 公尺）、成功市場、通化商圈（21世紀頁列示）、敦安公園等鄰里公園（21世紀頁列示）,是,,敦南二段63巷內、主建物 29.48 坪、公設僅約 9%，平台估到捷運出口約 340 公尺,42 年屋齡的 2 樓且陽台外推，開價每主建物坪 145 萬略高於所有可查到的參考成交,本戶實際門牌（63巷幾號、是否臨 63 巷或在 54 弄內）；建物謄本／測量成果圖：確認陽台 3.99 坪位置與外推範圍；陽台外推是否為民國 84 年以前既存、有無違建查報或拆除通知；兩間浴廁是否有對外窗；同社區乾淨（無特殊關係、無增建備註）的成交資料——查詢期間內沒有
XA-007,先補資料再決定,【外44】敦南美邸,敦南美邸（取自刊登標題，待確認）,臺北市大安區四維路,大安區,中古屋,電梯大樓,住家用,2房(室)2廳2衛,4,13,13.6,有,"35,205 元 / 季繳",7996,7996,有,否,150,,待確認,,"房屋（＋車位？）：介於 7,996～8,146 萬，跨過預算 8,000 萬 → 總價待確認",31.61,5.95,37.56,,18.32,,55.88,符合,符合,主建物符合 26 坪,2A,950,12,地圖估算：OpenStreetMap 步行路網路由（routing.openstreetmap.de，foot profile），起點＝21世紀不動產刊登頁提供的物件座標，終點＝官方出入口座標；時間＝路徑距離÷80 公尺/分，不含等紅燈,platform_coord,252.96,143.09,研究日查得刊登頁，實際可售狀態待確認,1,21世紀不動產:7633970,https://www.century21.com.tw/buypage/7633970,2026-09-20T13:48:20+08:00,推定巷內（四維路192巷，依實價登錄同棟門牌推定；刊登頁只揭露四維路），待確認,遠企購物中心／敦南遠企商圈（頁面）、成功市場（頁面：鄰近市場）、四維公園等鄰里公園（頁面）、捷運科技大樓站、六張犁站（頁面列的鄰近捷運）、建安國小、大安國中（頁面：鄰近學校，非指學區）,是,,屋齡 13.6 年、單層一戶、主建物 31.61 坪的精裝修電梯宅，可對到同棟成交,開價比同棟 7 樓含車位成交高約 23%，車位另計會超過預算，土地持分與使照 8 項事項未說明,車位是否可以完全不買；不買時屋主是否仍願意出售。；「土地持分需再分割」後，隨屋移轉的土地持分坪數。；「使用執照有 8 項列入銷售交代」的逐項內容。；格局圖；附屬建物 5.95 坪的組成（陽台／雨遮）。；本戶有無夾層、陽台外推或其他增建。；實際門牌（是否為四維路192巷16號 4 樓）、社區總戶數、管委會與公共基金狀況。；管理費是否含車位清潔費；塔式車位的保養費與車型限制。
XA-008,先補資料再決定,甲第名宮｜甲第名宮後棟捷運坡車,甲第名宮,台北市大安區信義路四段,大安區,中古屋,電梯大樓,商業用（信義、中信、21世紀）；住商不動產頁標示「辦公室」,3房(室)2廳2衛,5,15,43.83,有,"各平台不一致：信義／21世紀 每月約5,216元＋車位管理費600元（中信5,816元為兩者合計）；住商 6,530元＋車位730元；待確認",6580,6958,有,是,350,,符合,6958,"含車位總價：6,958 萬 ≤ 預算 8,000 萬",43.38,5.84,49.22,,8.73,13.97,71.92,符合,符合,主建物符合 26 坪,4,34.5,0.5,地圖估算：OpenStreetMap 步行路網路由（routing.openstreetmap.de，foot profile），起點＝中信房屋刊登頁提供的物件座標，終點＝官方出入口座標；時間＝路徑距離÷80 公尺/分，不含等紅燈,platform_coord,152.33,114.03,研究日查得刊登頁，實際可售狀態待確認,4,21世紀不動產:7634038 | 中信房屋:2127034 | 住商不動產:WS85238 | 信義房屋:4398FD,https://www.century21.com.tw/buypage/7634038 | https://buy.cthouse.com.tw/house/2127034.html | https://www.hbhousing.com.tw/detail?sn=WS85238 | https://www.sinyi.com.tw/buy/house/4398FD,2026-09-20T13:48:36+08:00 | 2026-09-20T13:23:34+08:00 | 2026-09-20T13:25:15+08:00 | 2026-09-20T13:30:41+08:00,門牌在信義路四段、緊鄰 4 號出口；刊登標題稱「後棟」，若屬實則不直接臨信義路、主要開窗朝南面向後方街廓，棟別與面向待現場確認,捷運信義安和站出口4（住商頁標示約 34 公尺；信義頁 53 公尺）、通化公園（住商頁標示約 121 公尺）、仁愛國小（約 391 公尺）、仁愛國中（約 505 公尺）（住商頁距離；學區以教育局公告為準）、通化街／臨江街夜市商圈（21世紀頁列為鄰近商圈）、YouBike 站（中信文案稱下樓即有）,是,,"4 號出口旁、主建物 43 坪含坡道平面車位 6,580 萬，與同建案 2025 年成交單價接近",登記商業用／辦公室、現況辦公室裝修，格局圖標註佔用梯間，各平台價格與費用數字不一致,謄本主要用途與使用執照原核准用途；目前房屋稅／地價稅課徵稅率。；確切門牌與棟別（前棟／後棟）、面向與棟距。；屋主實際委託價與車位拆分價；車位能否不買、車位編號與尺寸。；「佔用梯間」的範圍、是否經區權會同意、是否曾被檢舉。；現行管理費與車位清潔費；公共基金與近年大修紀錄。；海砂、輻射檢測與耐震初評資料。
XA-009,先補資料再決定,世貿商業大樓,,臺北市信義區基隆路2段,信義區,中古屋,其他(住辦),一般事務所,1廳2衛,4,12,34,,"每戶8,091(元)/月",5690,5690,無,,,,符合,5690,"無車位，總價：5,690 萬 ≤ 預算 8,000 萬",46.97,2.86,49.83,,9.19,,59.03,符合,符合,主建物符合 26 坪,4,703.5,9,地圖估算：OpenStreetMap 步行路網路由（routing.openstreetmap.de，foot profile），起點＝中信房屋刊登頁提供的物件座標，終點＝官方出入口座標；時間＝路徑距離÷80 公尺/分，不含等紅燈,platform_coord,121.14,96.39,研究日查得刊登頁，實際可售狀態待確認,1,中信房屋:1660007,https://buy.cthouse.com.tw/house/1660007.html,2026-09-20T13:29:38+08:00,,,,,主建物 46.97 坪，高於門檻 21.0 坪,住宅用途待確認,步行時間落在分界附近或各平台座標差異大：需以實際門牌實走確認；登記用途含非純住家項目（一般事務所）：能否作住宅使用、貸款成數與稅率需另行確認；不列入優先看屋
XA-010,優先看屋,獨家~敦南捷運收租大四房華廈,,臺北市大安區敦化南路2段,大安區,中古屋,電梯大樓,集合住宅,4房2廳2衛1室,3,7,48.17,有,"每戶4,800(元)/4個月",6888,6888,無,,,,符合,6888,"無車位，總價：6,888 萬 ≤ 預算 8,000 萬",42.41,9.01,51.42,,9.07,,60.49,符合,符合,主建物符合 26 坪,2,314.9,4,地圖估算：OpenStreetMap 步行路網路由（routing.openstreetmap.de，foot profile），起點＝中信房屋刊登頁提供的物件座標，終點＝官方出入口座標；時間＝路徑距離÷80 公尺/分，不含等紅燈,platform_coord,162.41,113.87,研究日查得刊登頁，實際可售狀態待確認,1,中信房屋:1815165,https://buy.cthouse.com.tw/house/1815165.html,2026-09-20T13:30:05+08:00,,,,,步行約 4 分到捷運出入口,屋齡 48.17 年：貸款年限與成數可能受限（各銀行不同，未假設你的條件）、管線與防水需檢查,
XA-011,優先看屋,東區忠孝一巷人潮無限,,臺北市大安區忠孝東路4段,大安區,中古屋,電梯大樓,住家用,1廳2衛,1,7,46.5,有,"每戶2,500(元)/月",6988,6988,無,,,,符合,6988,"無車位，總價：6,988 萬 ≤ 預算 8,000 萬",30.33,6.14,36.47,,1.15,,37.62,符合,符合,主建物符合 26 坪,1,974.4,12.5,地圖估算：OpenStreetMap 步行路網路由（routing.openstreetmap.de，foot profile），起點＝中信房屋刊登頁提供的物件座標，終點＝官方出入口座標；時間＝路徑距離÷80 公尺/分，不含等紅燈,platform_coord,230.40,185.75,研究日查得刊登頁，實際可售狀態待確認,1,中信房屋:1880888,https://buy.cthouse.com.tw/house/1880888.html,2026-09-20T13:29:01+08:00,,,,,公設比低（約 3%）,屋齡 46.5 年：貸款年限與成數可能受限（各銀行不同，未假設你的條件）、管線與防水需檢查,
XA-012,優先看屋,獨家東區商圈大面寬美廈,,臺北市大安區敦化南路1段,大安區,中古屋,電梯大樓,集合住宅,5房2廳2衛,2,6,50,有,"每戶4,000(元)/月",7998,7998,有,是,300,,符合,7998,"含車位總價：7,998 萬 ≤ 預算 8,000 萬",72.79,,,,,10.97,83.77,符合,符合,主建物符合 26 坪,1,935.8,12,地圖估算：OpenStreetMap 步行路網路由（routing.openstreetmap.de，foot profile），起點＝中信房屋刊登頁提供的物件座標，終點＝官方出入口座標；時間＝路徑距離÷80 公尺/分，不含等紅燈,platform_coord,105.76,105.74,研究日查得刊登頁，實際可售狀態待確認,1,中信房屋:1902379,https://buy.cthouse.com.tw/house/1902379.html,2026-09-20T13:29:28+08:00,,,,,主建物 72.79 坪，高於門檻 46.8 坪,屋齡 50 年：貸款年限與成數可能受限（各銀行不同，未假設你的條件）、管線與防水需檢查,附屬建物坪數未揭露
XA-013,優先看屋,專約大安區雙捷運五房,,臺北市大安區樂業街,大安區,中古屋,公寓,住家用,5房2廳3衛,5,5,45.58,無,,2750,2750,有,否,,否,符合,2750,"房屋總價（車位選配）：2,750 萬 ≤ 預算 8,000 萬",27.47,8.04,35.51,,2.42,,37.93,符合,符合,主建物符合 26 坪,2A,1132.5,14.5,地圖估算：OpenStreetMap 步行路網路由（routing.openstreetmap.de，foot profile），起點＝中信房屋刊登頁提供的物件座標，終點＝官方出入口座標；時間＝路徑距離÷80 公尺/分，不含等紅燈,platform_coord,100.11,72.50,研究日查得刊登頁，實際可售狀態待確認,1,中信房屋:1930060,https://buy.cthouse.com.tw/house/1930060.html,2026-09-20T13:23:57+08:00,,,,,公設比低（約 6%）,屋齡 45.58 年：貸款年限與成數可能受限（各銀行不同，未假設你的條件）、管線與防水需檢查,步行時間落在分界附近或各平台座標差異大：需以實際門牌實走確認；車位面積未揭露：無法確認權狀坪數中有多少是車位；管理費未揭露
XA-014,先補資料再決定,信義安和電梯美三房,,台北市大安區文昌街,大安區,中古屋,華廈,住家用 ／ 住家,3房2廳2衛,2,7,45.2,有,每月約 800 元。,3688,3688,無,,,,符合,3688,"無車位，總價：3,688 萬 ≤ 預算 8,000 萬",24.23,3.67,27.9,,6.05,,33.95,不符合,符合,主＋附符合26坪；主建物未達26坪,4,439.2,5.5,地圖估算：OpenStreetMap 步行路網路由（routing.openstreetmap.de，foot profile），起點＝中信房屋刊登頁提供的物件座標，終點＝官方出入口座標；時間＝路徑距離÷80 公尺/分，不含等紅燈,platform_coord,152.21,108.63,研究日查得刊登頁，實際可售狀態待確認,4,中信房屋:1944944 | 東森房屋:745373 | 住商不動產:OS215578 | 信義房屋:2176JQ,https://buy.cthouse.com.tw/house/1944944.html | https://www.etwarm.com.tw/houses/buy/745373 | https://www.hbhousing.com.tw/detail?sn=OS215578 | https://www.sinyi.com.tw/buy/house/2176JQ,2026-09-20T13:28:21+08:00 | 2026-09-20T13:24:23+08:00 | 2026-09-20T13:26:17+08:00 | 2026-09-20T13:25:52+08:00,,,,,步行約 5.5 分，屬優先範圍,屋齡 45.2 年：貸款年限與成數可能受限（各銀行不同，未假設你的條件）、管線與防水需檢查,
XA-015,優先看屋,藍天凱悅｜藍天凱悅,藍天凱悅,台北市大安區敦化南路二段,大安區,中古屋,電梯大樓,住家用,2房2廳2衛,5,26,40.8,有,"每月約 4,090 元。",4980,4980,無,,,,符合,4980,"無車位，總價：4,980 萬 ≤ 預算 8,000 萬",28.89,5.27,34.16,,6.89,,41.04,符合,符合,主建物符合 26 坪,2A,848.9,11,地圖估算：OpenStreetMap 步行路網路由（routing.openstreetmap.de，foot profile），起點＝信義房屋刊登頁提供的物件座標，終點＝官方出入口座標；時間＝路徑距離÷80 公尺/分，不含等紅燈,platform_coord,172.38,121.35,研究日查得刊登頁，實際可售狀態待確認,3,中信房屋:1980230 | 信義房屋:9445KN | 永慶房屋:7496275,https://buy.cthouse.com.tw/house/1980230.html | https://www.sinyi.com.tw/buy/house/9445KN | https://buy.yungching.com.tw/house/7496275,2026-09-20T13:27:25+08:00 | 2026-09-20T13:28:14+08:00 | 2026-09-20T13:29:18+08:00,,,,,總價 4980 萬，保留較多預算空間,屋齡 40.8 年：貸款年限與成數可能受限（各銀行不同，未假設你的條件）、管線與防水需檢查,步行時間落在分界附近或各平台座標差異大：需以實際門牌實走確認
XA-016,目前不符合條件,附中高樓可住辦有坡車,,台北市大安區復興南路一段,大安區,中古屋,電梯大樓,住家用,1房(室)1廳2衛,9,14,47.67,有,2540元/每月,5200,5999,有,是,,,符合,5999,"含車位總價：5,999 萬 ≤ 預算 8,000 萬",33.77,6.95,40.72,,4.92,,45.63,符合,符合,主建物符合 26 坪,1,1229.4,15.5,地圖估算：OpenStreetMap 步行路網路由（routing.openstreetmap.de，foot profile），起點＝中信房屋刊登頁提供的物件座標，終點＝官方出入口座標；時間＝路徑距離÷80 公尺/分，不含等紅燈,platform_coord,,,研究日查得刊登頁，實際可售狀態待確認,2,中信房屋:1988975 | 住商不動產:WS33747,https://buy.cthouse.com.tw/house/1988975.html | https://www.hbhousing.com.tw/detail?sn=WS33747,2026-09-20T13:29:50+08:00 | 2026-09-20T13:28:38+08:00,,,,,主建物 33.77 坪，高於門檻 7.8 坪,步行超過 15 分鐘,步行時間落在分界附近或各平台座標差異大：需以實際門牌實走確認；總價含車位，但車位價格未拆分：無法計算扣車位後單價；車位面積未揭露：無法確認權狀坪數中有多少是車位；各平台開價不一致（5200～5999 萬）：需確認屋主實際委託價
XA-017,先補資料再決定,信義安和站．通化獨棟大面寬一樓,,臺北市大安區通化街,大安區,中古屋,其他(住店),商業用,3房3廳5衛,1,5,42.25,,,6780,6780,無,,,,符合,6780,"無車位，總價：6,780 萬 ≤ 預算 8,000 萬",32.59,3.54,36.13,,4.46,,40.58,符合,符合,主建物符合 26 坪,4,657,8.5,地圖估算：OpenStreetMap 步行路網路由（routing.openstreetmap.de，foot profile），起點＝中信房屋刊登頁提供的物件座標，終點＝官方出入口座標；時間＝路徑距離÷80 公尺/分，不含等紅燈,platform_coord,208.04,167.08,研究日查得刊登頁，實際可售狀態待確認,1,中信房屋:1989506,https://buy.cthouse.com.tw/house/1989506.html,2026-09-20T13:29:56+08:00,,,,,主建物 32.59 坪，高於門檻 6.6 坪,住宅用途待確認,登記用途含非純住家項目（商業用）：能否作住宅使用、貸款成數與稅率需另行確認；不列入優先看屋；管理費未揭露
XA-018,目前不符合條件,中南大廈｜大安捷運站高樓景觀宅,中南大廈,台北市大安區復興南路一段,大安區,中古屋,電梯大樓,住家用,6房(室)--廳2衛,13,14,47.7,有,3900元/每月,4899,4899,無,,,,符合,4899,"無車位，總價：4,899 萬 ≤ 預算 8,000 萬",35.25,2.84,38.09,,5.03,,43.12,符合,符合,主建物符合 26 坪,1,1229.9,15.5,地圖估算：OpenStreetMap 步行路網路由（routing.openstreetmap.de，foot profile），起點＝中信房屋刊登頁提供的物件座標，終點＝官方出入口座標；時間＝路徑距離÷80 公尺/分，不含等紅燈,platform_coord,138.98,113.61,研究日查得刊登頁，實際可售狀態待確認,4,中信房屋:1999521 | 住商不動產:WS53132 | 信義房屋:8191FM | 永慶房屋:5307553,https://buy.cthouse.com.tw/house/1999521.html | https://www.hbhousing.com.tw/detail?sn=WS53132 | https://www.sinyi.com.tw/buy/house/8191FM | https://buy.yungching.com.tw/house/5307553,2026-09-20T13:29:54+08:00 | 2026-09-20T13:28:43+08:00 | 2026-09-20T13:28:09+08:00 | 2026-09-20T13:32:10+08:00,,,,,主建物 35.25 坪，高於門檻 9.2 坪,步行超過 15 分鐘,步行時間落在分界附近或各平台座標差異大：需以實際門牌實走確認
XA-019,優先看屋,東區捷運雙併美廈,,台北市大安區忠孝東路四段,大安區,中古屋,華廈,住家用,4房2廳2衛1室,5,7,50.33,有,"每月約 1,500 元。",4598,4598,無,,,,符合,4598,"無車位，總價：4,598 萬 ≤ 預算 8,000 萬",39.08,4.68,43.76,,,,43.76,符合,符合,主建物符合 26 坪,1,1020.4,13,地圖估算：OpenStreetMap 步行路網路由（routing.openstreetmap.de，foot profile），起點＝中信房屋刊登頁提供的物件座標，終點＝官方出入口座標；時間＝路徑距離÷80 公尺/分，不含等紅燈,platform_coord,117.66,105.07,研究日查得刊登頁，實際可售狀態待確認,2,中信房屋:2004337 | 信義房屋:4830AS,https://buy.cthouse.com.tw/house/2004337.html | https://www.sinyi.com.tw/buy/house/4830AS,2026-09-20T13:23:40+08:00 | 2026-09-20T13:27:34+08:00,,,,,主建物 39.08 坪，高於門檻 13.1 坪,屋齡 50.33 年：貸款年限與成數可能受限（各銀行不同，未假設你的條件）、管線與防水需檢查,
XA-020,先補資料再決定,通化好停車邊間一樓,,台北市大安區通化街,大安區,中古屋,公寓,住商用,0房0廳1衛,1,5,45.42,無,,4288,4288,無,,,,符合,4288,"無車位，總價：4,288 萬 ≤ 預算 8,000 萬",23.03,22.27,45.3,,,,45.3,不符合,符合,主＋附符合26坪；主建物未達26坪,4,368.7,5,地圖估算：OpenStreetMap 步行路網路由（routing.openstreetmap.de，foot profile），起點＝台灣房屋刊登頁提供的物件座標，終點＝官方出入口座標；時間＝路徑距離÷80 公尺/分，不含等紅燈,platform_coord,186.19,94.66,研究日查得刊登頁，實際可售狀態待確認,2,中信房屋:2015632 | 台灣房屋:TA02333942,https://buy.cthouse.com.tw/house/2015632.html | https://www.twhg.com.tw/buy/TA02333942,2026-09-20T13:28:47+08:00 | 2026-09-20T13:25:45+08:00,,,,,步行約 5 分到捷運出入口,住宅用途待確認,現況是否為隔套收租產品待確認；登記用途含非純住家項目（住商用）：能否作住宅使用、貸款成數與稅率需另行確認；不列入優先看屋；管理費未揭露
XA-021,先補資料再決定,延吉美妝大庭院一樓,,台北市大安區延吉街,大安區,中古屋,華廈,店舖.辦公室 ／ 商業用 ／ 商業用或辦公室,3室2廳2衛,1,7,44.9,有,700元/每月,4880,4880,無,,,,符合,4880,"無車位，總價：4,880 萬 ≤ 預算 8,000 萬",29.33,3.69,33.02,,4.23,,37.25,符合,符合,主建物符合 26 坪,5,405.8,5.5,地圖估算：OpenStreetMap 步行路網路由（routing.openstreetmap.de，foot profile），起點＝中信房屋刊登頁提供的物件座標，終點＝官方出入口座標；時間＝路徑距離÷80 公尺/分，不含等紅燈,platform_coord,166.38,131.01,研究日查得刊登頁，實際可售狀態待確認,3,中信房屋:2025797 | 住商不動產:ZS147514 | 有巢氏房屋:5270232,https://buy.cthouse.com.tw/house/2025797.html | https://www.hbhousing.com.tw/detail?sn=ZS147514 | https://buy.u-trust.com.tw/house/5270232,2026-09-20T13:28:25+08:00 | 2026-09-20T13:26:13+08:00 | 2026-09-20T13:33:18+08:00,,,,,公設比低（約 11%）,住宅用途待確認,登記用途含非純住家項目（店舖.辦公室、商業用、商業用或辦公室）：能否作住宅使用、貸款成數與稅率需另行確認；不列入優先看屋
XA-022,優先看屋,雙橡園華廈｜大安稀有華廈美3房,雙橡園華廈,台北市大安區安和路二段,大安區,中古屋,華廈,住家用,3房(室)2廳3衛,2,7,44.8,有,"各平台刊 4,675 元/月；東森文案稱住家費率 3,850 元/月、公司費率 4,675 元/月（以管委會規定為準）",5488,5488,無,,,,符合,5488,"無車位，總價：5,488 萬 ≤ 預算 8,000 萬",41.39,4.13,45.52,,9.08,,54.6,符合,符合,主建物符合 26 坪,2A,415.7,5.5,地圖估算：OpenStreetMap 步行路網路由（routing.openstreetmap.de，foot profile），起點＝中信房屋刊登頁提供的物件座標，終點＝官方出入口座標；時間＝路徑距離÷80 公尺/分，不含等紅燈,platform_coord,132.59,100.51,研究日查得刊登頁，實際可售狀態待確認,5,中信房屋:2045046 | 東森房屋:702327 | 住商不動產:OS217434 | 信義房屋:82584Q | 永慶房屋:6329281,https://buy.cthouse.com.tw/house/2045046.html | https://www.etwarm.com.tw/houses/buy/702327 | https://www.hbhousing.com.tw/detail?sn=OS217434 | https://www.sinyi.com.tw/buy/house/82584Q | https://buy.yungching.com.tw/house/6329281,2026-09-20T13:26:29+08:00 | 2026-09-20T13:24:26+08:00 | 2026-09-20T13:25:54+08:00 | 2026-09-20T13:29:01+08:00 | 2026-09-20T13:29:34+08:00,文案稱安和路二段靜巷、面臨路寬約 12 米；門牌未公開，是否臨安和路二段本線待確認,捷運信義安和站出口2A（平台資料約 395 公尺）、全聯福利中心（約 112 公尺）與 Mia C'bon 超市（約 70 公尺）、居安公園（約 207 公尺）、私立立人國際中小學（約 66 公尺，緊鄰）、遠企購物中心（約 500 公尺）,是,是,主建物 41.39 坪、24 小時保全電梯華廈，五平台面積資料一致，步行約 5–6 分,2 樓、帶租約、可住可辦的住辦混合棟，掛售逾三年未成交，格局圖有陽台外移,租約內容（對象、用途、租金、到期日、能否點交空屋）；本戶現況是住家還是公司使用、是否有公司登記；確切門牌巷弄與臨路狀況；一樓與同層其他戶的用途；海砂檢測、管線更新與公共修繕紀錄；座向（各平台不一致）
XA-023,優先看屋,翡翠大廈｜附中面公園樹海住辦,翡翠大廈,台北市大安區大安路一段,大安區,中古屋,華廈,住家用 ／ 集合住宅,2房2廳2衛1室,2,7,53.92,有,"每月約 5,550 元。(車位管理費包含在大樓管理費內 / 月繳)",5898,5898,有,是,400,,符合,5898,"含車位總價：5,898 萬 ≤ 預算 8,000 萬",37.85,1.36,39.21,,,11.98,51.2,符合,符合,主建物符合 26 坪,1,1029.4,13,地圖估算：OpenStreetMap 步行路網路由（routing.openstreetmap.de，foot profile），起點＝住商不動產刊登頁提供的物件座標，終點＝官方出入口座標；時間＝路徑距離÷80 公尺/分，不含等紅燈,platform_coord,145.26,140.18,研究日查得刊登頁，實際可售狀態待確認,3,中信房屋:2052085 | 住商不動產:WS80645 | 信義房屋:8816XK,https://buy.cthouse.com.tw/house/2052085.html | https://www.hbhousing.com.tw/detail?sn=WS80645 | https://www.sinyi.com.tw/buy/house/8816XK,2026-09-20T13:25:57+08:00 | 2026-09-20T13:27:37+08:00 | 2026-09-20T13:29:45+08:00,,,,,主建物 37.85 坪，高於門檻 11.9 坪,屋齡 53.92 年：貸款年限與成數可能受限（各銀行不同，未假設你的條件）、管線與防水需檢查,
XA-024,先補資料再決定,好「辦」了！世貿出口就是這間,,臺北市信義區基隆路2段,信義區,中古屋,其他(住辦),一般事務所,1廳1衛2室,7,12,34,,"每戶2,801(元)/月",2780,2780,無,,,,符合,2780,"無車位，總價：2,780 萬 ≤ 預算 8,000 萬",25.05,,,,4.59,,29.65,不符合,待確認,面積待確認,4,703.5,9,地圖估算：OpenStreetMap 步行路網路由（routing.openstreetmap.de，foot profile），起點＝中信房屋刊登頁提供的物件座標，終點＝官方出入口座標；時間＝路徑距離÷80 公尺/分，不含等紅燈,platform_coord,110.98,93.76,研究日查得刊登頁，實際可售狀態待確認,1,中信房屋:2052145,https://buy.cthouse.com.tw/house/2052145.html,2026-09-20T13:28:59+08:00,,,,,步行約 9 分，屬優先範圍,住宅用途待確認,步行時間落在分界附近或各平台座標差異大：需以實際門牌實走確認；附屬建物坪數未揭露；登記用途含非純住家項目（一般事務所）：能否作住宅使用、貸款成數與稅率需另行確認；不列入優先看屋
XA-025,優先看屋,杜邦雲漢廣場｜信義安和典雅三房,杜邦雲漢廣場,台北市大安區信義路四段265巷（信義房屋社區頁代表門牌：265巷33號；同社區實價登錄門牌見 265巷31弄7號；本戶門牌未公開）,大安區,中古屋,華廈,住家用,3房2廳2衛,2,7,48.2,有,"每月約 1,830 元（中信、信義）；有巢氏頁面寫 1,860 元，待確認",3780,3780,無,否,,否,符合,3780,"無車位，總價：3,780 萬 ≤ 預算 8,000 萬",29.17,3.55,32.72,,3.48,,36.2,符合,符合,主建物符合 26 坪,5,295.3,4,地圖估算：OpenStreetMap 步行路網路由（routing.openstreetmap.de，foot profile），起點＝中信房屋刊登頁提供的物件座標，終點＝官方出入口座標；時間＝路徑距離÷80 公尺/分，不含等紅燈,platform_coord,129.59,104.42,研究日查得刊登頁，實際可售狀態待確認,3,中信房屋:2063415 | 信義房屋:0076UN | 有巢氏房屋:7504797,https://buy.cthouse.com.tw/house/2063415.html | https://www.sinyi.com.tw/buy/house/0076UN | https://buy.u-trust.com.tw/house/7504797,2026-09-20T13:28:19+08:00 | 2026-09-20T13:26:06+08:00 | 2026-09-20T13:33:02+08:00,巷內（信義路四段265巷一帶，信義路與仁愛路之間；非直接臨信義路幹道；社區 1 樓有店面，實際門牌與臨巷面待確認）,捷運信義安和站出口5（平台估約 226–305 公尺）、公車站：信義通化街口、三張犁、信義光復路口（有巢氏／中信頁列示）、仁愛國小、仁愛國中（中信頁列為鄰近學校；學區以市府當年度公告為準）、曉星幼兒園等幼托機構（信義頁約 100 公尺內）,是,是,開價每主建物坪約 130 萬，低於同巷鄰棟近一年無備註成交（133–143 萬），步行約 4 分、空屋好看屋,48 年屋齡的 2 樓、樓下有店面、陽台外推且浴廁疑無對外窗，「管線全更新」沒有文件佐證,"本戶實際門牌（265 巷幾號／31 弄幾號）與臨巷位置；管線更新與裝修的施工時間、範圍、廠商與保固文件；陽台外推的施作年代與有無違建查報；正確座向與各房對外窗狀況（浴廁是否有窗）；正確管理費（1,830 或 1,860 元）與管委會財務、公共修繕紀錄；同社區 2 樓或中間樓層的乾淨成交——查詢期間內沒有"
XA-026,先補資料再決定,仁愛學區安和美寓,,台北市大安區安和路一段,大安區,中古屋,公寓,住家用,1房2廳2衛,5,5,50.2,無,,3615,3650,無,,,,符合,3650,"無車位，總價：3,650 萬 ≤ 預算 8,000 萬",29.22,3.97,33.19,,,,33.19,待確認,待確認,面積待確認,1,251.1,3.5,地圖估算：OpenStreetMap 步行路網路由（routing.openstreetmap.de，foot profile），起點＝住商不動產刊登頁提供的物件座標，終點＝官方出入口座標；時間＝路徑距離÷80 公尺/分，不含等紅燈,platform_coord,124.91,109.97,研究日查得刊登頁，實際可售狀態待確認,3,中信房屋:2064021 | 住商不動產:WS42485 | 信義房屋:0064YY,https://buy.cthouse.com.tw/house/2064021.html | https://www.hbhousing.com.tw/detail?sn=WS42485 | https://www.sinyi.com.tw/buy/house/0064YY,2026-09-20T13:24:23+08:00 | 2026-09-20T13:25:32+08:00 | 2026-09-20T13:25:35+08:00,依文案與外觀照片為安和路一段巷內（非臨安和路本線）；照片可見巷內一樓有店家；確切巷弄待確認,捷運信義安和站（地圖估算約 250 公尺）、市立仁愛國小、市立仁愛國中、國泰綜合醫院（頁面列公車站『仁愛國泰醫院』）,是,,離信義安和站約 3–4 分鐘的住家用公寓，扣除陽台後室內推算約 29 坪、土地持分 9.77 坪,50 年屋齡的 5 樓頂樓無電梯公寓，格局與屋況未揭露，頁面主建物含陽台，開價高於鄰近公寓成交,謄本層次面積（主建物、陽臺、樓梯間的登記方式）；現況格局與屋況（幾房幾衛、是否已拆除隔間）；屋頂平台現況：有無加蓋、防水紀錄、使用權約定；管理方式與公共費用分攤；確切巷弄門牌與一樓店家型態；完工日、海砂與輻射檢測、管線更新紀錄
XA-027,優先看屋,信義安和站．電梯高樓有管理,,臺北市大安區仁愛路4段,大安區,中古屋,電梯大樓,住家用,2房2廳2衛,11,14,43.08,有,"每戶2,625(元)/月",3800,3800,無,,,,符合,3800,"無車位，總價：3,800 萬 ≤ 預算 8,000 萬",28.33,2.84,31.17,,4.07,,35.24,符合,符合,主建物符合 26 坪,1,236.9,3,地圖估算：OpenStreetMap 步行路網路由（routing.openstreetmap.de，foot profile），起點＝中信房屋刊登頁提供的物件座標，終點＝官方出入口座標；時間＝路徑距離÷80 公尺/分，不含等紅燈,platform_coord,134.13,107.83,研究日查得刊登頁，實際可售狀態待確認,1,中信房屋:2065566,https://buy.cthouse.com.tw/house/2065566.html,2026-09-20T13:24:01+08:00,,,,,步行約 3 分到捷運出入口,屋齡 43.08 年：貸款年限與成數可能受限（各銀行不同，未假設你的條件）、管線與防水需檢查,
XA-028,先補資料再決定,凌雲大廈｜忠孝東路凌雲稀有住辦,凌雲大廈,台北市大安區忠孝東路四段,大安區,中古屋,電梯大樓,住家用,1廳2衛,6,12,53.9,有,"每月約 5,500 元。",5998,5998,無,,,,符合,5998,"無車位，總價：5,998 萬 ≤ 預算 8,000 萬",42.99,3.73,46.72,,,,46.72,符合,符合,主建物符合 26 坪,1,965.6,12.5,地圖估算：OpenStreetMap 步行路網路由（routing.openstreetmap.de，foot profile），起點＝信義房屋刊登頁提供的物件座標，終點＝官方出入口座標；時間＝路徑距離÷80 公尺/分，不含等紅燈,platform_coord,139.52,128.38,研究日查得刊登頁，實際可售狀態待確認,4,中信房屋:2067000 | 住商不動產:WS65893 | 太平洋房屋:S2987275 | 信義房屋:8188QU,https://buy.cthouse.com.tw/house/2067000.html | https://www.hbhousing.com.tw/detail?sn=WS65893 | https://www.pacific.com.tw/Object/ObjectDetail/?saleID=S2987275 | https://www.sinyi.com.tw/buy/house/8188QU,2026-09-20T13:24:18+08:00 | 2026-09-20T13:28:30+08:00 | 2026-09-20T13:42:14+08:00 | 2026-09-20T13:30:04+08:00,,,,,主建物 42.99 坪，高於門檻 17.0 坪,屋齡 53.9 年：貸款年限與成數可能受限（各銀行不同，未假設你的條件）、管線與防水需檢查,現況是否為隔套收租產品待確認
XA-029,優先看屋,台北101世貿站 信義路4段 收租 住辦美夏,,臺北市信義區信義路四段,信義區,中古屋,電梯大樓,住家用,1廳2衛4室,8,12,43.83,有,"每戶3,558(元)/月",4428,4428,無,,,,符合,4428,"無車位，總價：4,428 萬 ≤ 預算 8,000 萬",32.58,1.75,34.33,,5.9,,40.23,符合,符合,主建物符合 26 坪,5,514.2,6.5,地圖估算：OpenStreetMap 步行路網路由（routing.openstreetmap.de，foot profile），起點＝中信房屋刊登頁提供的物件座標，終點＝官方出入口座標；時間＝路徑距離÷80 公尺/分，不含等紅燈,platform_coord,135.91,110.07,研究日查得刊登頁，實際可售狀態待確認,1,中信房屋:2071554,https://buy.cthouse.com.tw/house/2071554.html,2026-09-20T13:28:45+08:00,,,,,主建物 32.58 坪，高於門檻 6.6 坪,屋齡 43.83 年：貸款年限與成數可能受限（各銀行不同，未假設你的條件）、管線與防水需檢查,
XA-030,先補資料再決定,通化商圈稀有透天厝,,台北市大安區通化街,大安區,中古屋,透天,住家用,6房(室)4廳4衛,1-3,3,39.25,無,,6200,6200,無,,,,符合,6200,"無車位，總價：6,200 萬 ≤ 預算 8,000 萬",39.62,,,,,,39.62,待確認,待確認,面積待確認,2A,579,7.5,地圖估算：OpenStreetMap 步行路網路由（routing.openstreetmap.de，foot profile），起點＝住商不動產刊登頁提供的物件座標，終點＝官方出入口座標；時間＝路徑距離÷80 公尺/分，不含等紅燈,platform_coord,156.49,156.49,研究日查得刊登頁，實際可售狀態待確認,2,中信房屋:2073004 | 住商不動產:WS82488,https://buy.cthouse.com.tw/house/2073004.html | https://www.hbhousing.com.tw/detail?sn=WS82488,2026-09-20T13:29:36+08:00 | 2026-09-20T13:26:27+08:00,,,,,主建物 39.62 坪，高於門檻 13.6 坪,面積待確認,刊登頁的主建物等於總建坪（39.62 坪），沒有附屬建物與共有部分的拆分：平台可能未拆分陽台、樓梯間或公設，主建物實際數字需以謄本確認；附屬建物坪數未揭露；管理費未揭露
XA-031,先補資料再決定,大安獨棟景觀陽光學區三房,,台北市大安區大安路二段,大安區,中古屋,公寓,住家用,3房(室)2廳2衛,5,5,45.58,無,,2688,2688,無,,,,符合,2688,"無車位，總價：2,688 萬 ≤ 預算 8,000 萬",23.27,3.46,26.73,,,,26.73,不符合,符合,主＋附符合26坪；主建物未達26坪,2,1021.4,13,地圖估算：OpenStreetMap 步行路網路由（routing.openstreetmap.de，foot profile），起點＝住商不動產刊登頁提供的物件座標，終點＝官方出入口座標；時間＝路徑距離÷80 公尺/分，不含等紅燈,platform_coord,115.51,100.56,研究日查得刊登頁，實際可售狀態待確認,2,中信房屋:2074418 | 住商不動產:WS66356,https://buy.cthouse.com.tw/house/2074418.html | https://www.hbhousing.com.tw/detail?sn=WS66356,2026-09-20T13:26:41+08:00 | 2026-09-20T13:27:33+08:00,,,,,（目前沒有明確優勢）,屋齡 45.58 年：貸款年限與成數可能受限（各銀行不同，未假設你的條件）、管線與防水需檢查,管理費未揭露
XA-032,優先看屋,群峰香榭大廈｜仁愛香榭原始景觀戶,群峰香榭大廈,台北市大安區仁愛路四段,大安區,中古屋,電梯大樓,住家用,開放式,12,12,49.8,有,3572元/每月,4800,4800,無,,,,符合,4800,"無車位，總價：4,800 萬 ≤ 預算 8,000 萬",26.81,5.71,32.52,,5.09,,37.61,符合,符合,主建物符合 26 坪,1,1169.6,15,地圖估算：OpenStreetMap 步行路網路由（routing.openstreetmap.de，foot profile），起點＝住商不動產刊登頁提供的物件座標，終點＝官方出入口座標；時間＝路徑距離÷80 公尺/分，不含等紅燈,platform_coord,179.04,127.63,研究日查得刊登頁，實際可售狀態待確認,4,中信房屋:2076246 | 住商不動產:OS231411 | 信義房屋:2501YX | 有巢氏房屋:7047306,https://buy.cthouse.com.tw/house/2076246.html | https://www.hbhousing.com.tw/detail?sn=OS231411 | https://www.sinyi.com.tw/buy/house/2501YX | https://buy.u-trust.com.tw/house/7047306,2026-09-20T13:29:26+08:00 | 2026-09-20T13:28:13+08:00 | 2026-09-20T13:27:54+08:00 | 2026-09-20T13:33:12+08:00,,,,,公設比低（約 14%）,屋齡 49.8 年：貸款年限與成數可能受限（各銀行不同，未假設你的條件）、管線與防水需檢查,步行時間落在分界附近或各平台座標差異大：需以實際門牌實走確認
XA-034,優先看屋,忠孝名家｜明耀三普邊間二樓,忠孝名家,台北市大安區仁愛路四段,大安區,中古屋,電梯大樓,住家用,4房2廳2衛,2,11,37.1,有,"每月約 5,210 元。",6980,6980,無,,,,符合,6980,"無車位，總價：6,980 萬 ≤ 預算 8,000 萬",37.41,5.01,42.42,,9.71,,52.13,符合,符合,主建物符合 26 坪,1,836.9,10.5,地圖估算：OpenStreetMap 步行路網路由（routing.openstreetmap.de，foot profile），起點＝信義房屋刊登頁提供的物件座標，終點＝官方出入口座標；時間＝路徑距離÷80 公尺/分，不含等紅燈,platform_coord,186.58,133.90,研究日查得刊登頁，實際可售狀態待確認,4,中信房屋:2080927 | 住商不動產:WS68187 | 信義房屋:0827GU | 永慶房屋:6399589,https://buy.cthouse.com.tw/house/2080927.html | https://www.hbhousing.com.tw/detail?sn=WS68187 | https://www.sinyi.com.tw/buy/house/0827GU | https://buy.yungching.com.tw/house/6399589,2026-09-20T13:29:17+08:00 | 2026-09-20T13:27:50+08:00 | 2026-09-20T13:31:04+08:00 | 2026-09-20T13:31:28+08:00,,,,,主建物 37.41 坪，高於門檻 11.4 坪,屋齡 37.1 年：需留意管線、防水與貸款年限,步行時間落在分界附近或各平台座標差異大：需以實際門牌實走確認
XA-035,優先看屋,國館靜巷大陽台電梯四房,,台北市大安區光復南路,大安區,中古屋,華廈,住家用 ／ 集合住宅,4房(室)2廳2衛,5,7,46.75,有,1100元/每月,4388,4388,無,,,,符合,4388,"無車位，總價：4,388 萬 ≤ 預算 8,000 萬",33.95,8.14,42.09,,,,42.08,符合,符合,主建物符合 26 坪,5,825.9,10.5,地圖估算：OpenStreetMap 步行路網路由（routing.openstreetmap.de，foot profile），起點＝住商不動產刊登頁提供的物件座標，終點＝官方出入口座標；時間＝路徑距離÷80 公尺/分，不含等紅燈,platform_coord,129.25,104.28,研究日查得刊登頁，實際可售狀態待確認,2,中信房屋:2084776 | 住商不動產:WS70627,https://buy.cthouse.com.tw/house/2084776.html | https://www.hbhousing.com.tw/detail?sn=WS70627,2026-09-20T13:28:39+08:00 | 2026-09-20T13:27:22+08:00,,,,,主建物 33.95 坪，高於門檻 8.0 坪,屋齡 46.75 年：貸款年限與成數可能受限（各銀行不同，未假設你的條件）、管線與防水需檢查,步行時間落在分界附近或各平台座標差異大：需以實際門牌實走確認
XA-036,先補資料再決定,國父紀念館旁電梯3房,,臺北市大安區光復南路,大安區,中古屋,電梯大樓,住家用,3房2廳2衛,3,7,45.67,有,"每戶1,000(元)/月",3600,3600,無,,,,符合,3600,"無車位，總價：3,600 萬 ≤ 預算 8,000 萬",24.65,4.4,29.05,,1.19,,30.23,不符合,符合,主＋附符合26坪；主建物未達26坪,5,618.1,8,地圖估算：OpenStreetMap 步行路網路由（routing.openstreetmap.de，foot profile），起點＝中信房屋刊登頁提供的物件座標，終點＝官方出入口座標；時間＝路徑距離÷80 公尺/分，不含等紅燈,platform_coord,146.04,119.09,研究日查得刊登頁，實際可售狀態待確認,1,中信房屋:2089533,https://buy.cthouse.com.tw/house/2089533.html,2026-09-20T13:26:37+08:00,,,,,公設比低（約 4%）,屋齡 45.67 年：貸款年限與成數可能受限（各銀行不同，未假設你的條件）、管線與防水需檢查,
XA-037,目前不符合條件,敦南稀有庭院一樓大空間,,台北市大安區敦化南路一段,大安區,中古屋,華廈,商業用、見注意事項 ／ 商業用,4房2廳2衛3室,B1-1,7,44.17,有,"每月約 4,279 元。",8588,8588,無,,,,超出預算,8588,"無車位，總價：8,588 萬 > 預算 8,000 萬",26.54,6.69,33.23,,10.77,,81.06,待確認,待確認,面積待確認,1,485,6.5,地圖估算：OpenStreetMap 步行路網路由（routing.openstreetmap.de，foot profile），起點＝中信房屋刊登頁提供的物件座標，終點＝官方出入口座標；時間＝路徑距離÷80 公尺/分，不含等紅燈,platform_coord,323.59,105.95,研究日查得刊登頁，實際可售狀態待確認,2,中信房屋:2090788 | 信義房屋:4209UR,https://buy.cthouse.com.tw/house/2090788.html | https://www.sinyi.com.tw/buy/house/4209UR,2026-09-20T13:26:16+08:00 | 2026-09-20T13:32:15+08:00,,,,,公設比低（約 13%）,"超出 8,000 萬預算",本戶含地下層（B1-1 樓）：部分平台把獨立權狀地下室併入主建物，地面層主建物需以謄本確認；地下室不應視為一般居住室內面積；登記用途含非純住家項目（商業用、見注意事項、商業用）：能否作住宅使用、貸款成數與稅率需另行確認；不列入優先看屋
XA-038,先補資料再決定,拿破侖大廈｜J14.捷運大安站拿破崙大樓【捷運新北園區站加盟店】,拿破侖大廈,臺北市大安區復興南路二段,大安區,中古屋,電梯大樓,住家用,2房2廳2衛,6,12,48.67,有,"每戶2,800(元)/月",3288,3288,無,,,,符合,3288,"無車位，總價：3,288 萬 ≤ 預算 8,000 萬",25.14,2.29,27.43,,4.4,,31.83,不符合,符合,主＋附符合26坪；主建物未達26坪,2,1156.2,14.5,地圖估算：OpenStreetMap 步行路網路由（routing.openstreetmap.de，foot profile），起點＝中信房屋刊登頁提供的物件座標，終點＝官方出入口座標；時間＝路徑距離÷80 公尺/分，不含等紅燈,platform_coord,130.79,103.30,研究日查得刊登頁，實際可售狀態待確認,2,中信房屋:2092192 | 永慶房屋:7258339,https://buy.cthouse.com.tw/house/2092192.html | https://buy.yungching.com.tw/house/7258339,2026-09-20T13:26:13+08:00 | 2026-09-20T13:28:26+08:00,,,,,公設比低（約 14%）,屋齡 48.67 年：貸款年限與成數可能受限（各銀行不同，未假設你的條件）、管線與防水需檢查,步行時間落在分界附近或各平台座標差異大：需以實際門牌實走確認
XA-039,優先看屋,1J36神旺旁優質華廈,,臺北市大安區忠孝東路4段,大安區,中古屋,電梯大樓,住家用,3房2廳1衛,3,7,47.17,有,"每戶5,120(元)/半年",5588,5588,無,,,,符合,5588,"無車位，總價：5,588 萬 ≤ 預算 8,000 萬",31.86,5.48,37.34,,6.54,,43.87,符合,符合,主建物符合 26 坪,1,940.9,12,地圖估算：OpenStreetMap 步行路網路由（routing.openstreetmap.de，foot profile），起點＝中信房屋刊登頁提供的物件座標，終點＝官方出入口座標；時間＝路徑距離÷80 公尺/分，不含等紅燈,platform_coord,175.39,127.38,研究日查得刊登頁，實際可售狀態待確認,1,中信房屋:2093203,https://buy.cthouse.com.tw/house/2093203.html,2026-09-20T13:28:55+08:00,,,,,公設比低（約 15%）,屋齡 47.17 年：貸款年限與成數可能受限（各銀行不同，未假設你的條件）、管線與防水需檢查,
XA-040,優先看屋,信義安和★優質一樓,,台北市大安區信義路四段,大安區,中古屋,華廈,住家用,2房2廳1衛,1,7,49.1,有,每月約 900 元。,4580,4580,無,,,,符合,4580,"無車位，總價：4,580 萬 ≤ 預算 8,000 萬",26.14,4.52,30.66,,3.51,,34.16,符合,符合,主建物符合 26 坪,5,359.4,4.5,地圖估算：OpenStreetMap 步行路網路由（routing.openstreetmap.de，foot profile），起點＝中信房屋刊登頁提供的物件座標，終點＝官方出入口座標；時間＝路徑距離÷80 公尺/分，不含等紅燈,platform_coord,175.21,134.07,研究日查得刊登頁，實際可售狀態待確認,3,中信房屋:2094259 | 住商不動產:OS216841 | 信義房屋:1345FX,https://buy.cthouse.com.tw/house/2094259.html | https://www.hbhousing.com.tw/detail?sn=OS216841 | https://www.sinyi.com.tw/buy/house/1345FX,2026-09-20T13:23:54+08:00 | 2026-09-20T13:25:58+08:00 | 2026-09-20T13:27:27+08:00,,,,,步行約 4.5 分到捷運出入口,屋齡 49.1 年：貸款年限與成數可能受限（各銀行不同，未假設你的條件）、管線與防水需檢查,
XA-041,目前不符合條件,科技捷運稀有電梯管理３房,,台北市大安區復興南路二段,大安區,中古屋,華廈,住家用,3房2廳2衛,6,7,47.92,有,"每月約 1,935 元。",3650,3650,無,,,,符合,3650,"無車位，總價：3,650 萬 ≤ 預算 8,000 萬",26.28,,,,4.23,,30.51,符合,符合,主建物符合 26 坪,2A,1213.5,15.5,地圖估算：OpenStreetMap 步行路網路由（routing.openstreetmap.de，foot profile），起點＝信義房屋刊登頁提供的物件座標，終點＝官方出入口座標；時間＝路徑距離÷80 公尺/分，不含等紅燈,platform_coord,138.89,119.63,研究日查得刊登頁，實際可售狀態待確認,2,中信房屋:2094334 | 信義房屋:9806UK,https://buy.cthouse.com.tw/house/2094334.html | https://www.sinyi.com.tw/buy/house/9806UK,2026-09-20T13:26:39+08:00 | 2026-09-20T13:25:42+08:00,,,,,公設比低（約 14%）,步行超過 15 分鐘,步行時間落在分界附近或各平台座標差異大：需以實際門牌實走確認；附屬建物坪數未揭露
XA-042,優先看屋,【忠孝站｜阿波羅坡平住辦】,,台北市大安區忠孝東路四段,大安區,中古屋,電梯大樓,集合住宅,2房(室)1廳2衛,5,13,48.67,有,6031元/每月,6960,6960,有,是,480,,符合,6960,"含車位總價：6,960 萬 ≤ 預算 8,000 萬",45.51,10.35,55.86,,4.49,14.55,74.91,符合,符合,主建物符合 26 坪,1,943.6,12,地圖估算：OpenStreetMap 步行路網路由（routing.openstreetmap.de，foot profile），起點＝住商不動產刊登頁提供的物件座標，終點＝官方出入口座標；時間＝路徑距離÷80 公尺/分，不含等紅燈,platform_coord,142.39,107.36,研究日查得刊登頁，實際可售狀態待確認,2,中信房屋:2097418 | 住商不動產:WS76144,https://buy.cthouse.com.tw/house/2097418.html | https://www.hbhousing.com.tw/detail?sn=WS76144,2026-09-20T13:28:50+08:00 | 2026-09-20T13:28:32+08:00,,,,,主建物 45.51 坪，高於門檻 19.5 坪,屋齡 48.67 年：貸款年限與成數可能受限（各銀行不同，未假設你的條件）、管線與防水需檢查,
XA-043,先補資料再決定,信義安和庭院車庫一樓,,台北市大安區通化街,大安區,中古屋,公寓,集合住宅 ／ 住家用,5房2廳2衛1室 含加蓋1房1衛1室,1,5,45.5,無,,3600,3600,無,,,,符合,3600,"無車位，總價：3,600 萬 ≤ 預算 8,000 萬",29.8,3.81,33.61,,,,33.6,待確認,待確認,面積待確認,4,645.1,8.5,地圖估算：OpenStreetMap 步行路網路由（routing.openstreetmap.de，foot profile），起點＝住商不動產刊登頁提供的物件座標，終點＝官方出入口座標；時間＝路徑距離÷80 公尺/分，不含等紅燈,platform_coord,120.81,107.14,研究日查得刊登頁，實際可售狀態待確認,2,中信房屋:2102758 | 住商不動產:WS26607,https://buy.cthouse.com.tw/house/2102758.html | https://www.hbhousing.com.tw/detail?sn=WS26607,2026-09-20T13:28:37+08:00 | 2026-09-20T13:26:34+08:00,,,,,步行約 8.5 分，屬優先範圍,面積待確認,無電梯公寓且刊登頁無共有部分：樓梯間可能已計入主建物登記面積，扣除後可能低於 26 坪，需調閱謄本與建物測量成果圖核對；管理費未揭露
XA-044,優先看屋,松勤面公園華廈,,臺北市信義區松勤街,信義區,中古屋,電梯大樓,住家用,4房2廳2衛,4,7,37.58,有,,5288,5288,無,,,,符合,5288,"無車位，總價：5,288 萬 ≤ 預算 8,000 萬",39.5,4.79,44.29,,3.42,,47.72,符合,符合,主建物符合 26 坪,4,718,9,地圖估算：OpenStreetMap 步行路網路由（routing.openstreetmap.de，foot profile），起點＝中信房屋刊登頁提供的物件座標，終點＝官方出入口座標；時間＝路徑距離÷80 公尺/分，不含等紅燈,platform_coord,133.87,110.81,研究日查得刊登頁，實際可售狀態待確認,1,中信房屋:2105405,https://buy.cthouse.com.tw/house/2105405.html,2026-09-20T13:28:23+08:00,,,,,主建物 39.5 坪，高於門檻 13.5 坪,屋齡 37.58 年：需留意管線、防水與貸款年限,步行時間落在分界附近或各平台座標差異大：需以實際門牌實走確認；管理費未揭露
XA-045,優先看屋,謙信綠寶大樓｜仁愛公園華廈鼎佳,謙信綠寶大樓,台北市大安區大安路一段,大安區,中古屋,華廈,住家用,5房(室)4廳3衛,7,7,48.8,有,5500元/每月,6188,6188,無,,,,符合,6188,"無車位，總價：6,188 萬 ≤ 預算 8,000 萬",40.2,6.08,46.28,,7.99,,54.27,符合,符合,主建物符合 26 坪,1,928.6,12,地圖估算：OpenStreetMap 步行路網路由（routing.openstreetmap.de，foot profile），起點＝住商不動產刊登頁提供的物件座標，終點＝官方出入口座標；時間＝路徑距離÷80 公尺/分，不含等紅燈,platform_coord,153.93,114.02,研究日查得刊登頁，實際可售狀態待確認,4,中信房屋:2106851 | 住商不動產:WS34556 | 信義房屋:53992D | 永慶房屋:6243464,https://buy.cthouse.com.tw/house/2106851.html | https://www.hbhousing.com.tw/detail?sn=WS34556 | https://www.sinyi.com.tw/buy/house/53992D | https://buy.yungching.com.tw/house/6243464,2026-09-20T13:24:09+08:00 | 2026-09-20T13:27:14+08:00 | 2026-09-20T13:30:21+08:00 | 2026-09-20T13:28:06+08:00,,,,,主建物 40.2 坪，高於門檻 14.2 坪,屋齡 48.8 年：貸款年限與成數可能受限（各銀行不同，未假設你的條件）、管線與防水需檢查,
XA-046,先補資料再決定,宏普帛詩華｜帛詩華景觀大戶,宏普帛詩華,台北市信義區基隆路二段,信義區,中古屋,電梯大樓,住家用 ／ 集合住宅,2房(室)2廳2衛,15,15,11.8,有,"10,627元/月,月繳",7600,7600,有,是,220,,符合,7600,"含車位總價：7,600 萬 ≤ 預算 8,000 萬",32.72,5.35,38.07,,22.06,4.2,60.13,符合,符合,主建物符合 26 坪,,,,無法估算：可用的公開資訊只有路段。僅提供「路段代表點（Nominatim）→ OSM 步行路網」的粗估供參考，誤差可達數百公尺；需取得門牌後重算或實走,road_only,225.55,131.95,研究日查得刊登頁，實際可售狀態待確認,2,中信房屋:2107243 | 永慶房屋:7358999,https://buy.cthouse.com.tw/house/2107243.html | https://buy.yungching.com.tw/house/7358999,2026-09-20T13:23:42+08:00 | 2026-09-20T13:32:44+08:00,,,,,主建物 32.72 坪，高於門檻 6.7 坪,位置待確認,位置待確認：刊登頁沒有可用的物件座標或門牌，步行時間無法可靠估算（路段代表點粗估約 12 分，誤差大）
XA-047,優先看屋,忠孝聯陽｜東區獨棟住辦華廈,忠孝聯陽,台北市大安區延吉街,大安區,中古屋,華廈,集合住宅 ／ 住家用,5房(室)1廳2衛,4,7,44.7,有,4300元/每月,5480,5480,無,,,,符合,5480,"無車位，總價：5,480 萬 ≤ 預算 8,000 萬",36.74,6.68,43.42,,4.18,,47.6,符合,符合,主建物符合 26 坪,5,997.3,12.5,地圖估算：OpenStreetMap 步行路網路由（routing.openstreetmap.de，foot profile），起點＝信義房屋刊登頁提供的物件座標，終點＝官方出入口座標；時間＝路徑距離÷80 公尺/分，不含等紅燈,platform_coord,149.16,115.13,研究日查得刊登頁，實際可售狀態待確認,4,中信房屋:2107851 | 住商不動產:WS85540 | 信義房屋:0809YV | 永慶房屋:6475598,https://buy.cthouse.com.tw/house/2107851.html | https://www.hbhousing.com.tw/detail?sn=WS85540 | https://www.sinyi.com.tw/buy/house/0809YV | https://buy.yungching.com.tw/house/6475598,2026-09-20T13:28:17+08:00 | 2026-09-20T13:28:19+08:00 | 2026-09-20T13:36:25+08:00 | 2026-09-20T13:29:12+08:00,,,,,主建物 36.74 坪，高於門檻 10.7 坪,屋齡 44.7 年：貸款年限與成數可能受限（各銀行不同，未假設你的條件）、管線與防水需檢查,
XA-048,先補資料再決定,國父紀念館美廈,,台北市大安區光復南路,大安區,中古屋,電梯大樓,住家用,4房(室)2廳2衛,9,12,39.08,有,4760元/每月,4499,4499,有,,,,待確認,,有車位但是否含在總價不明 → 總價待確認,31.87,2.04,33.91,,9.52,,43.43,符合,符合,主建物符合 26 坪,5,625.9,8,地圖估算：OpenStreetMap 步行路網路由（routing.openstreetmap.de，foot profile），起點＝中信房屋刊登頁提供的物件座標，終點＝官方出入口座標；時間＝路徑距離÷80 公尺/分，不含等紅燈,platform_coord,,,研究日查得刊登頁，實際可售狀態待確認,2,中信房屋:2108421 | 住商不動產:WS71216,https://buy.cthouse.com.tw/house/2108421.html | https://www.hbhousing.com.tw/detail?sn=WS71216,2026-09-20T13:26:11+08:00 | 2026-09-20T13:26:51+08:00,,,,,總價 4499 萬，保留較多預算空間,總價待確認,有車位，但刊登總價是否含車位、車位價格、能否分售不明；車位面積未揭露：無法確認權狀坪數中有多少是車位
XA-049,先補資料再決定,世貿捷運收租五房,,臺北市信義區吳興街,信義區,中古屋,電梯大樓,商業用,5房4.5衛5陽台,2,7,45.42,有,"每戶1,200(元)/月",3600,3600,無,,,,符合,3600,"無車位，總價：3,600 萬 ≤ 預算 8,000 萬",26.87,4.81,31.68,,,,31.68,符合,符合,主建物符合 26 坪,4,728.4,9.5,地圖估算：OpenStreetMap 步行路網路由（routing.openstreetmap.de，foot profile），起點＝中信房屋刊登頁提供的物件座標，終點＝官方出入口座標；時間＝路徑距離÷80 公尺/分，不含等紅燈,platform_coord,133.98,113.64,研究日查得刊登頁，實際可售狀態待確認,1,中信房屋:2114185,https://buy.cthouse.com.tw/house/2114185.html,2026-09-20T13:27:23+08:00,,,,,總價 3600 萬，保留較多預算空間,住宅用途待確認,步行時間落在分界附近或各平台座標差異大：需以實際門牌實走確認；登記用途含非純住家項目（商業用）：能否作住宅使用、貸款成數與稅率需另行確認；不列入優先看屋
XA-050,先補資料再決定,&仁愛光復國館美廈,,台北市大安區光復南路,大安區,中古屋,電梯大樓,辦公室 ／ 商業用,4室2廳2衛,6,12,42.17,有,5460元/每月,4510,4510,無,,,,符合,4510,"無車位，總價：4,510 萬 ≤ 預算 8,000 萬",39.46,,,,6.08,,45.54,符合,符合,主建物符合 26 坪,5,657.8,8.5,地圖估算：OpenStreetMap 步行路網路由（routing.openstreetmap.de，foot profile），起點＝住商不動產刊登頁提供的物件座標，終點＝官方出入口座標；時間＝路徑距離÷80 公尺/分，不含等紅燈,platform_coord,114.29,99.03,研究日查得刊登頁，實際可售狀態待確認,2,中信房屋:2115003 | 住商不動產:WS79272,https://buy.cthouse.com.tw/house/2115003.html | https://www.hbhousing.com.tw/detail?sn=WS79272,2026-09-20T13:27:07+08:00 | 2026-09-20T13:26:57+08:00,,,,,主建物 39.46 坪，高於門檻 13.5 坪,住宅用途待確認,附屬建物坪數未揭露；登記用途含非純住家項目（辦公室、商業用）：能否作住宅使用、貸款成數與稅率需另行確認；不列入優先看屋
XA-051,優先看屋,客廳可看公園大空間美寓,,台北市信義區吳興街,信義區,中古屋,公寓,住家用 ／ 集合住宅,3房2廳2衛,4,4,51.5,無,,2980,2980,無,,,,符合,2980,"無車位，總價：2,980 萬 ≤ 預算 8,000 萬",32.42,4.59,37.01,,,,37.01,符合,符合,主建物符合 26 坪,4,1121.6,14.5,地圖估算：OpenStreetMap 步行路網路由（routing.openstreetmap.de，foot profile），起點＝中信房屋刊登頁提供的物件座標，終點＝官方出入口座標；時間＝路徑距離÷80 公尺/分，不含等紅燈,platform_coord,91.92,80.52,研究日查得刊登頁，實際可售狀態待確認,3,中信房屋:2116572 | 住商不動產:WS76854 | 信義房屋:7984RD,https://buy.cthouse.com.tw/house/2116572.html | https://www.hbhousing.com.tw/detail?sn=WS76854 | https://www.sinyi.com.tw/buy/house/7984RD,2026-09-20T13:26:53+08:00 | 2026-09-20T13:28:28+08:00 | 2026-09-20T13:24:36+08:00,,,,,主建物 32.42 坪，高於門檻 6.4 坪,屋齡 51.5 年：貸款年限與成數可能受限（各銀行不同，未假設你的條件）、管線與防水需檢查,步行時間落在分界附近或各平台座標差異大：需以實際門牌實走確認；管理費未揭露
XA-052,先補資料再決定,世貿101華廈,,臺北市信義區吳興街,信義區,中古屋,電梯大樓,,2房2廳1衛1室,3,6,36.83,有,"每坪1,630(元)/月",3260,3260,無,,,,符合,3260,"無車位，總價：3,260 萬 ≤ 預算 8,000 萬",24.47,2.73,27.2,,1.96,,32.76,不符合,符合,主＋附符合26坪；主建物未達26坪,4,716.2,9,地圖估算：OpenStreetMap 步行路網路由（routing.openstreetmap.de，foot profile），起點＝中信房屋刊登頁提供的物件座標，終點＝官方出入口座標；時間＝路徑距離÷80 公尺/分，不含等紅燈,platform_coord,133.22,99.51,研究日查得刊登頁，實際可售狀態待確認,1,中信房屋:2118137,https://buy.cthouse.com.tw/house/2118137.html,2026-09-20T13:24:55+08:00,,,,,公設比低（約 6%）,屋齡 36.83 年：需留意管線、防水與貸款年限,步行時間落在分界附近或各平台座標差異大：需以實際門牌實走確認；謄本登記用途未揭露（需確認為住家用）
XA-053,優先看屋,&忠孝美裝潢鼎佳,,台北市大安區忠孝東路四段,大安區,中古屋,華廈,集合住宅 ／ 住家用,6房(室)3廳3衛,7,7,47.2,有,3000元/每月,5588,5588,無,,,,符合,5588,"無車位，總價：5,588 萬 ≤ 預算 8,000 萬",31.66,5.58,37.24,,6.5,,43.75,符合,符合,主建物符合 26 坪,1,947.6,12,地圖估算：OpenStreetMap 步行路網路由（routing.openstreetmap.de，foot profile），起點＝住商不動產刊登頁提供的物件座標，終點＝官方出入口座標；時間＝路徑距離÷80 公尺/分，不含等紅燈,platform_coord,176.50,127.73,研究日查得刊登頁，實際可售狀態待確認,4,中信房屋:2118578 | 住商不動產:WS56748 | 信義房屋:38547X | 永慶房屋:7180612,https://buy.cthouse.com.tw/house/2118578.html | https://www.hbhousing.com.tw/detail?sn=WS56748 | https://www.sinyi.com.tw/buy/house/38547X | https://buy.yungching.com.tw/house/7180612,2026-09-20T13:26:48+08:00 | 2026-09-20T13:28:21+08:00 | 2026-09-20T13:29:18+08:00 | 2026-09-20T13:31:20+08:00,,,,,公設比低（約 15%）,屋齡 47.2 年：貸款年限與成數可能受限（各銀行不同，未假設你的條件）、管線與防水需檢查,
XA-054,優先看屋,㊣店長推薦信義安和美居㊣,,台北市大安區通化街,大安區,中古屋,公寓,住家用,3房2廳2衛,4,5,48.58,無,每戶300(元)/月,2880,2880,無,,,,符合,2880,"無車位，總價：2,880 萬 ≤ 預算 8,000 萬",30.24,6.4,36.64,,,,36.64,符合,符合,主建物符合 26 坪,4,415.5,5.5,地圖估算：OpenStreetMap 步行路網路由（routing.openstreetmap.de，foot profile），起點＝中信房屋刊登頁提供的物件座標，終點＝官方出入口座標；時間＝路徑距離÷80 公尺/分，不含等紅燈,platform_coord,95.24,78.60,研究日查得刊登頁，實際可售狀態待確認,2,中信房屋:2119429 | 信義房屋:2759QX,https://buy.cthouse.com.tw/house/2119429.html | https://www.sinyi.com.tw/buy/house/2759QX,2026-09-20T13:26:43+08:00 | 2026-09-20T13:24:22+08:00,待確認：平台只揭露『通化街』。建物朝北（座南朝北），較可能在東西向巷內或轉角，而非正面臨通化街；需以門牌確認與夜市／市場段的相對位置。,通化街（臨江街）夜市／市場（信義房屋頁面：約100m）、家樂福超市（信義房屋頁面：約82m）、全聯福利中心（信義房屋頁面：約376m）、捷運信義安和站出口4（信義房屋頁面：約423m）、三興國小（信義房屋頁面：約314m；中信房屋亦列為鄰近學校；非指學區）,是,,步行約 5.5 分、主建物 30.24 坪，兩平台數字一致、無車位問題,48 年無電梯 4 樓原始屋況，格局圖標註陽台加蓋／外移，離夜市約 100 公尺,實際門牌／巷弄：是否正面臨通化街、離夜市入口多遠。；謄本與建物測量成果圖：主建物是否含梯間、陽台 6.4 坪的位置。；增建範圍、施作年代、是否曾被查報。；頂樓（5 樓與屋頂平台）是否有加蓋、屋頂防水現況。；管線、防水、門窗的更新紀錄；漏水修繕紀錄。；氯離子（海砂）與輻射檢測資料。；使用分區（頁面寫請見說明書）與土地持分 9.8 坪對應的基地資訊。
XA-055,優先看屋,愛儷園｜信義安和愛儷園大樓,愛儷園,台北市大安區安和路一段,大安區,中古屋,電梯大樓,住家用,4房(室)2廳2衛,11,12,49.4,有,"6,000元/每月（僅住商不動產列出；信義、中信、永慶未列金額）",7250,7250,無,,,,符合,7250,"無車位，總價：7,250 萬 ≤ 預算 8,000 萬",49.75,7.58,57.33,,4.29,,61.62,符合,符合,主建物符合 26 坪,1,234,3,地圖估算：OpenStreetMap 步行路網路由（routing.openstreetmap.de，foot profile），起點＝住商不動產刊登頁提供的物件座標，終點＝官方出入口座標；時間＝路徑距離÷80 公尺/分，不含等紅燈,platform_coord,145.73,117.66,研究日查得刊登頁，實際可售狀態待確認,4,中信房屋:2121305 | 住商不動產:WS84476 | 信義房屋:7575XB | 永慶房屋:7473915,https://buy.cthouse.com.tw/house/2121305.html | https://www.hbhousing.com.tw/detail?sn=WS84476 | https://www.sinyi.com.tw/buy/house/7575XB | https://buy.yungching.com.tw/house/7473915,2026-09-20T13:26:32+08:00 | 2026-09-20T13:25:22+08:00 | 2026-09-20T13:31:20+08:00 | 2026-09-20T13:30:27+08:00,推定在安和路一段與90巷口的 12 層大樓（實價登錄同棟門牌為安和路一段80號與90巷1號；住商頁面「面臨路寬約8米」與巷內門牌相符）。本棟緊鄰安和路一段，但本戶出入口與開窗面向哪一側待確認。,捷運信義安和站（信義房屋頁面：出口1 約234公尺）、仁愛國小（住商頁面：124公尺）、仁愛國中（239公尺）、通化街／臨江街商圈與市場（住商、永慶頁面提及）、國父紀念館（住商頁面：993公尺）、國泰綜合醫院（中信文案提及）,是,是,主建物 49.75 坪、公設比約 7%、步行約 3 分鐘，且有同戶型同棟成交可比價,屋齡 49 年、格局圖標註陽台外移，開價比同戶型 10 樓在 2024-09 的成交高約 19%,"確切門牌與本戶在 80號／90巷1號的哪一側（目前是依面積相同所做的推定）。；陽台外移的範圍、有無被查報或列管；建物測量成果圖。；管理費金額（僅住商列 6,000 元/月）、管委會財務、拉皮年份與是否仍有攤提款。；海砂（氯離子）、輻射檢測與耐震評估文件；電梯更新紀錄。；屋況：漏水、壁癌修繕紀錄、管線是否更新、目前是否空屋。；社區或鄰近有無可承租的車位。"
XA-056,優先看屋,鴻福大樓｜信義安和捷運旁大樓,鴻福大樓,台北市大安區仁愛路四段,大安區,中古屋,電梯大樓,住家用 ／ 集合住宅,4房2廳2衛,14,14,43.1,有,"每月約 3,655 元。",4460,4560,無,,,,符合,4560,"無車位，總價：4,560 萬 ≤ 預算 8,000 萬",36.11,1.94,38.05,,5.06,,43.11,符合,符合,主建物符合 26 坪,1,236.9,3,地圖估算：OpenStreetMap 步行路網路由（routing.openstreetmap.de，foot profile），起點＝住商不動產刊登頁提供的物件座標，終點＝官方出入口座標；時間＝路徑距離÷80 公尺/分，不含等紅燈,platform_coord,126.28,105.78,研究日查得刊登頁，實際可售狀態待確認,4,中信房屋:2122058 | 住商不動產:WS80892 | 信義房屋:9275GQ | 有巢氏房屋:7451529,https://buy.cthouse.com.tw/house/2122058.html | https://www.hbhousing.com.tw/detail?sn=WS80892 | https://www.sinyi.com.tw/buy/house/9275GQ | https://buy.u-trust.com.tw/house/7451529,2026-09-20T13:26:21+08:00 | 2026-09-20T13:25:20+08:00 | 2026-09-20T13:27:07+08:00 | 2026-09-20T13:38:59+08:00,,,,,步行約 3 分到捷運出入口,屋齡 43.1 年：貸款年限與成數可能受限（各銀行不同，未假設你的條件）、管線與防水需檢查,各平台開價不一致（4460～4560 萬）：需確認屋主實際委託價
XA-057,先補資料再決定,安和大樓｜安和遠企看綠意可店辦住,安和大樓,台北市大安區安和路二段,大安區,中古屋,電梯大樓,住商用,4房2廳2衛,2,12,45.42,有,"每月約 3,500 元。",5200,5200,無,,,,符合,5200,"無車位，總價：5,200 萬 ≤ 預算 8,000 萬",31.72,5.67,37.39,,5.36,,42.75,符合,符合,主建物符合 26 坪,2A,994.9,12.5,地圖估算：OpenStreetMap 步行路網路由（routing.openstreetmap.de，foot profile），起點＝信義房屋刊登頁提供的物件座標，終點＝官方出入口座標；時間＝路徑距離÷80 公尺/分，不含等紅燈,platform_coord,163.93,121.64,研究日查得刊登頁，實際可售狀態待確認,3,中信房屋:2123761 | 信義房屋:7215FB | 永慶房屋:7427829,https://buy.cthouse.com.tw/house/2123761.html | https://www.sinyi.com.tw/buy/house/7215FB | https://buy.yungching.com.tw/house/7427829,2026-09-20T13:26:09+08:00 | 2026-09-20T13:36:23+08:00 | 2026-09-20T13:30:04+08:00,,,,,公設比低（約 13%）,住宅用途待確認,登記用途含非純住家項目（住商用）：能否作住宅使用、貸款成數與稅率需另行確認；不列入優先看屋
XA-058,優先看屋,信愛大廈｜安和路一段電梯美三房,信愛大廈,臺北市大安區安和路1段,大安區,中古屋,電梯大樓,住家用,4房2廳2衛,4,12,49.08,有,"每戶2,500(元)/月",5800,5800,無,,,,符合,5800,"無車位，總價：5,800 萬 ≤ 預算 8,000 萬",35.88,6.02,41.9,,4.51,,46.4,符合,符合,主建物符合 26 坪,1,116.6,1.5,地圖估算：OpenStreetMap 步行路網路由（routing.openstreetmap.de，foot profile），起點＝中信房屋刊登頁提供的物件座標，終點＝官方出入口座標；時間＝路徑距離÷80 公尺/分，不含等紅燈,platform_coord,161.65,125.00,研究日查得刊登頁，實際可售狀態待確認,1,中信房屋:2123915,https://buy.cthouse.com.tw/house/2123915.html,2026-09-20T13:25:48+08:00,地址只到安和路一段。依屋齡（約 1977-08 完工）、12 層與面積型態，推定為安和路一段104–110號一帶、近信義路口的臨路大樓（研究推定，門牌待確認）；安和路一段為次要幹道，沿線有餐飲與夜間營業店家。本戶面安和路或面後側待確認。,信義安和站出口1（地圖估算約 120 m）、仁愛國小、仁愛國中（頁面列示學校）、信義路／安和路口公車站（頁面列示）、通化街／臨江街夜市商圈（信義路南側，步行可達）,是,,步行約 1.5 分到出口1、主建物 35.88 坪、12 層電梯大樓已裝修,屋齡約 49 年、3 處陽台外推，開價每主建物坪 161.6 萬高於推定同棟一般樓層成交 21–26%,確切門牌與棟別（推定 104–110號，待確認）、本戶面安和路或面後側；管理方式（有無管理員）、公共基金、近年公共修繕；裝潢年份與管線是否更新；陽台外推的施作時間與有無查報；完工日期（頁面只有屋齡）
XA-059,先補資料再決定,信義安和｜通化核心商圈｜面寬一樓,,臺北市大安區通化街,大安區,中古屋,公寓,住家用,4房3廳4衛,1,4,49.92,無,,4999,4999,無,,,,符合,4999,"無車位，總價：4,999 萬 ≤ 預算 8,000 萬",27.2,,,,,,27.2,待確認,待確認,面積待確認,4,293.9,4,地圖估算：OpenStreetMap 步行路網路由（routing.openstreetmap.de，foot profile），起點＝中信房屋刊登頁提供的物件座標，終點＝官方出入口座標；時間＝路徑距離÷80 公尺/分，不含等紅燈,platform_coord,183.79,183.79,研究日查得刊登頁，實際可售狀態待確認,1,中信房屋:2124220,https://buy.cthouse.com.tw/house/2124220.html,2026-09-20T13:25:54+08:00,,,,,步行約 4 分到捷運出入口,面積待確認,刊登頁的主建物等於總建坪（27.2 坪），沒有附屬建物與共有部分的拆分：平台可能未拆分陽台、樓梯間或公設，主建物實際數字需以謄本確認；附屬建物坪數未揭露；管理費未揭露
XA-060,先補資料再決定,安和大樓｜安和遠企幽情逸致美屋,安和大樓,台北市大安區安和路二段,大安區,中古屋,電梯大樓,住商用,3房1廳2衛,2,12,45.5,有,"每月約 3,500 元。",4500,4500,無,,,,符合,4500,"無車位，總價：4,500 萬 ≤ 預算 8,000 萬",31.72,4.34,36.06,,5.36,,41.41,符合,符合,主建物符合 26 坪,2A,1008.5,13,地圖估算：OpenStreetMap 步行路網路由（routing.openstreetmap.de，foot profile），起點＝信義房屋刊登頁提供的物件座標，終點＝官方出入口座標；時間＝路徑距離÷80 公尺/分，不含等紅燈,platform_coord,141.87,108.67,研究日查得刊登頁，實際可售狀態待確認,3,中信房屋:2124610 | 信義房屋:1548RG | 永慶房屋:7292647,https://buy.cthouse.com.tw/house/2124610.html | https://www.sinyi.com.tw/buy/house/1548RG | https://buy.yungching.com.tw/house/7292647,2026-09-20T13:24:27+08:00 | 2026-09-20T13:27:20+08:00 | 2026-09-20T13:31:38+08:00,,,,,公設比低（約 13%）,住宅用途待確認,登記用途含非純住家項目（住商用）：能否作住宅使用、貸款成數與稅率需另行確認；不列入優先看屋
XA-061,先補資料再決定,敦南桃花園美居壹樓,,台北市大安區四維路,大安區,中古屋,公寓,集合住宅 ／ (空白) ／ 住宅,3房(室)2廳2衛,1,4,59.25,無,,5300,5300,無,,,,符合,5300,"無車位，總價：5,300 萬 ≤ 預算 8,000 萬",29.91,,,,,,29.91,待確認,待確認,面積待確認,2,727.6,9.5,地圖估算：OpenStreetMap 步行路網路由（routing.openstreetmap.de，foot profile），起點＝住商不動產刊登頁提供的物件座標，終點＝官方出入口座標；時間＝路徑距離÷80 公尺/分，不含等紅燈,platform_coord,177.20,177.20,研究日查得刊登頁，實際可售狀態待確認,3,中信房屋:2124723 | 住商不動產:WS74027 | 台灣房屋:TF02565821,https://buy.cthouse.com.tw/house/2124723.html | https://www.hbhousing.com.tw/detail?sn=WS74027 | https://www.twhg.com.tw/buy/TF02565821,2026-09-20T13:25:05+08:00 | 2026-09-20T13:26:40+08:00 | 2026-09-20T13:26:23+08:00,,,,,步行約 9.5 分，屬優先範圍,面積待確認,步行時間落在分界附近或各平台座標差異大：需以實際門牌實走確認；刊登頁的主建物等於總建坪（29.91 坪），沒有附屬建物與共有部分的拆分：平台可能未拆分陽台、樓梯間或公設，主建物實際數字需以謄本確認；附屬建物坪數未揭露；管理費未揭露
XA-062,先補資料再決定,員慶信義｜大員慶信義高樓大廈,員慶信義,台北市信義區信義路四段,信義區,中古屋,電梯大樓,住家用 ／ 集合住宅,6房3衛,11,12,39,有,"每月約 4,000 元。",4188,4398,無,,,,符合,4398,"無車位，總價：4,398 萬 ≤ 預算 8,000 萬",33.08,3.82,36.9,,3.16,,40.05,符合,符合,主建物符合 26 坪,5,530.2,7,地圖估算：OpenStreetMap 步行路網路由（routing.openstreetmap.de，foot profile），起點＝中信房屋刊登頁提供的物件座標，終點＝官方出入口座標；時間＝路徑距離÷80 公尺/分，不含等紅燈,platform_coord,132.95,109.81,研究日查得刊登頁，實際可售狀態待確認,6,中信房屋:2125328 | 住商不動產:WS82138 | 太平洋房屋:S3144701 | 信義房屋:8023TK | 有巢氏房屋:7448176 | 永慶房屋:7434106,https://buy.cthouse.com.tw/house/2125328.html | https://www.hbhousing.com.tw/detail?sn=WS82138 | https://www.pacific.com.tw/Object/ObjectDetail/?saleID=S3144701 | https://www.sinyi.com.tw/buy/house/8023TK | https://buy.u-trust.com.tw/house/7448176 | https://buy.yungching.com.tw/house/7434106,2026-09-20T13:25:15+08:00 | 2026-09-20T13:26:53+08:00 | 2026-09-20T13:41:57+08:00 | 2026-09-20T13:26:40+08:00 | 2026-09-20T13:35:22+08:00 | 2026-09-20T13:32:36+08:00,,,,,主建物 33.08 坪，高於門檻 7.1 坪,屋齡 39 年：需留意管線、防水與貸款年限,現況是否為隔套收租產品待確認；各平台開價不一致（4188～4398 萬）：需確認屋主實際委託價
XA-063,目前不符合條件,前鋒大廈｜近信義安和電梯三房,前鋒大廈,台北市大安區信義路四段,大安區,中古屋,電梯大樓,住家用 ／ 集合住宅,3房2廳1衛,3,14,49.33,有,"每月約 2,022 元。",3258,3258,無,,,,符合,3258,"無車位，總價：3,258 萬 ≤ 預算 8,000 萬",24.35,0.93,25.28,,,,25.28,不符合,不符合,兩種口徑皆未達 26 坪,5,54.4,1,地圖估算：OpenStreetMap 步行路網路由（routing.openstreetmap.de，foot profile），起點＝中信房屋刊登頁提供的物件座標，終點＝官方出入口座標；時間＝路徑距離÷80 公尺/分，不含等紅燈,platform_coord,133.80,128.88,研究日查得刊登頁，實際可售狀態待確認,5,中信房屋:2125458 | 住商不動產:WS74738 | 信義房屋:4661JZ | 有巢氏房屋:7260661 | 永慶房屋:7231731,https://buy.cthouse.com.tw/house/2125458.html | https://www.hbhousing.com.tw/detail?sn=WS74738 | https://www.sinyi.com.tw/buy/house/4661JZ | https://buy.u-trust.com.tw/house/7260661 | https://buy.yungching.com.tw/house/7231731,2026-09-20T13:25:50+08:00 | 2026-09-20T13:25:17+08:00 | 2026-09-20T13:24:56+08:00 | 2026-09-20T13:32:41+08:00 | 2026-09-20T13:28:24+08:00,,,,,步行約 1 分到捷運出入口,主建物與主＋附皆未達 26 坪,
XA-064,優先看屋,敦南富邑｜敦南信義名邸邊間高樓四房,敦南富邑,台北市大安區敦化南路二段,大安區,中古屋,電梯大樓,住家用,4房(室)2廳2衛,13,18,39.2,有,4600元/每月,6380,6380,無,,,,符合,6380,"無車位，總價：6,380 萬 ≤ 預算 8,000 萬",34.44,4.07,38.51,,7.43,,45.94,符合,符合,主建物符合 26 坪,2,496.6,6.5,地圖估算：OpenStreetMap 步行路網路由（routing.openstreetmap.de，foot profile），起點＝住商不動產刊登頁提供的物件座標，終點＝官方出入口座標；時間＝路徑距離÷80 公尺/分，不含等紅燈,platform_coord,185.25,138.88,研究日查得刊登頁，實際可售狀態待確認,5,中信房屋:2126685 | 住商不動產:WS73320 | 信義房屋:9318XS | 有巢氏房屋:6763228 | 永慶房屋:7134379,https://buy.cthouse.com.tw/house/2126685.html | https://www.hbhousing.com.tw/detail?sn=WS73320 | https://www.sinyi.com.tw/buy/house/9318XS | https://buy.u-trust.com.tw/house/6763228 | https://buy.yungching.com.tw/house/7134379,2026-09-20T13:25:36+08:00 | 2026-09-20T13:26:08+08:00 | 2026-09-20T13:30:31+08:00 | 2026-09-20T13:34:14+08:00 | 2026-09-20T13:28:56+08:00,,,,,主建物 34.44 坪，高於門檻 8.4 坪,屋齡 39.2 年：需留意管線、防水與貸款年限,
XA-065,優先看屋,大安核心捷運靜巷質感美宅,,臺北市大安區東豐路,大安區,中古屋,電梯大樓,住家用,4房2廳2衛1陽,4,6,53.8,有,"每戶2,000(元)/月",4880,4880,無,,,,符合,4880,"無車位，總價：4,880 萬 ≤ 預算 8,000 萬",44.09,,,,,,44.09,符合,符合,主建物符合 26 坪,1,773.8,10,地圖估算：OpenStreetMap 步行路網路由（routing.openstreetmap.de，foot profile），起點＝東森房屋刊登頁提供的物件座標，終點＝官方出入口座標；時間＝路徑距離÷80 公尺/分，不含等紅燈,platform_coord,110.68,110.68,研究日查得刊登頁，實際可售狀態待確認,2,中信房屋:2127674 | 東森房屋:771208,https://buy.cthouse.com.tw/house/2127674.html | https://www.etwarm.com.tw/houses/buy/771208,2026-09-20T13:25:02+08:00 | 2026-09-20T13:23:51+08:00,,,,,主建物 44.09 坪，高於門檻 18.1 坪,屋齡 53.8 年：貸款年限與成數可能受限（各銀行不同，未假設你的條件）、管線與防水需檢查,步行時間落在分界附近或各平台座標差異大：需以實際門牌實走確認；附屬建物坪數未揭露
XA-066,優先看屋,忠孝名家｜明曜旁質感美廈～價可談！,忠孝名家,台北市大安區敦化南路一段,大安區,中古屋,華廈,住家用 ／ 集合住宅,3房1廳2衛,6,8,38.1,有,"每月約 1,300 元。",5888,5888,無,,,,符合,5888,"無車位，總價：5,888 萬 ≤ 預算 8,000 萬",36.95,4.79,41.74,,2.07,,43.81,符合,符合,主建物符合 26 坪,1,904.2,11.5,地圖估算：OpenStreetMap 步行路網路由（routing.openstreetmap.de，foot profile），起點＝住商不動產刊登頁提供的物件座標，終點＝官方出入口座標；時間＝路徑距離÷80 公尺/分，不含等紅燈,platform_coord,159.35,134.40,研究日查得刊登頁，實際可售狀態待確認,4,中信房屋:2128018 | 住商不動產:WS76401 | 信義房屋:8707ZX | 永慶房屋:7356021,https://buy.cthouse.com.tw/house/2128018.html | https://www.hbhousing.com.tw/detail?sn=WS76401 | https://www.sinyi.com.tw/buy/house/8707ZX | https://buy.yungching.com.tw/house/7356021,2026-09-20T13:24:16+08:00 | 2026-09-20T13:27:56+08:00 | 2026-09-20T13:29:43+08:00 | 2026-09-20T13:29:04+08:00,,,,,主建物 36.95 坪，高於門檻 11.0 坪,屋齡 38.1 年：需留意管線、防水與貸款年限,
XA-067,目前不符合條件,忠孝ＳＯＧＯ愛群大廈,,台北市大安區忠孝東路四段,大安區,中古屋,電梯大樓,住家用 ／ 集合住宅,3房2廳1衛1室,9,12,56.83,有,"每月約 9,000 元。",8600,8600,無,,,,超出預算,8600,"無車位，總價：8,600 萬 > 預算 8,000 萬",66.72,,,,,,66.72,符合,符合,主建物符合 26 坪,1,1202.1,15.5,地圖估算：OpenStreetMap 步行路網路由（routing.openstreetmap.de，foot profile），起點＝中信房屋刊登頁提供的物件座標，終點＝官方出入口座標；時間＝路徑距離÷80 公尺/分，不含等紅燈,platform_coord,128.90,128.90,研究日查得刊登頁，實際可售狀態待確認,2,中信房屋:2128134 | 信義房屋:1992SX,https://buy.cthouse.com.tw/house/2128134.html | https://www.sinyi.com.tw/buy/house/1992SX,2026-09-20T13:24:40+08:00 | 2026-09-20T13:32:17+08:00,,,,,主建物 66.72 坪，高於門檻 40.7 坪,"超出 8,000 萬預算",步行時間落在分界附近或各平台座標差異大：需以實際門牌實走確認；附屬建物坪數未揭露
XA-068,先補資料再決定,[專任]大安捷運站四維路黃金二樓+道路用地，節稅/容移首選,,臺北市大安區四維路,大安區,中古屋,公寓,,3衛,2,4,,無,,3980,3980,無,,,,符合,3980,"無車位，總價：3,980 萬 ≤ 預算 8,000 萬",26.54,,,,,,26.54,待確認,待確認,面積待確認,2,489.5,6.5,地圖估算：OpenStreetMap 步行路網路由（routing.openstreetmap.de，foot profile），起點＝中信房屋刊登頁提供的物件座標，終點＝官方出入口座標；時間＝路徑距離÷80 公尺/分，不含等紅燈,platform_coord,149.96,149.96,研究日查得刊登頁，實際可售狀態待確認,1,中信房屋:2128335,https://buy.cthouse.com.tw/house/2128335.html,2026-09-20T13:24:49+08:00,,,,,步行約 6.5 分，屬優先範圍,面積待確認,刊登頁的主建物等於總建坪（26.54 坪），沒有附屬建物與共有部分的拆分：平台可能未拆分陽台、樓梯間或公設，主建物實際數字需以謄本確認；附屬建物坪數未揭露；謄本登記用途未揭露（需確認為住家用）；管理費未揭露
XA-069,優先看屋,通安新村｜【校園景觀】安和車位美廈,通安新村,台北市大安區通安街,大安區,中古屋,華廈,國宅 ／ 集合住宅 ／ 國民住宅,3房2廳2衛,4,7,26.8,有,"信義、中信：每月約 2,000 元（含車位管理費）；住商：4,000 元/月——平台間不一致，待確認",5100,5100,有,是,,,符合,5100,"含車位總價：5,100 萬 ≤ 預算 8,000 萬",26.65,2.73,29.38,,26.67,,56.05,符合,符合,主建物符合 26 坪,4,494.9,6.5,地圖估算：OpenStreetMap 步行路網路由（routing.openstreetmap.de，foot profile），起點＝住商不動產刊登頁提供的物件座標，終點＝官方出入口座標；時間＝路徑距離÷80 公尺/分，不含等紅燈,platform_coord,,,研究日查得刊登頁，實際可售狀態待確認,3,中信房屋:2128408 | 住商不動產:WS83944 | 信義房屋:3207SF,https://buy.cthouse.com.tw/house/2128408.html | https://www.hbhousing.com.tw/detail?sn=WS83944 | https://www.sinyi.com.tw/buy/house/3207SF,2026-09-20T13:24:41+08:00 | 2026-09-20T13:26:06+08:00 | 2026-09-20T13:28:30+08:00,巷內：通安街（信義文案與住商欄位皆稱面臨約 8 米巷道），非臨信義路／敦化南路／基隆路幹道；文案稱面對校園（平台生活圈顯示私立立人國際國中小約 60–80 公尺）。確切門牌未公開，待確認。,私立立人國際國中小（平台生活圈約 60–80 m）、全聯福利中心（約 220 m）、法治公園（約 280 m）、通化街／臨江街夜市商圈（公車站牌約 360 m）、信義安和站（平台顯示 424–497 m）,是,,26.8 年電梯華廈、巷內、全天候管理並含坡道平面車位，步行約 6.5 分,主建物只有 26.65 坪（公設比 47.6%、兩處陽台外移），含車位開價高於同社區 2025-03 成交約 15–34% 且車位價未拆分,"車位價格、車位編號與位置、車位是否有獨立權狀或登記於共有部分（持分坪數）；確切門牌與棟別（通安新村有 7 層與 9 層棟，實價登錄門牌分布於通安街118巷、樂利路5巷）；陽台外移的施作時間與是否曾被查報；國宅相關謄本註記、分區「住3（特）（遷）」的限制內容；正確管理費（2,000 或 4,000 元）"
XA-070,先補資料再決定,皇家名宮大廈｜皇家名宮都更潛力宅,皇家名宮大廈,台北市信義區基隆路二段,信義區,中古屋,電梯大樓,辦公室 ／ 辦公室.集合住宅,5房1廳1衛,8,15,41.1,有,"每月約 1,200 元。",4302,4302,無,,,,符合,4302,"無車位，總價：4,302 萬 ≤ 預算 8,000 萬",29.61,2.4,32.01,,14.76,,46.78,符合,符合,主建物符合 26 坪,4,834.1,10.5,地圖估算：OpenStreetMap 步行路網路由（routing.openstreetmap.de，foot profile），起點＝住商不動產刊登頁提供的物件座標，終點＝官方出入口座標；時間＝路徑距離÷80 公尺/分，不含等紅燈,platform_coord,145.29,91.96,研究日查得刊登頁，實際可售狀態待確認,3,中信房屋:2129688 | 住商不動產:WS85959 | 信義房屋:6128WU,https://buy.cthouse.com.tw/house/2129688.html | https://www.hbhousing.com.tw/detail?sn=WS85959 | https://www.sinyi.com.tw/buy/house/6128WU,2026-09-20T13:24:29+08:00 | 2026-09-20T13:27:03+08:00 | 2026-09-20T13:26:53+08:00,,,,,總價 4302 萬，保留較多預算空間,住宅用途待確認,步行時間落在分界附近或各平台座標差異大：需以實際門牌實走確認；登記用途含非純住家項目（辦公室、辦公室.集合住宅）：能否作住宅使用、貸款成數與稅率需另行確認；不列入優先看屋
XA-071,優先看屋,【新接】世貿電梯三房,,台北市信義區基隆路二段,信義區,中古屋,華廈,住家用,3房2廳2衛,6,7,45.75,有,"每月約 1,500 元。",3098,3098,無,,,,符合,3098,"無車位，總價：3,098 萬 ≤ 預算 8,000 萬",28.58,2.32,30.9,,6.13,,37.03,符合,符合,主建物符合 26 坪,4,788.5,10,地圖估算：OpenStreetMap 步行路網路由（routing.openstreetmap.de，foot profile），起點＝中信房屋刊登頁提供的物件座標，終點＝官方出入口座標；時間＝路徑距離÷80 公尺/分，不含等紅燈,platform_coord,108.40,83.66,研究日查得刊登頁，實際可售狀態待確認,2,中信房屋:2130208 | 信義房屋:9069CL,https://buy.cthouse.com.tw/house/2130208.html | https://www.sinyi.com.tw/buy/house/9069CL,2026-09-20T13:24:21+08:00 | 2026-09-20T13:24:46+08:00,,,,,總價 3098 萬，保留較多預算空間,屋齡 45.75 年：貸款年限與成數可能受限（各銀行不同，未假設你的條件）、管線與防水需檢查,步行時間落在分界附近或各平台座標差異大：需以實際門牌實走確認
XA-072,先補資料再決定,忠駝國宅｜忠駝國宅３房車位可抽,忠駝國宅,台北市信義區基隆路一段,信義區,中古屋,電梯大樓,集合住宅,3房2廳2衛,7,12,43,有,每月約 429 元。,3590,3590,無,,,,符合,3590,"無車位，總價：3,590 萬 ≤ 預算 8,000 萬",23.97,3.92,27.89,,8.18,,36.08,不符合,符合,主＋附符合26坪；主建物未達26坪,5,783.3,10,地圖估算：OpenStreetMap 步行路網路由（routing.openstreetmap.de，foot profile），起點＝中信房屋刊登頁提供的物件座標，終點＝官方出入口座標；時間＝路徑距離÷80 公尺/分，不含等紅燈,platform_coord,149.77,99.50,研究日查得刊登頁，實際可售狀態待確認,3,中信房屋:2130604 | 住商不動產:WS64252 | 信義房屋:6677PK,https://buy.cthouse.com.tw/house/2130604.html | https://www.hbhousing.com.tw/detail?sn=WS64252 | https://www.sinyi.com.tw/buy/house/6677PK,2026-09-20T13:24:19+08:00 | 2026-09-20T13:27:08+08:00 | 2026-09-20T13:25:30+08:00,,,,,步行約 10 分，屬優先範圍,屋齡 43 年：貸款年限與成數可能受限（各銀行不同，未假設你的條件）、管線與防水需檢查,步行時間落在分界附近或各平台座標差異大：需以實際門牌實走確認
XA-074,優先看屋,❤仁愛延吉公園華廈,,台北市大安區延吉街,大安區,中古屋,華廈,集合住宅 ／ 住家用,4房(室)2廳2衛,3,7,44.2,有,1500元/每季,5480,5480,無,,,,符合,5480,"無車位，總價：5,480 萬 ≤ 預算 8,000 萬",37.53,4.57,42.1,,10.91,,53.01,符合,符合,主建物符合 26 坪,5,468.4,6,地圖估算：OpenStreetMap 步行路網路由（routing.openstreetmap.de，foot profile），起點＝中信房屋刊登頁提供的物件座標，終點＝官方出入口座標；時間＝路徑距離÷80 公尺/分，不含等紅燈,platform_coord,146.02,103.38,研究日查得刊登頁，實際可售狀態待確認,5,中信房屋:2132028 | 住商不動產:WS75224 | 信義房屋:6625UB | 有巢氏房屋:7392244 | 永慶房屋:7496286,https://buy.cthouse.com.tw/house/2132028.html | https://www.hbhousing.com.tw/detail?sn=WS75224 | https://www.sinyi.com.tw/buy/house/6625UB | https://buy.u-trust.com.tw/house/7392244 | https://buy.yungching.com.tw/house/7496286,2026-09-20T13:24:14+08:00 | 2026-09-20T13:26:25+08:00 | 2026-09-20T13:28:56+08:00 | 2026-09-20T13:33:47+08:00 | 2026-09-20T13:28:14+08:00,,,,,主建物 37.53 坪，高於門檻 11.5 坪,屋齡 44.2 年：貸款年限與成數可能受限（各銀行不同，未假設你的條件）、管線與防水需檢查,
XA-075,優先看屋,國揚安和｜國揚安和四房名邸,國揚安和,台北市大安區安和路一段,大安區,中古屋,電梯大樓,住家用 ／ 集合住宅,4房2廳2衛2室,6,12,47.3,有,"每月約 4,600 元。",6288,6288,無,,,,符合,6288,"無車位，總價：6,288 萬 ≤ 預算 8,000 萬",39.78,5.57,45.35,,5.09,,50.44,符合,符合,主建物符合 26 坪,1,209.3,3,地圖估算：OpenStreetMap 步行路網路由（routing.openstreetmap.de，foot profile），起點＝中信房屋刊登頁提供的物件座標，終點＝官方出入口座標；時間＝路徑距離÷80 公尺/分，不含等紅燈,platform_coord,158.07,124.66,研究日查得刊登頁，實際可售狀態待確認,4,中信房屋:2132719 | 住商不動產:WS86462 | 信義房屋:0311AW | 永慶房屋:7516080,https://buy.cthouse.com.tw/house/2132719.html | https://www.hbhousing.com.tw/detail?sn=WS86462 | https://www.sinyi.com.tw/buy/house/0311AW | https://buy.yungching.com.tw/house/7516080,2026-09-20T13:24:07+08:00 | 2026-09-20T13:25:35+08:00 | 2026-09-20T13:30:24+08:00 | 2026-09-20T13:30:54+08:00,,,,,步行約 3 分到捷運出入口,屋齡 47.3 年：貸款年限與成數可能受限（各銀行不同，未假設你的條件）、管線與防水需檢查,
XA-076,優先看屋,光復南靜巷華廈,,臺北市大安區光復南路,大安區,中古屋,電梯大樓,,3房2廳2衛1室,3,7,45.75,有,每戶500(元)/月,3980,3980,無,,,,符合,3980,"無車位，總價：3,980 萬 ≤ 預算 8,000 萬",34.48,6.88,41.36,,1.37,,42.73,符合,符合,主建物符合 26 坪,5,566.4,7.5,地圖估算：OpenStreetMap 步行路網路由（routing.openstreetmap.de，foot profile），起點＝中信房屋刊登頁提供的物件座標，終點＝官方出入口座標；時間＝路徑距離÷80 公尺/分，不含等紅燈,platform_coord,115.43,93.14,研究日查得刊登頁，實際可售狀態待確認,1,中信房屋:2132792,https://buy.cthouse.com.tw/house/2132792.html,2026-09-20T13:24:05+08:00,,,,,主建物 34.48 坪，高於門檻 8.5 坪,屋齡 45.75 年：貸款年限與成數可能受限（各銀行不同，未假設你的條件）、管線與防水需檢查,謄本登記用途未揭露（需確認為住家用）
XA-077,優先看屋,鴻利華廈｜★安和★黃金大空間,鴻利華廈,台北市大安區信義路四段,大安區,中古屋,華廈,住家用,2房2廳2衛1室,7,7,49,有,"每月約 1,800 元。",4500,4800,無,,,,符合,4800,"無車位，總價：4,800 萬 ≤ 預算 8,000 萬",29.29,4.3,33.59,,4.73,,39.86,符合,符合,主建物符合 26 坪,5,301,4,地圖估算：OpenStreetMap 步行路網路由（routing.openstreetmap.de，foot profile），起點＝住商不動產刊登頁提供的物件座標，終點＝官方出入口座標；時間＝路徑距離÷80 公尺/分，不含等紅燈,platform_coord,163.88,120.42,研究日查得刊登頁，實際可售狀態待確認,5,中信房屋:2132809 | 住商不動產:WS76480 | 信義房屋:7427AT | 有巢氏房屋:7467401 | 永慶房屋:7462670,https://buy.cthouse.com.tw/house/2132809.html | https://www.hbhousing.com.tw/detail?sn=WS76480 | https://www.sinyi.com.tw/buy/house/7427AT | https://buy.u-trust.com.tw/house/7467401 | https://buy.yungching.com.tw/house/7462670,2026-09-20T13:24:02+08:00 | 2026-09-20T13:25:52+08:00 | 2026-09-20T13:27:56+08:00 | 2026-09-20T13:33:28+08:00 | 2026-09-20T13:28:32+08:00,,,,,步行約 4 分到捷運出入口,屋齡 49 年：貸款年限與成數可能受限（各銀行不同，未假設你的條件）、管線與防水需檢查,各平台開價不一致（4500～4800 萬）：需確認屋主實際委託價
XA-078,目前不符合條件,全新大安捷運3房平面車位,,台北市大安區復興南路一段,大安區,中古屋,大樓,集合住宅,3房/ 2廳/ 2衛,5,15,2.8,有,110元 / 坪,5599,5599,有,是,,,符合,5599,"含車位總價：5,599 萬 ≤ 預算 8,000 萬",,,24.1667,24.1667,9.6,11.4,45.1636,不符合,不符合,兩種口徑皆未達 26 坪,1,1211.1,15.5,地圖估算：OpenStreetMap 步行路網路由（routing.openstreetmap.de，foot profile），起點＝東森房屋刊登頁提供的物件座標，終點＝官方出入口座標；時間＝路徑距離÷80 公尺/分，不含等紅燈,platform_coord,,,研究日查得刊登頁，實際可售狀態待確認,1,東森房屋:742529,https://www.etwarm.com.tw/houses/buy/742529,2026-09-20T13:24:24+08:00,,,,,屋齡 2.8 年，相對較新,主建物與主＋附皆未達 26 坪,步行時間落在分界附近或各平台座標差異大：需以實際門牌實走確認；主建物坪數未揭露：無法判斷 A 口徑；總價含車位，但車位價格未拆分：無法計算扣車位後單價
XA-079,目前不符合條件,南華華廈｜敦南復興中學美廈,南華華廈,台北市大安區敦化南路一段,大安區,中古屋,華廈,集合住宅 ／ 住家用,4房(室)2廳3衛,4,7,48,有,2000元/每月,8800,8800,無,,,,超出預算,8800,"無車位，總價：8,800 萬 > 預算 8,000 萬",51.43,10.91,62.34,,10.54,,72.88,符合,符合,主建物符合 26 坪,1,1201.9,15.5,地圖估算：OpenStreetMap 步行路網路由（routing.openstreetmap.de，foot profile），起點＝住商不動產刊登頁提供的物件座標，終點＝官方出入口座標；時間＝路徑距離÷80 公尺/分，不含等紅燈,platform_coord,171.11,120.75,研究日查得刊登頁，實際可售狀態待確認,4,東森房屋:760748 | 住商不動產:WS71023 | 信義房屋:2149HR | 永慶房屋:5281618,https://www.etwarm.com.tw/houses/buy/760748 | https://www.hbhousing.com.tw/detail?sn=WS71023 | https://www.sinyi.com.tw/buy/house/2149HR | https://buy.yungching.com.tw/house/5281618,2026-09-20T13:24:10+08:00 | 2026-09-20T13:28:47+08:00 | 2026-09-20T13:32:25+08:00 | 2026-09-20T13:30:18+08:00,,,,,主建物 51.43 坪，高於門檻 25.4 坪,"超出 8,000 萬預算",步行時間落在分界附近或各平台座標差異大：需以實際門牌實走確認
XA-080,先補資料再決定,世貿101頂樓華廈,,台北市信義區吳興街,信義區,中古屋,華廈,,3房/ 2廳/ 2衛,6,6,32.6,有,,4428,4428,無,,,,符合,4428,"無車位，總價：4,428 萬 ≤ 預算 8,000 萬",,,38.5416,38.5416,4.8,,43.3797,待確認,符合,主＋附符合26坪；主建物未達26坪,4,751,9.5,地圖估算：OpenStreetMap 步行路網路由（routing.openstreetmap.de，foot profile），起點＝東森房屋刊登頁提供的物件座標，終點＝官方出入口座標；時間＝路徑距離÷80 公尺/分，不含等紅燈,platform_coord,,102.08,研究日查得刊登頁，實際可售狀態待確認,1,東森房屋:760970,https://www.etwarm.com.tw/houses/buy/760970,2026-09-20T13:24:46+08:00,,,,,公設比低（約 11%）,屋齡 32.6 年：需留意管線、防水與貸款年限,步行時間落在分界附近或各平台座標差異大：需以實際門牌實走確認；主建物坪數未揭露：無法判斷 A 口徑；謄本登記用途未揭露（需確認為住家用）；管理費未揭露
XA-081,目前不符合條件,大安捷運站三房車位,,台北市大安區復興南路一段,大安區,中古屋,大樓,多戶住宅,3房/ 2廳/ 2衛,4,15,2.8,有,"5,210元 / 月",5200,5200,有,是,,,符合,5200,"含車位總價：5,200 萬 ≤ 預算 8,000 萬",,,24.1667,24.1667,9.6,8.7,42.4341,不符合,不符合,兩種口徑皆未達 26 坪,1,1207.9,15.5,地圖估算：OpenStreetMap 步行路網路由（routing.openstreetmap.de，foot profile），起點＝東森房屋刊登頁提供的物件座標，終點＝官方出入口座標；時間＝路徑距離÷80 公尺/分，不含等紅燈,platform_coord,,,研究日查得刊登頁，實際可售狀態待確認,1,東森房屋:763176,https://www.etwarm.com.tw/houses/buy/763176,2026-09-20T13:24:09+08:00,,,,,屋齡 2.8 年，相對較新,主建物與主＋附皆未達 26 坪,步行時間落在分界附近或各平台座標差異大：需以實際門牌實走確認；主建物坪數未揭露：無法判斷 A 口徑；總價含車位，但車位價格未拆分：無法計算扣車位後單價
XA-082,先補資料再決定,專約★16078-信義安和優質明亮三房,,台北市大安區敦化南路二段,大安區,中古屋,華廈,住家,3房/ 2廳/ 2衛,2,7,45.5,有,"2,000元 / 月",4688,4688,無,,,,符合,4688,"無車位，總價：4,688 萬 ≤ 預算 8,000 萬",,,39.5428,39.5428,3.9,,43.4611,待確認,符合,主＋附符合26坪；主建物未達26坪,2A,263.1,3.5,地圖估算：OpenStreetMap 步行路網路由（routing.openstreetmap.de，foot profile），起點＝東森房屋刊登頁提供的物件座標，終點＝官方出入口座標；時間＝路徑距離÷80 公尺/分，不含等紅燈,platform_coord,,107.87,研究日查得刊登頁，實際可售狀態待確認,1,東森房屋:768930,https://www.etwarm.com.tw/houses/buy/768930,2026-09-20T13:23:58+08:00,,,,,步行約 3.5 分到捷運出入口,屋齡 45.5 年：貸款年限與成數可能受限（各銀行不同，未假設你的條件）、管線與防水需檢查,主建物坪數未揭露：無法判斷 A 口徑
XA-083,先補資料再決定,(G60)通化樂利六張犁電梯裝潢收租屋.租客穩定.合格裝修.稀有釋出,,台北市大安區通化街,大安區,中古屋,華廈,集合住宅,5房/ 5衛/ 1室,2,7,45.8,有,100元 / 坪,4888,4888,無,,,,符合,4888,"無車位，總價：4,888 萬 ≤ 預算 8,000 萬",,,51.3826,51.3826,6.3,,57.6479,待確認,符合,主＋附符合26坪；主建物未達26坪,4,815.9,10.5,地圖估算：OpenStreetMap 步行路網路由（routing.openstreetmap.de，foot profile），起點＝東森房屋刊登頁提供的物件座標，終點＝官方出入口座標；時間＝路徑距離÷80 公尺/分，不含等紅燈,platform_coord,,84.79,研究日查得刊登頁，實際可售狀態待確認,1,東森房屋:769075,https://www.etwarm.com.tw/houses/buy/769075,2026-09-20T13:23:56+08:00,,,,,公設比低（約 11%）,屋齡 45.8 年：貸款年限與成數可能受限（各銀行不同，未假設你的條件）、管線與防水需檢查,步行時間落在分界附近或各平台座標差異大：需以實際門牌實走確認；主建物坪數未揭露：無法判斷 A 口徑
XA-084,先補資料再決定,忠孝聯陽｜專約★16110-忠孝延吉明亮電梯華廈,忠孝聯陽,台北市大安區延吉街,大安區,中古屋,華廈,住家,開放空間,4,7,44.8,有,"3,000元 / 月",5988,5988,無,,,,符合,5988,"無車位，總價：5,988 萬 ≤ 預算 8,000 萬",,,44.5674,44.5674,4.2,,48.7479,待確認,符合,主＋附符合26坪；主建物未達26坪,5,999.8,12.5,地圖估算：OpenStreetMap 步行路網路由（routing.openstreetmap.de，foot profile），起點＝東森房屋刊登頁提供的物件座標，終點＝官方出入口座標；時間＝路徑距離÷80 公尺/分，不含等紅燈,platform_coord,,122.84,研究日查得刊登頁，實際可售狀態待確認,1,東森房屋:770420,https://www.etwarm.com.tw/houses/buy/770420,2026-09-20T13:23:54+08:00,,,,,公設比低（約 9%）,屋齡 44.8 年：貸款年限與成數可能受限（各銀行不同，未假設你的條件）、管線與防水需檢查,主建物坪數未揭露：無法判斷 A 口徑
XA-086,優先看屋,信義安和邊間四房平車,,台北市大安區通化街,大安區,中古屋,華廈,住家用,4房(室)2廳2衛,4,7,44.8,有,"住商 2,627 元/月；信義 約 2,637 元/月（含車位管理費，月繳）",4688,4688,有,是,300,,符合,4688,"含車位總價：4,688 萬 ≤ 預算 8,000 萬",36.05,4.53,40.58,,5.9,9.31,55.79,符合,符合,主建物符合 26 坪,4,263.9,3.5,地圖估算：OpenStreetMap 步行路網路由（routing.openstreetmap.de，foot profile），起點＝住商不動產刊登頁提供的物件座標，終點＝官方出入口座標；時間＝路徑距離÷80 公尺/分，不含等紅燈,platform_coord,121.72,94.41,研究日查得刊登頁，實際可售狀態待確認,2,住商不動產:OS217164 | 信義房屋:3244DK,https://www.hbhousing.com.tw/detail?sn=OS217164 | https://www.sinyi.com.tw/buy/house/3244DK,2026-09-20T13:25:43+08:00 | 2026-09-20T13:27:44+08:00,推定在通化街北段 38 巷、近通安街口一帶的巷內（依實價登錄同完工日、同車位面積的紀錄與平台座標推定；住商頁面「面臨路寬約8米」）。屬通化街商圈的商住混合區，門牌待確認。,捷運信義安和站（信義房屋頁面：出口3、4 約257公尺）、通化公園（住商頁面：183公尺）、通化市場、臨江市場與通化街／臨江街商圈（住商頁面）、三興國小（564公尺）、大安國中（661公尺）、立人國際中小學（住商頁面與文案）、郵局（文案：路口有郵局）,是,,"主建物 36.05 坪，含 B1 坡道平面車位總價 4,688 萬，步行約 3.5 分鐘",推定在通化街商圈巷內、每層 5 戶且無管理員，格局圖標註多處陽台外移與二次施工，同棟無乾淨成交可比價,"確切門牌（推定是通化街38巷22號一帶，未確認）與完工日。；車位：編號、位置、尺寸、車道坡度與限高、產權與分管約定、能否分售。；陽台外移與二次施工的範圍、年份、有無被查報。；管理方式（無管理員時由誰收費、修繕）、管理費實際金額（2,627 或 2,637 元）、公共基金。；海砂（氯離子）、輻射、耐震資料；漏水與修繕紀錄。；同棟極小單位、頂樓加蓋與出租的現況；一樓與低樓層的使用型態。"
XA-087,目前不符合條件,鑽石大廈｜葉財記．仁愛鑽石景觀,鑽石大廈,台北市大安區仁愛路四段,大安區,中古屋,電梯大樓,住家用,4房2廳3衛1室,10,12,49.4,有,"每月約 5,010 元。",8550,8550,無,,,,超出預算,8550,"無車位，總價：8,550 萬 > 預算 8,000 萬",61.86,8.22,70.08,,7,,77.08,符合,符合,主建物符合 26 坪,1,623.9,8,地圖估算：OpenStreetMap 步行路網路由（routing.openstreetmap.de，foot profile），起點＝信義房屋刊登頁提供的物件座標，終點＝官方出入口座標；時間＝路徑距離÷80 公尺/分，不含等紅燈,platform_coord,138.22,110.92,研究日查得刊登頁，實際可售狀態待確認,2,住商不動產:OS221716 | 信義房屋:6779PQ,https://www.hbhousing.com.tw/detail?sn=OS221716 | https://www.sinyi.com.tw/buy/house/6779PQ,2026-09-20T13:26:44+08:00 | 2026-09-20T13:32:10+08:00,,,,,主建物 61.86 坪，高於門檻 35.9 坪,"超出 8,000 萬預算",
XA-088,先補資料再決定,信義安和帝王座向大四房加平車(華廈),,台北市大安區安和路一段,大安區,中古屋,華廈,住家用,4房(室)2廳2衛,5,7,44,有,522元/雙月,5980,5980,有,是,,,符合,5980,"含車位總價：5,980 萬 ≤ 預算 8,000 萬",44.79,6.49,51.28,,1.77,4.58,57.63,符合,符合,主建物符合 26 坪,1,284.6,4,地圖估算：OpenStreetMap 步行路網路由（routing.openstreetmap.de，foot profile），起點＝住商不動產刊登頁提供的物件座標，終點＝官方出入口座標；時間＝路徑距離÷80 公尺/分，不含等紅燈,platform_coord,,,研究日查得刊登頁，實際可售狀態待確認,1,住商不動產:OS231315,https://www.hbhousing.com.tw/detail?sn=OS231315,2026-09-20T13:25:28+08:00,巷內（頁面：面臨路寬約8米）；實價登錄比對推定在安和路一段112巷內，不直接臨安和路或信義路。門牌待確認。,捷運信義安和站（頁面約316公尺）、仁愛國小（頁面約225公尺）、仁愛國中（頁面約324公尺），距離非指學區、家樂福大安敦化南店（頁面列為近超市）、安和路／敦化南路一帶餐飲商圈,是,,巷內 7 樓華廈的 5 樓，主建物 44.79 坪、含坡道平面車位，步行約 4 分鐘到信義安和站。,"高度吻合的同一戶 2026 年 1 月才以 5,400 萬成交，現開價 5,980 萬且可售狀態不明；格局圖另標註「占用梯間」。",本刊登目前是否仍可售、委託期間與屋主取得日期（對照 2026-01-26 成交）。；謄本：主建物是否含地下層車位面積、車位編號與位置、有無獨立建號或分管協議。；車位在總價中的拆分價格與尺寸、車道坡度與可停車種。；「占用梯間」與「其他增建」的確切位置、面積、施作年代與是否曾被查報。；是否有管委會、公共基金與近年修繕紀錄；海砂（氯離子）與輻射檢測。
XA-089,優先看屋,敦南麗舍｜敦南麗舍精緻景觀三房,敦南麗舍,台北市大安區信義路四段,大安區,中古屋,電梯大樓,住家用,3房2廳2衛,12,12,36.9,有,"每月約 3,600 元。",5800,5800,無,,,,符合,5800,"無車位，總價：5,800 萬 ≤ 預算 8,000 萬",31.56,3.76,35.32,,9.54,,44.86,符合,符合,主建物符合 26 坪,2,465.6,6,地圖估算：OpenStreetMap 步行路網路由（routing.openstreetmap.de，foot profile），起點＝信義房屋刊登頁提供的物件座標，終點＝官方出入口座標；時間＝路徑距離÷80 公尺/分，不含等紅燈,platform_coord,183.78,129.29,研究日查得刊登頁，實際可售狀態待確認,2,住商不動產:WS28629 | 信義房屋:1765FH,https://www.hbhousing.com.tw/detail?sn=WS28629 | https://www.sinyi.com.tw/buy/house/1765FH,2026-09-20T13:26:19+08:00 | 2026-09-20T13:29:38+08:00,,,,,步行約 6 分，屬優先範圍,屋齡 36.9 年：需留意管線、防水與貸款年限,
XA-090,先補資料再決定,鑽石大廈｜仁愛鑽石面林蔭邊間四房,鑽石大廈,台北市大安區仁愛路四段,大安區,中古屋,電梯大樓,住家用,4房2廳2衛,2,12,49.5,有,"每月約 4,600 元。",5570,5570,有,否,,,待確認,,車位另計、價格未揭露 → 總價待確認,36.61,1.9,38.51,,10,,48.51,符合,符合,主建物符合 26 坪,1,660.6,8.5,地圖估算：OpenStreetMap 步行路網路由（routing.openstreetmap.de，foot profile），起點＝信義房屋刊登頁提供的物件座標，終點＝官方出入口座標；時間＝路徑距離÷80 公尺/分，不含等紅燈,platform_coord,152.14,114.82,研究日查得刊登頁，實際可售狀態待確認,3,住商不動產:WS33733 | 信義房屋:7346TB | 永慶房屋:6508140,https://www.hbhousing.com.tw/detail?sn=WS33733 | https://www.sinyi.com.tw/buy/house/7346TB | https://buy.yungching.com.tw/house/6508140,2026-09-20T13:26:46+08:00 | 2026-09-20T13:29:14+08:00 | 2026-09-20T13:28:42+08:00,,,,,主建物 36.61 坪，高於門檻 10.6 坪,總價待確認,車位面積未揭露：無法確認權狀坪數中有多少是車位
XA-091,目前不符合條件,附中大安捷運優質二樓,,台北市大安區信義路三段,大安區,中古屋,公寓,集合住宅,2房(室)2廳2衛,2,4,52.1,無,,3950,3950,無,,,,符合,3950,"無車位，總價：3,950 萬 ≤ 預算 8,000 萬",21.77,4.61,26.38,,,,26.38,不符合,符合,主＋附符合26坪；主建物未達26坪,1,1237.5,15.5,地圖估算：OpenStreetMap 步行路網路由（routing.openstreetmap.de，foot profile），起點＝住商不動產刊登頁提供的物件座標，終點＝官方出入口座標；時間＝路徑距離÷80 公尺/分，不含等紅燈,platform_coord,181.44,149.73,研究日查得刊登頁，實際可售狀態待確認,1,住商不動產:WS39393,https://www.hbhousing.com.tw/detail?sn=WS39393,2026-09-20T13:29:12+08:00,,,,,（目前沒有明確優勢）,步行超過 15 分鐘,步行時間落在分界附近或各平台座標差異大：需以實際門牌實走確認；附屬建物組成（陽台／雨遮／露台各多少）未揭露；管理費未揭露
XA-093,優先看屋,阿波羅大廈｜46東區阿波羅優質住辦,阿波羅大廈,台北市大安區忠孝東路四段,大安區,中古屋,華廈,住家用,4房(室)2廳3衛,7,13,48.7,有,3974元/每月,7666,7666,有,是,450,,符合,7666,"含車位總價：7,666 萬 ≤ 預算 8,000 萬",51.47,8.24,59.71,,5.42,14.55,79.68,符合,符合,主建物符合 26 坪,1,944.9,12,地圖估算：OpenStreetMap 步行路網路由（routing.openstreetmap.de，foot profile），起點＝住商不動產刊登頁提供的物件座標，終點＝官方出入口座標；時間＝路徑距離÷80 公尺/分，不含等紅燈,platform_coord,140.20,110.79,研究日查得刊登頁，實際可售狀態待確認,2,住商不動產:WS43196 | 信義房屋:0992UC,https://www.hbhousing.com.tw/detail?sn=WS43196 | https://www.sinyi.com.tw/buy/house/0992UC,2026-09-20T13:28:26+08:00 | 2026-09-20T13:31:37+08:00,,,,,主建物 51.47 坪，高於門檻 25.5 坪,屋齡 48.7 年：貸款年限與成數可能受限（各銀行不同，未假設你的條件）、管線與防水需檢查,
XA-094,優先看屋,信義安和捷運電梯四房,,台北市大安區延吉街,大安區,中古屋,華廈,,3房2廳2衛1室,6,7,45.7,有,1100元/每月,3850,3850,無,,,,符合,3850,"無車位，總價：3,850 萬 ≤ 預算 8,000 萬",35.76,3.56,39.32,,4.59,,43.91,符合,符合,主建物符合 26 坪,5,423.6,5.5,地圖估算：OpenStreetMap 步行路網路由（routing.openstreetmap.de，foot profile），起點＝住商不動產刊登頁提供的物件座標，終點＝官方出入口座標；時間＝路徑距離÷80 公尺/分，不含等紅燈,platform_coord,107.66,87.68,研究日查得刊登頁，實際可售狀態待確認,1,住商不動產:WS46484,https://www.hbhousing.com.tw/detail?sn=WS46484,2026-09-20T13:26:23+08:00,,,,,主建物 35.76 坪，高於門檻 9.8 坪,屋齡 45.7 年：貸款年限與成數可能受限（各銀行不同，未假設你的條件）、管線與防水需檢查,謄本登記用途未揭露（需確認為住家用）
XA-095,目前不符合條件,通化臨江收租透天厝,,台北市大安區通化街,大安區,中古屋,透天,住家用,12房(室)--廳12衛,1-2,2,39.1,無,,5980,5980,無,,,,符合,5980,"無車位，總價：5,980 萬 ≤ 預算 8,000 萬",39.65,,,,,,39.65,符合,符合,主建物符合 26 坪,4,599.7,7.5,地圖估算：OpenStreetMap 步行路網路由（routing.openstreetmap.de，foot profile），起點＝住商不動產刊登頁提供的物件座標，終點＝官方出入口座標；時間＝路徑距離÷80 公尺/分，不含等紅燈,platform_coord,150.82,150.82,研究日查得刊登頁，實際可售狀態待確認,1,住商不動產:WS49126,https://www.hbhousing.com.tw/detail?sn=WS49126,2026-09-20T13:26:32+08:00,巷弄內的轉角邊間（外觀照片：兩條巷道交叉口、有單行道標誌、門口停放機車）；門牌屬通化街哪一巷待確認。平台標示距臨江公園 124 公尺，位在臨江街（通化）夜市生活圈內，與夜市攤位的實際距離需現場確認。,臨江街（通化）夜市商圈、通化市場、臨江公園（平台標示 124 公尺）、捷運信義安和站（平台標示 477 公尺）、三興國小（平台標示 376 公尺）,是,,土地 22.08 坪、登記住家用的全棟透天，步行約 7.5 分,12 間套房收租產品且格局圖自註「3樓增建」，不是可直接自住的完整住宅,完整門牌與面臨巷道寬度；3 樓增建與屋頂棚架的興建年份、有無查報或拆除通知；12 份租約的租金、押金、到期日；套房隔間的室內裝修許可與消防檢查紀錄；土地謄本（是否單獨所有、有無與鄰屋共用壁或越界）；「住3(特)(遷)」的都市計畫附帶規定與實際建蔽率、容積率；管線、用電容量與修漏紀錄
XA-096,優先看屋,忠孝敦化國泰皇家,,台北市大安區忠孝東路四段,大安區,中古屋,電梯大樓,集合住宅,3房(室)2廳2衛,8,12,51.4,有,3200元/每月,4388,4388,無,,,,符合,4388,"無車位，總價：4,388 萬 ≤ 預算 8,000 萬",37.11,1.87,38.98,,5.11,,44.09,符合,符合,主建物符合 26 坪,1,1007.2,13,地圖估算：OpenStreetMap 步行路網路由（routing.openstreetmap.de，foot profile），起點＝住商不動產刊登頁提供的物件座標，終點＝官方出入口座標；時間＝路徑距離÷80 公尺/分，不含等紅燈,platform_coord,118.24,99.52,研究日查得刊登頁，實際可售狀態待確認,1,住商不動產:WS53543,https://www.hbhousing.com.tw/detail?sn=WS53543,2026-09-20T13:28:40+08:00,,,,,主建物 37.11 坪，高於門檻 11.1 坪,屋齡 51.4 年：貸款年限與成數可能受限（各銀行不同，未假設你的條件）、管線與防水需檢查,
XA-097,先補資料再決定,國父紀念館頂樓大空間,,台北市信義區光復南路,信義區,中古屋,公寓,集合住宅,3房(室)2廳1衛,5,5,46.5,無,,3180,3180,無,,,,符合,3180,"無車位，總價：3,180 萬 ≤ 預算 8,000 萬",26.13,1.96,28.09,,,,28.09,待確認,待確認,面積待確認,5,714.3,9,地圖估算：OpenStreetMap 步行路網路由（routing.openstreetmap.de，foot profile），起點＝住商不動產刊登頁提供的物件座標，終點＝官方出入口座標；時間＝路徑距離÷80 公尺/分，不含等紅燈,platform_coord,121.70,113.21,研究日查得刊登頁，實際可售狀態待確認,1,住商不動產:WS54250,https://www.hbhousing.com.tw/detail?sn=WS54250,2026-09-20T13:27:26+08:00,,,,,步行約 9 分，屬優先範圍,面積待確認,步行時間落在分界附近或各平台座標差異大：需以實際門牌實走確認；無電梯公寓且刊登頁無共有部分：樓梯間可能已計入主建物登記面積，扣除後可能低於 26 坪，需調閱謄本與建物測量成果圖核對；管理費未揭露
XA-098,優先看屋,太平洋華園｜【敦化站｜東區216巷．店辦】,太平洋華園,台北市大安區忠孝東路四段,大安區,中古屋,華廈,集合住宅,3房(室)2廳2衛,2,7,52.3,有,1600元/每月,4988,4988,無,,,,符合,4988,"無車位，總價：4,988 萬 ≤ 預算 8,000 萬",43.82,,,,4.11,,47.93,符合,符合,主建物符合 26 坪,1,768.5,10,地圖估算：OpenStreetMap 步行路網路由（routing.openstreetmap.de，foot profile），起點＝住商不動產刊登頁提供的物件座標，終點＝官方出入口座標；時間＝路徑距離÷80 公尺/分，不含等紅燈,platform_coord,113.83,104.07,研究日查得刊登頁，實際可售狀態待確認,1,住商不動產:WS54419,https://www.hbhousing.com.tw/detail?sn=WS54419,2026-09-20T13:27:41+08:00,,,,,主建物 43.82 坪，高於門檻 17.8 坪,屋齡 52.3 年：貸款年限與成數可能受限（各銀行不同，未假設你的條件）、管線與防水需檢查,步行時間落在分界附近或各平台座標差異大：需以實際門牌實走確認；附屬建物坪數未揭露
XA-099,優先看屋,益壽大廈｜遠企商圈電梯美三房,益壽大廈,台北市大安區通化街,大安區,中古屋,華廈,住家用,2+1房2廳3衛,3,7,45.7,有,2930元/每月,3780,3780,無,,,,符合,3780,"無車位，總價：3,780 萬 ≤ 預算 8,000 萬",34.65,3.44,38.09,,4.94,,43.02,符合,符合,主建物符合 26 坪,4,870.7,11,地圖估算：OpenStreetMap 步行路網路由（routing.openstreetmap.de，foot profile），起點＝住商不動產刊登頁提供的物件座標，終點＝官方出入口座標；時間＝路徑距離÷80 公尺/分，不含等紅燈,platform_coord,109.09,87.87,研究日查得刊登頁，實際可售狀態待確認,2,住商不動產:WS56384 | 永慶房屋:6957652,https://www.hbhousing.com.tw/detail?sn=WS56384 | https://buy.yungching.com.tw/house/6957652,2026-09-20T13:27:45+08:00 | 2026-09-20T13:29:40+08:00,,,,,主建物 34.65 坪，高於門檻 8.6 坪,屋齡 45.7 年：貸款年限與成數可能受限（各銀行不同，未假設你的條件）、管線與防水需檢查,步行時間落在分界附近或各平台座標差異大：需以實際門牌實走確認
XA-101,目前不符合條件,EZ8登峰大廈｜附中｜三房｜坡車,,台北市大安區復興南路一段,大安區,新成屋,電梯大樓,集合住宅,3房(室)2廳2衛,8,15,2.8,有,5880元/每月,7500,7500,有,是,,,符合,7500,"含車位總價：7,500 萬 ≤ 預算 8,000 萬",29.02,2.82,31.84,,12.56,11.41,55.81,符合,符合,主建物符合 26 坪,1,1233.9,15.5,地圖估算：OpenStreetMap 步行路網路由（routing.openstreetmap.de，foot profile），起點＝住商不動產刊登頁提供的物件座標，終點＝官方出入口座標；時間＝路徑距離÷80 公尺/分，不含等紅燈,platform_coord,,,研究日查得刊登頁，實際可售狀態待確認,1,住商不動產:WS56843,https://www.hbhousing.com.tw/detail?sn=WS56843,2026-09-20T13:28:53+08:00,,,,,屋齡 2.8 年，相對較新,步行超過 15 分鐘,步行時間落在分界附近或各平台座標差異大：需以實際門牌實走確認；附屬建物組成（陽台／雨遮／露台各多少）未揭露；總價含車位，但車位價格未拆分：無法計算扣車位後單價
XA-102,優先看屋,皇星佳園｜皇星佳園美裝三房,皇星佳園,台北市信義區信安街,信義區,中古屋,華廈,住家用 ／ 集合住宅,3房2廳2衛,4,7,38.8,有,每月約 550 元。,4380,4380,無,,,,符合,4380,"無車位，總價：4,380 萬 ≤ 預算 8,000 萬",38.24,4.47,42.71,,2.08,,44.79,符合,符合,主建物符合 26 坪,4,1002.1,13,地圖估算：OpenStreetMap 步行路網路由（routing.openstreetmap.de，foot profile），起點＝信義房屋刊登頁提供的物件座標，終點＝官方出入口座標；時間＝路徑距離÷80 公尺/分，不含等紅燈,platform_coord,114.54,97.79,研究日查得刊登頁，實際可售狀態待確認,3,住商不動產:WS56858 | 信義房屋:9730DC | 永慶房屋:7351161,https://www.hbhousing.com.tw/detail?sn=WS56858 | https://www.sinyi.com.tw/buy/house/9730DC | https://buy.yungching.com.tw/house/7351161,2026-09-20T13:27:35+08:00 | 2026-09-20T13:27:00+08:00 | 2026-09-20T13:33:18+08:00,,,,,主建物 38.24 坪，高於門檻 12.2 坪,屋齡 38.8 年：需留意管線、防水與貸款年限,
XA-103,先補資料再決定,信義安和優質一樓,,台北市大安區安和路一段,大安區,中古屋,華廈,住家用,OPEN,B1-1,7,45.8,有,400元/每月,6980,6980,有,是,,,符合,6980,"含車位總價：6,980 萬 ≤ 預算 8,000 萬",33.23,5.54,38.77,,1.34,,74.55,待確認,待確認,面積待確認,1,290.3,4,地圖估算：OpenStreetMap 步行路網路由（routing.openstreetmap.de，foot profile），起點＝住商不動產刊登頁提供的物件座標，終點＝官方出入口座標；時間＝路徑距離÷80 公尺/分，不含等紅燈,platform_coord,,,研究日查得刊登頁，實際可售狀態待確認,1,住商不動產:WS60858,https://www.hbhousing.com.tw/detail?sn=WS60858,2026-09-20T13:25:26+08:00,,,,,步行約 4 分到捷運出入口,面積待確認,本戶含地下層（B1-1 樓）：部分平台把獨立權狀地下室併入主建物，地面層主建物需以謄本確認；地下室不應視為一般居住室內面積；總價含車位，但車位價格未拆分：無法計算扣車位後單價；車位面積未揭露：無法確認權狀坪數中有多少是車位；本戶含地下層（B1-1 樓）：地下層多登記為防空避難室／儲藏室／店鋪，是否為一般住宅需以謄本確認
XA-104,優先看屋,安和康福大樓｜敦南安和景觀名廈,安和康福大樓,台北市大安區忠孝東路四段,大安區,中古屋,電梯大樓,住家用,3房(室)2廳2衛,8,12,48.6,有,3137元/每月,4880,4880,無,,,,符合,4880,"無車位，總價：4,880 萬 ≤ 預算 8,000 萬",29.79,1.53,31.32,,4.7,,36.02,符合,符合,主建物符合 26 坪,1,881.3,11.5,地圖估算：OpenStreetMap 步行路網路由（routing.openstreetmap.de，foot profile），起點＝住商不動產刊登頁提供的物件座標，終點＝官方出入口座標；時間＝路徑距離÷80 公尺/分，不含等紅燈,platform_coord,163.81,135.48,研究日查得刊登頁，實際可售狀態待確認,2,住商不動產:WS64768 | 永慶房屋:7378048,https://www.hbhousing.com.tw/detail?sn=WS64768 | https://buy.yungching.com.tw/house/7378048,2026-09-20T13:27:52+08:00 | 2026-09-20T13:31:32+08:00,,,,,公設比低（約 13%）,屋齡 48.6 年：貸款年限與成數可能受限（各銀行不同，未假設你的條件）、管線與防水需檢查,
XA-105,先補資料再決定,世界大廈｜世界敦南林蔭景觀,世界大廈,台北市大安區敦化南路二段,大安區,中古屋,電梯大樓,住家用 ／ 集合住宅,3房2廳2衛,16,16,47.6,有,"每月約 3,850 元。",4500,4500,無,,,,符合,4500,"無車位，總價：4,500 萬 ≤ 預算 8,000 萬",24.44,4.32,28.76,,5.09,,33.85,不符合,符合,主＋附符合26坪；主建物未達26坪,2,1024.9,13,地圖估算：OpenStreetMap 步行路網路由（routing.openstreetmap.de，foot profile），起點＝信義房屋刊登頁提供的物件座標，終點＝官方出入口座標；時間＝路徑距離÷80 公尺/分，不含等紅燈,platform_coord,184.12,132.94,研究日查得刊登頁，實際可售狀態待確認,3,住商不動產:WS65667 | 信義房屋:4486HK | 永慶房屋:7112449,https://www.hbhousing.com.tw/detail?sn=WS65667 | https://www.sinyi.com.tw/buy/house/4486HK | https://buy.yungching.com.tw/house/7112449,2026-09-20T13:28:09+08:00 | 2026-09-20T13:27:22+08:00 | 2026-09-20T13:30:20+08:00,,,,,（目前沒有明確優勢）,屋齡 47.6 年：貸款年限與成數可能受限（各銀行不同，未假設你的條件）、管線與防水需檢查,
XA-107,優先看屋,羅馬大廈｜板南線羅馬大廈大面寬店辦,羅馬大廈,台北市大安區忠孝東路四段,大安區,中古屋,電梯大樓,住家用 ／ 集合住宅,8房1廳8衛,8,14,49.9,有,"每月約 5,600 元。",7280,7280,無,,,,符合,7280,"無車位，總價：7,280 萬 ≤ 預算 8,000 萬",49.19,2.45,51.64,,10.81,,62.45,符合,符合,主建物符合 26 坪,1,1016.8,13,地圖估算：OpenStreetMap 步行路網路由（routing.openstreetmap.de，foot profile），起點＝信義房屋刊登頁提供的物件座標，終點＝官方出入口座標；時間＝路徑距離÷80 公尺/分，不含等紅燈,platform_coord,148.00,116.57,研究日查得刊登頁，實際可售狀態待確認,2,住商不動產:WS65944 | 信義房屋:3733PH,https://www.hbhousing.com.tw/detail?sn=WS65944 | https://www.sinyi.com.tw/buy/house/3733PH,2026-09-20T13:29:01+08:00 | 2026-09-20T13:36:28+08:00,,,,,主建物 49.19 坪，高於門檻 23.2 坪,屋齡 49.9 年：貸款年限與成數可能受限（各銀行不同，未假設你的條件）、管線與防水需檢查,
XA-108,優先看屋,獨家國館雙捷運邊間鼎家,,台北市大安區延吉街,大安區,中古屋,華廈,集合住宅,6房(室)4廳2.5衛,7,7,47.1,有,,4980,4980,無,,,,符合,4980,"無車位，總價：4,980 萬 ≤ 預算 8,000 萬",30.33,4.55,34.88,,2.47,,37.35,符合,符合,主建物符合 26 坪,1,813.2,10.5,地圖估算：OpenStreetMap 步行路網路由（routing.openstreetmap.de，foot profile），起點＝住商不動產刊登頁提供的物件座標，終點＝官方出入口座標；時間＝路徑距離÷80 公尺/分，不含等紅燈,platform_coord,164.19,133.33,研究日查得刊登頁，實際可售狀態待確認,1,住商不動產:WS67750,https://www.hbhousing.com.tw/detail?sn=WS67750,2026-09-20T13:27:24+08:00,,,,,公設比低（約 7%）,屋齡 47.1 年：貸款年限與成數可能受限（各銀行不同，未假設你的條件）、管線與防水需檢查,步行時間落在分界附近或各平台座標差異大：需以實際門牌實走確認；管理費未揭露
XA-109,先補資料再決定,附中捷運住四美居,,台北市大安區東豐街,大安區,中古屋,公寓,住宅,3房2廳2衛,2,4,62,無,,4580,4580,無,,,,符合,4580,"無車位，總價：4,580 萬 ≤ 預算 8,000 萬",29.77,,,,,,29.77,待確認,待確認,面積待確認,1,972.2,12.5,地圖估算：OpenStreetMap 步行路網路由（routing.openstreetmap.de，foot profile），起點＝信義房屋刊登頁提供的物件座標，終點＝官方出入口座標；時間＝路徑距離÷80 公尺/分，不含等紅燈,platform_coord,153.85,153.85,研究日查得刊登頁，實際可售狀態待確認,2,住商不動產:WS67922 | 信義房屋:4928ZD,https://www.hbhousing.com.tw/detail?sn=WS67922 | https://www.sinyi.com.tw/buy/house/4928ZD,2026-09-20T13:27:28+08:00 | 2026-09-20T13:27:30+08:00,,,,,（目前沒有明確優勢）,面積待確認,刊登頁的主建物等於總建坪（29.77 坪），沒有附屬建物與共有部分的拆分：平台可能未拆分陽台、樓梯間或公設，主建物實際數字需以謄本確認；附屬建物坪數未揭露；管理費未揭露
XA-110,先補資料再決定,信義安和四房鼎佳,,台北市大安區通化街,大安區,中古屋,公寓,住家用,4房(室)2廳2衛,5,5,48,無,400元/每月,2388,2388,無,,,,符合,2388,"無車位，總價：2,388 萬 ≤ 預算 8,000 萬",14.28,13.15,27.43,,0.58,,28.01,不符合,符合,主＋附符合26坪；主建物未達26坪,4,431.7,5.5,地圖估算：OpenStreetMap 步行路網路由（routing.openstreetmap.de，foot profile），起點＝住商不動產刊登頁提供的物件座標，終點＝官方出入口座標；時間＝路徑距離÷80 公尺/分，不含等紅燈,platform_coord,167.23,85.26,研究日查得刊登頁，實際可售狀態待確認,1,住商不動產:WS68956,https://www.hbhousing.com.tw/detail?sn=WS68956,2026-09-20T13:26:04+08:00,,,,,公設比低（約 2%）,屋齡 48 年：貸款年限與成數可能受限（各銀行不同，未假設你的條件）、管線與防水需檢查,
XA-111,優先看屋,安和小紅樓(63巷北棟)｜敦南安和電梯三房,安和小紅樓(63巷北棟),台北市大安區敦化南路二段63巷（巷別依信義房屋社區名「安和小紅樓(63巷北棟)」；門牌未公開）,大安區,中古屋,華廈,住家用 ／ 集合住宅,3房2廳2衛,6,7,42.3,有,"每月約 1,000 元。",4880,4880,無,,,,符合,4880,"無車位，總價：4,880 萬 ≤ 預算 8,000 萬",36.04,4.25,40.29,,4.59,,44.89,符合,符合,主建物符合 26 坪,2A,303,4,地圖估算：OpenStreetMap 步行路網路由（routing.openstreetmap.de，foot profile），起點＝信義房屋刊登頁提供的物件座標，終點＝官方出入口座標；時間＝路徑距離÷80 公尺/分，不含等紅燈,platform_coord,135.41,108.71,研究日查得刊登頁，實際可售狀態待確認,2,住商不動產:WS69209 | 信義房屋:2453MY,https://www.hbhousing.com.tw/detail?sn=WS69209 | https://www.sinyi.com.tw/buy/house/2453MY,2026-09-20T13:25:30+08:00 | 2026-09-20T13:28:04+08:00,巷內：敦化南路二段 63 巷一帶（住商：面臨路寬約 15 米），不直接臨敦化南路。外觀照顯示為路口角間建物、1 樓為店面（可見餐飲招牌）並有號誌路口；確切門牌待確認。,信義安和站出口2／2A（平台顯示 286–295 m）、全聯福利中心（約 200 m）、平安公園、居安公園（約 240–280 m）、私立立人國際國中小（約 150–190 m）、臺北安和郵局（約 120 m）,是,是,主建物 36.04 坪、巷內 7 層電梯華廈 6 樓邊間，步行約 4 分，每主建物坪開價 135.4 萬為同批查核三間中最低,面積完全相同的同門牌同樓層 2025-05 成交僅 3950 萬，開價高 23.5%；陽台外移、無管理員、1 樓店面,本戶門牌，以及是否就是 2025-05 成交的 63巷53弄4號六樓；陽台外移的施作時間、有無查報紀錄；門廳拉皮與電梯更新的年份、費用分攤、有無未繳款；1 樓店家業種與排油煙管位置；頂樓（7 樓以上）是否有加蓋、屋頂防水紀錄
XA-112,先補資料再決定,大安捷運附中收租美寓,,台北市大安區信義路四段,大安區,中古屋,公寓,住宅,6房(室)1廳4衛,3,4,43.8,無,,4980,5000,無,,,,符合,5000,"無車位，總價：5,000 萬 ≤ 預算 8,000 萬",30.1,,,,,,30.1,待確認,待確認,面積待確認,1,899.1,11.5,地圖估算：OpenStreetMap 步行路網路由（routing.openstreetmap.de，foot profile），起點＝太平洋房屋刊登頁提供的物件座標，終點＝官方出入口座標；時間＝路徑距離÷80 公尺/分，不含等紅燈,platform_coord,166.11,166.11,研究日查得刊登頁，實際可售狀態待確認,3,住商不動產:WS69822 | 太平洋房屋:S2937130 | 信義房屋:9992CP,https://www.hbhousing.com.tw/detail?sn=WS69822 | https://www.pacific.com.tw/Object/ObjectDetail/?saleID=S2937130 | https://www.sinyi.com.tw/buy/house/9992CP,2026-09-20T13:27:58+08:00 | 2026-09-20T13:42:23+08:00 | 2026-09-20T13:28:18+08:00,,,,,（目前沒有明確優勢）,面積待確認,刊登頁的主建物等於總建坪（30.1 坪），沒有附屬建物與共有部分的拆分：平台可能未拆分陽台、樓梯間或公設，主建物實際數字需以謄本確認；附屬建物坪數未揭露；管理費未揭露；各平台開價不一致（4980～5000 萬）：需確認屋主實際委託價
XA-113,優先看屋,國館捷運大巨蛋鼎加,,台北市大安區光復南路,大安區,中古屋,華廈,集合住宅 ／ 住家用,4房(室)3廳2衛,7,7,45.3,有,1000元/每月,5999,5999,無,,,,符合,5999,"無車位，總價：5,999 萬 ≤ 預算 8,000 萬",49.21,7.5,56.71,,2.43,,59.14,符合,符合,主建物符合 26 坪,5,613.8,8,地圖估算：OpenStreetMap 步行路網路由（routing.openstreetmap.de，foot profile），起點＝住商不動產刊登頁提供的物件座標，終點＝官方出入口座標；時間＝路徑距離÷80 公尺/分，不含等紅燈,platform_coord,121.91,101.44,研究日查得刊登頁，實際可售狀態待確認,4,住商不動產:WS70496 | 信義房屋:8110TK | 有巢氏房屋:7470694 | 永慶房屋:7212159,https://www.hbhousing.com.tw/detail?sn=WS70496 | https://www.sinyi.com.tw/buy/house/8110TK | https://buy.u-trust.com.tw/house/7470694 | https://buy.yungching.com.tw/house/7212159,2026-09-20T13:26:38+08:00 | 2026-09-20T13:30:09+08:00 | 2026-09-20T13:34:16+08:00 | 2026-09-20T13:28:52+08:00,,,,,主建物 49.21 坪，高於門檻 23.2 坪,屋齡 45.3 年：貸款年限與成數可能受限（各銀行不同，未假設你的條件）、管線與防水需檢查,
XA-114,先補資料再決定,福樂大廈｜稀有釋出捷運旁住辦大樓,福樂大廈,台北市大安區基隆路二段,大安區,中古屋,電梯大樓,商業用,2房(室)2廳1衛,6,12,44.8,有,2390元/每月,3698,3800,無,,,,符合,3800,"無車位，總價：3,800 萬 ≤ 預算 8,000 萬",30.87,5.08,35.95,,9.56,,45.51,符合,符合,主建物符合 26 坪,4,1099.6,14,地圖估算：OpenStreetMap 步行路網路由（routing.openstreetmap.de，foot profile），起點＝信義房屋刊登頁提供的物件座標，終點＝官方出入口座標；時間＝路徑距離÷80 公尺/分，不含等紅燈,platform_coord,123.10,83.50,研究日查得刊登頁，實際可售狀態待確認,2,住商不動產:WS72065 | 信義房屋:4577UZ,https://www.hbhousing.com.tw/detail?sn=WS72065 | https://www.sinyi.com.tw/buy/house/4577UZ,2026-09-20T13:29:05+08:00 | 2026-09-20T13:25:59+08:00,,,,,總價 3800 萬，保留較多預算空間,住宅用途待確認,步行時間落在分界附近或各平台座標差異大：需以實際門牌實走確認；現況是否為隔套收租產品待確認；登記用途含非純住家項目（商業用）：能否作住宅使用、貸款成數與稅率需另行確認；不列入優先看屋；各平台開價不一致（3698～3800 萬）：需確認屋主實際委託價
XA-115,優先看屋,&仁愛國館大三房美廈,,台北市大安區仁愛路四段,大安區,中古屋,華廈,集合住宅 ／ 住家用,3房(室)2廳2衛,2,7,45.2,有,1500元/每月,5168,5168,無,,,,符合,5168,"無車位，總價：5,168 萬 ≤ 預算 8,000 萬",38.3,5.71,44.01,,1.72,,45.73,符合,符合,主建物符合 26 坪,1,819.4,10.5,地圖估算：OpenStreetMap 步行路網路由（routing.openstreetmap.de，foot profile），起點＝住商不動產刊登頁提供的物件座標，終點＝官方出入口座標；時間＝路徑距離÷80 公尺/分，不含等紅燈,platform_coord,134.93,113.01,研究日查得刊登頁，實際可售狀態待確認,2,住商不動產:WS73435 | 信義房屋:1076RY,https://www.hbhousing.com.tw/detail?sn=WS73435 | https://www.sinyi.com.tw/buy/house/1076RY,2026-09-20T13:27:12+08:00 | 2026-09-20T13:28:35+08:00,,,,,主建物 38.3 坪，高於門檻 12.3 坪,屋齡 45.2 年：貸款年限與成數可能受限（各銀行不同，未假設你的條件）、管線與防水需檢查,步行時間落在分界附近或各平台座標差異大：需以實際門牌實走確認
XA-116,先補資料再決定,福樂大廈｜捷運旁電梯管理3房,福樂大廈,台北市大安區基隆路二段,大安區,中古屋,電梯大樓,辦公室、集合住宅 ／ 住家用,3房(室)2廳1衛,7,12,44.8,有,1250元/每月,3498,3498,無,,,,符合,3498,"無車位，總價：3,498 萬 ≤ 預算 8,000 萬",28.57,1.18,29.75,,7.07,,36.82,符合,符合,主建物符合 26 坪,4,1099.6,14,地圖估算：OpenStreetMap 步行路網路由（routing.openstreetmap.de，foot profile），起點＝信義房屋刊登頁提供的物件座標，終點＝官方出入口座標；時間＝路徑距離÷80 公尺/分，不含等紅燈,platform_coord,122.44,95.00,研究日查得刊登頁，實際可售狀態待確認,2,住商不動產:WS74275 | 信義房屋:7095CY,https://www.hbhousing.com.tw/detail?sn=WS74275 | https://www.sinyi.com.tw/buy/house/7095CY,2026-09-20T13:29:06+08:00 | 2026-09-20T13:25:16+08:00,,,,,總價 3498 萬，保留較多預算空間,住宅用途待確認,步行時間落在分界附近或各平台座標差異大：需以實際門牌實走確認；登記用途含非純住家項目（辦公室、集合住宅）：能否作住宅使用、貸款成數與稅率需另行確認；不列入優先看屋
XA-117,先補資料再決定,信義安和邊間明亮鼎加,,台北市大安區通化街,大安區,中古屋,公寓,住家用,3房(室)2廳1衛,5,5,48.2,無,,2680,2688,無,,,,符合,2688,"無車位，總價：2,688 萬 ≤ 預算 8,000 萬",23.1,7.29,30.39,,,,30.39,不符合,符合,主＋附符合26坪；主建物未達26坪,4,511.5,6.5,地圖估算：OpenStreetMap 步行路網路由（routing.openstreetmap.de，foot profile），起點＝住商不動產刊登頁提供的物件座標，終點＝官方出入口座標；時間＝路徑距離÷80 公尺/分，不含等紅燈,platform_coord,116.36,88.45,研究日查得刊登頁，實際可售狀態待確認,2,住商不動產:WS75173 | 永慶房屋:6925545,https://www.hbhousing.com.tw/detail?sn=WS75173 | https://buy.yungching.com.tw/house/6925545,2026-09-20T13:26:15+08:00 | 2026-09-20T13:30:08+08:00,,,,,步行約 6.5 分，屬優先範圍,屋齡 48.2 年：貸款年限與成數可能受限（各銀行不同，未假設你的條件）、管線與防水需檢查,管理費未揭露；各平台開價不一致（2680～2688 萬）：需確認屋主實際委託價
XA-118,目前不符合條件,贊泰中山庭園｜專賣仁愛贊泰面樹海,贊泰中山庭園,台北市大安區仁愛路四段,大安區,中古屋,電梯大樓,住家用,4房(室)2廳2衛,7,12,39.2,有,10200元/每月,8500,8500,有,是,500,,超出預算,8500,"含車位總價：8,500 萬 > 預算 8,000 萬",41.62,5.39,47.01,,3.5,9.27,59.78,符合,符合,主建物符合 26 坪,5,821.8,10.5,地圖估算：OpenStreetMap 步行路網路由（routing.openstreetmap.de，foot profile），起點＝住商不動產刊登頁提供的物件座標，終點＝官方出入口座標；時間＝路徑距離÷80 公尺/分，不含等紅燈,platform_coord,192.22,158.38,研究日查得刊登頁，實際可售狀態待確認,2,住商不動產:WS75764 | 永慶房屋:7465180,https://www.hbhousing.com.tw/detail?sn=WS75764 | https://buy.yungching.com.tw/house/7465180,2026-09-20T13:27:18+08:00 | 2026-09-20T13:34:14+08:00,,,,,主建物 41.62 坪，高於門檻 15.6 坪,"超出 8,000 萬預算",步行時間落在分界附近或各平台座標差異大：需以實際門牌實走確認
XA-119,先補資料再決定,東區分租套房精選,,台北市大安區敦化南路一段,大安區,中古屋,華廈,集合住宅,7房(室)--廳7衛,5,7,52.3,有,1600元/每月,4980,4980,無,,,,符合,4980,"無車位，總價：4,980 萬 ≤ 預算 8,000 萬",33.69,5.07,38.76,,3.63,,42.39,符合,符合,主建物符合 26 坪,1,828.9,10.5,地圖估算：OpenStreetMap 步行路網路由（routing.openstreetmap.de，foot profile），起點＝住商不動產刊登頁提供的物件座標，終點＝官方出入口座標；時間＝路徑距離÷80 公尺/分，不含等紅燈,platform_coord,147.82,117.48,研究日查得刊登頁，實際可售狀態待確認,1,住商不動產:WS76142,https://www.hbhousing.com.tw/detail?sn=WS76142,2026-09-20T13:27:54+08:00,,,,,主建物 33.69 坪，高於門檻 7.7 坪,屋齡 52.3 年：貸款年限與成數可能受限（各銀行不同，未假設你的條件）、管線與防水需檢查,步行時間落在分界附近或各平台座標差異大：需以實際門牌實走確認；現況是否為隔套收租產品待確認
XA-120,優先看屋,瑞安靜巷華廈,,台北市大安區瑞安街,大安區,中古屋,華廈,集合住宅 ／ 住家用,3房(室)2廳2衛,6,6,43.8,有,1000元/每月,3650,3650,無,,,,符合,3650,"無車位，總價：3,650 萬 ≤ 預算 8,000 萬",27.42,3.07,30.49,,2.98,,33.47,符合,符合,主建物符合 26 坪,2,1081.7,14,地圖估算：OpenStreetMap 步行路網路由（routing.openstreetmap.de，foot profile），起點＝住商不動產刊登頁提供的物件座標，終點＝官方出入口座標；時間＝路徑距離÷80 公尺/分，不含等紅燈,platform_coord,133.11,109.05,研究日查得刊登頁，實際可售狀態待確認,3,住商不動產:WS76350 | 信義房屋:6617YC | 永慶房屋:7320971,https://www.hbhousing.com.tw/detail?sn=WS76350 | https://www.sinyi.com.tw/buy/house/6617YC | https://buy.yungching.com.tw/house/7320971,2026-09-20T13:28:04+08:00 | 2026-09-20T13:25:40+08:00 | 2026-09-20T13:34:06+08:00,,,,,公設比低（約 9%）,屋齡 43.8 年：貸款年限與成數可能受限（各銀行不同，未假設你的條件）、管線與防水需檢查,步行時間落在分界附近或各平台座標差異大：需以實際門牌實走確認
XA-121,先補資料再決定,大安捷運華廈,,台北市大安區瑞安街,大安區,中古屋,華廈,集合住宅 ／ 住家用,3房(室)2廳2衛,6,6,43.8,有,1000元/每月,3750,3750,無,,,,符合,3750,"無車位，總價：3,750 萬 ≤ 預算 8,000 萬",25.97,3.09,29.06,,2.63,,31.68,不符合,符合,主＋附符合26坪；主建物未達26坪,2,1084.1,14,地圖估算：OpenStreetMap 步行路網路由（routing.openstreetmap.de，foot profile），起點＝住商不動產刊登頁提供的物件座標，終點＝官方出入口座標；時間＝路徑距離÷80 公尺/分，不含等紅燈,platform_coord,144.40,118.37,研究日查得刊登頁，實際可售狀態待確認,3,住商不動產:WS76357 | 信義房屋:3765RP | 永慶房屋:7323158,https://www.hbhousing.com.tw/detail?sn=WS76357 | https://www.sinyi.com.tw/buy/house/3765RP | https://buy.yungching.com.tw/house/7323158,2026-09-20T13:28:02+08:00 | 2026-09-20T13:26:01+08:00 | 2026-09-20T13:29:48+08:00,,,,,公設比低（約 8%）,屋齡 43.8 年：貸款年限與成數可能受限（各銀行不同，未假設你的條件）、管線與防水需檢查,步行時間落在分界附近或各平台座標差異大：需以實際門牌實走確認
XA-122,優先看屋,大安學府華廈｜大安捷運住辦景觀,大安學府華廈,台北市大安區復興南路二段,大安區,中古屋,電梯大樓,住家用,4房(室)2廳2衛,10,12,45.9,有,3560元/每月,6800,6800,無,,,,符合,6800,"無車位，總價：6,800 萬 ≤ 預算 8,000 萬",34.41,0.93,35.34,,6.03,,41.37,符合,符合,主建物符合 26 坪,2,1049.4,13.5,地圖估算：OpenStreetMap 步行路網路由（routing.openstreetmap.de，foot profile），起點＝住商不動產刊登頁提供的物件座標，終點＝官方出入口座標；時間＝路徑距離÷80 公尺/分，不含等紅燈,platform_coord,197.62,164.37,研究日查得刊登頁，實際可售狀態待確認,2,住商不動產:WS77950 | 永慶房屋:6872971,https://www.hbhousing.com.tw/detail?sn=WS77950 | https://buy.yungching.com.tw/house/6872971,2026-09-20T13:28:15+08:00 | 2026-09-20T13:30:39+08:00,,,,,主建物 34.41 坪，高於門檻 8.4 坪,屋齡 45.9 年：貸款年限與成數可能受限（各銀行不同，未假設你的條件）、管線與防水需檢查,
XA-123,先補資料再決定,三普復興大廈｜大安站美三房附車位,三普復興大廈,台北市大安區復興南路二段,大安區,中古屋,電梯大樓,商業用 ／ 辦公室,3房2廳2衛,5,16,40.1,有,"每月約 3,878 元。(車位管理費包含在大樓管理費內)",4600,4600,有,是,350,,符合,4600,"含車位總價：4,600 萬 ≤ 預算 8,000 萬",26.26,5.12,31.38,,4.97,13.95,50.3,符合,符合,主建物符合 26 坪,2,1158.6,14.5,地圖估算：OpenStreetMap 步行路網路由（routing.openstreetmap.de，foot profile），起點＝信義房屋刊登頁提供的物件座標，終點＝官方出入口座標；時間＝路徑距離÷80 公尺/分，不含等紅燈,platform_coord,161.84,116.92,研究日查得刊登頁，實際可售狀態待確認,2,住商不動產:WS78028 | 信義房屋:5515FW,https://www.hbhousing.com.tw/detail?sn=WS78028 | https://www.sinyi.com.tw/buy/house/5515FW,2026-09-20T13:28:45+08:00 | 2026-09-20T13:27:37+08:00,,,,,公設比低（約 14%）,住宅用途待確認,步行時間落在分界附近或各平台座標差異大：需以實際門牌實走確認；登記用途含非純住家項目（商業用、辦公室）：能否作住宅使用、貸款成數與稅率需另行確認；不列入優先看屋
XA-124,優先看屋,立人大廈｜信義安和面１０１邊間美廈,立人大廈,台北市大安區安和路二段,大安區,中古屋,電梯大樓,住家用,3房2廳2衛,6,12,43.3,有,"每月約 1,700 元。",4488,4488,無,,,,符合,4488,"無車位，總價：4,488 萬 ≤ 預算 8,000 萬",30.68,5.28,35.96,,1.26,,37.21,符合,符合,主建物符合 26 坪,2A,80,1,地圖估算：OpenStreetMap 步行路網路由（routing.openstreetmap.de，foot profile），起點＝信義房屋刊登頁提供的物件座標，終點＝官方出入口座標；時間＝路徑距離÷80 公尺/分，不含等紅燈,platform_coord,146.28,120.61,研究日查得刊登頁，實際可售狀態待確認,4,住商不動產:WS78144 | 信義房屋:0725WK | 有巢氏房屋:7478056 | 永慶房屋:7480144,https://www.hbhousing.com.tw/detail?sn=WS78144 | https://www.sinyi.com.tw/buy/house/0725WK | https://buy.u-trust.com.tw/house/7478056 | https://buy.yungching.com.tw/house/7480144,2026-09-20T13:25:11+08:00 | 2026-09-20T13:27:15+08:00 | 2026-09-20T13:38:57+08:00 | 2026-09-20T13:30:37+08:00,臨安和路二段（住商：面臨路寬約30米；永慶標題「面安和綠蔭」；實價登錄同建案門牌為安和路二段12、18號），不是巷內；距信義路口很近。,捷運信義安和站（頁面：出口2A約60公尺）、通化街／臨江街夜市與通化市場生活圈、通化公園（頁面約233公尺）、家樂福超市（頁面約238公尺）、全聯、立人國中小、仁愛國小（頁面約300–370公尺，非指學區）,是,是,"步行約 1 分鐘到信義安和站，主建物 30.68 坪，且有同建案同坪型成交（4,208–4,280 萬）可對照開價。",格局圖標註三處陽台外移（未登記增建），43 年老大樓且直接面安和路近信義路口，噪音與漏水需現場確認。,本戶實際門牌（12號或18號或其他）與謄本：確認登記面積、用途、有無設定或限制登記。；陽台外移的施作年代、是否曾被查報或列管。；屋主取得時間與是否有租約（永慶標示「非短期交易」，細節未知）。；大樓近年公共修繕紀錄、管委會財務、電梯更新與外牆狀況。；海砂屋（氯離子）與輻射檢測報告：1983 年完工屬需留意年代。
XA-125,目前不符合條件,六張犁採光二樓,,台北市信義區基隆路二段,信義區,中古屋,公寓,集合住宅 ／ 住家用,4房(室)2廳2衛,2,5,38.7,無,,2888,2888,無,,,,符合,2888,"無車位，總價：2,888 萬 ≤ 預算 8,000 萬",31.44,3.42,34.86,,4.38,,39.24,符合,符合,主建物符合 26 坪,4,1203.6,15.5,地圖估算：OpenStreetMap 步行路網路由（routing.openstreetmap.de，foot profile），起點＝住商不動產刊登頁提供的物件座標，終點＝官方出入口座標；時間＝路徑距離÷80 公尺/分，不含等紅燈,platform_coord,91.86,73.60,研究日查得刊登頁，實際可售狀態待確認,3,住商不動產:WS78842 | 信義房屋:7473PH | 永慶房屋:7272412,https://www.hbhousing.com.tw/detail?sn=WS78842 | https://www.sinyi.com.tw/buy/house/7473PH | https://buy.yungching.com.tw/house/7272412,2026-09-20T13:28:11+08:00 | 2026-09-20T13:24:27+08:00 | 2026-09-20T13:32:41+08:00,,,,,公設比低（約 11%）,步行超過 15 分鐘,步行時間落在分界附近或各平台座標差異大：需以實際門牌實走確認；管理費未揭露
XA-126,優先看屋,阿波羅大廈｜忠孝阿波羅視野好住辦,阿波羅大廈,台北市大安區忠孝東路四段,大安區,中古屋,電梯大樓,住家用 ／ 集合住宅,3房2廳2衛1室,12,13,48.7,有,"每月約 5,677 元。",6880,6880,無,,,,符合,6880,"無車位，總價：6,880 萬 ≤ 預算 8,000 萬",51.46,9.9,61.36,,5.42,,66.79,符合,符合,主建物符合 26 坪,1,949.6,12,地圖估算：OpenStreetMap 步行路網路由（routing.openstreetmap.de，foot profile），起點＝住商不動產刊登頁提供的物件座標，終點＝官方出入口座標；時間＝路徑距離÷80 公尺/分，不含等紅燈,platform_coord,133.70,103.01,研究日查得刊登頁，實際可售狀態待確認,2,住商不動產:WS79098 | 信義房屋:5250XY,https://www.hbhousing.com.tw/detail?sn=WS79098 | https://www.sinyi.com.tw/buy/house/5250XY,2026-09-20T13:28:24+08:00 | 2026-09-20T13:30:56+08:00,,,,,主建物 51.46 坪，高於門檻 25.5 坪,屋齡 48.7 年：貸款年限與成數可能受限（各銀行不同，未假設你的條件）、管線與防水需檢查,
XA-127,先補資料再決定,畢卡索｜綠蔭景觀畢卡索管理住辦,畢卡索,台北市信義區光復南路,信義區,中古屋,電梯大樓,商業用 ／ 一般事務所,3房2廳2衛,2,12,37.8,有,"每月約 5,419 元。",4380,4500,無,,,,符合,4500,"無車位，總價：4,500 萬 ≤ 預算 8,000 萬",32,13.14,45.14,,2.77,,47.9,符合,符合,主建物符合 26 坪,4,653.6,8.5,地圖估算：OpenStreetMap 步行路網路由（routing.openstreetmap.de，foot profile），起點＝住商不動產刊登頁提供的物件座標，終點＝官方出入口座標；時間＝路徑距離÷80 公尺/分，不含等紅燈,platform_coord,140.63,93.95,研究日查得刊登頁，實際可售狀態待確認,2,住商不動產:WS79550 | 信義房屋:2934XV,https://www.hbhousing.com.tw/detail?sn=WS79550 | https://www.sinyi.com.tw/buy/house/2934XV,2026-09-20T13:26:42+08:00 | 2026-09-20T13:26:55+08:00,,,,,主建物 32 坪，高於門檻 6.0 坪,住宅用途待確認,登記用途含非純住家項目（商業用、一般事務所）：能否作住宅使用、貸款成數與稅率需另行確認；不列入優先看屋；各平台開價不一致（4380～4500 萬）：需確認屋主實際委託價
XA-128,目前不符合條件,榮耀敦南｜大安榮耀敦南四房雙平車,榮耀敦南,台北市大安區和平東路三段,大安區,中古屋,電梯大樓,一般事務所,4房1廳2衛1室,12,19,22.6,有,(車位管理費包含在大樓管理費內 / 月繳),8688,8688,有,是,,,超出預算,8688,"含車位總價：8,688 萬 > 預算 8,000 萬",38.95,4.37,43.32,,23.21,31.9,98.43,符合,符合,主建物符合 26 坪,2A,1118.4,14,地圖估算：OpenStreetMap 步行路網路由（routing.openstreetmap.de，foot profile），起點＝住商不動產刊登頁提供的物件座標，終點＝官方出入口座標；時間＝路徑距離÷80 公尺/分，不含等紅燈,platform_coord,,,研究日查得刊登頁，實際可售狀態待確認,2,住商不動產:WS79687 | 信義房屋:6587KZ,https://www.hbhousing.com.tw/detail?sn=WS79687 | https://www.sinyi.com.tw/buy/house/6587KZ,2026-09-20T13:29:16+08:00 | 2026-09-20T13:32:22+08:00,,,,,主建物 38.95 坪，高於門檻 13.0 坪,"超出 8,000 萬預算",步行時間落在分界附近或各平台座標差異大：需以實際門牌實走確認；總價含車位，但車位價格未拆分：無法計算扣車位後單價；登記用途含非純住家項目（一般事務所）：能否作住宅使用、貸款成數與稅率需另行確認；不列入優先看屋
XA-129,優先看屋,仁愛光復管理三房,,台北市大安區光復南路,大安區,中古屋,電梯大樓,集合住宅,3房(室)2廳1衛,9,12,48.2,有,2810元/每月,3866,3866,無,,,,符合,3866,"無車位，總價：3,866 萬 ≤ 預算 8,000 萬",26.43,4.88,31.31,,4.95,,39.92,符合,符合,主建物符合 26 坪,5,721.2,9.5,地圖估算：OpenStreetMap 步行路網路由（routing.openstreetmap.de，foot profile），起點＝住商不動產刊登頁提供的物件座標，終點＝官方出入口座標；時間＝路徑距離÷80 公尺/分，不含等紅燈,platform_coord,146.27,96.84,研究日查得刊登頁，實際可售狀態待確認,1,住商不動產:WS80334,https://www.hbhousing.com.tw/detail?sn=WS80334,2026-09-20T13:27:10+08:00,,,,,公設比低（約 12%）,屋齡 48.2 年：貸款年限與成數可能受限（各銀行不同，未假設你的條件）、管線與防水需檢查,步行時間落在分界附近或各平台座標差異大：需以實際門牌實走確認
XA-130,先補資料再決定,信義安和文昌街口公寓,,台北市大安區文昌街,大安區,中古屋,公寓,,3房(室)2廳1衛,4,4,53.4,無,,3380,3380,無,,,,符合,3380,"無車位，總價：3,380 萬 ≤ 預算 8,000 萬",27.1,,,,,,27.1,待確認,待確認,面積待確認,4,207.7,3,地圖估算：OpenStreetMap 步行路網路由（routing.openstreetmap.de，foot profile），起點＝住商不動產刊登頁提供的物件座標，終點＝官方出入口座標；時間＝路徑距離÷80 公尺/分，不含等紅燈,platform_coord,124.72,124.72,研究日查得刊登頁，實際可售狀態待確認,1,住商不動產:WS80419,https://www.hbhousing.com.tw/detail?sn=WS80419,2026-09-20T13:25:39+08:00,,,,,步行約 3 分到捷運出入口,面積待確認,刊登頁的主建物等於總建坪（27.1 坪），沒有附屬建物與共有部分的拆分：平台可能未拆分陽台、樓梯間或公設，主建物實際數字需以謄本確認；附屬建物坪數未揭露；謄本登記用途未揭露（需確認為住家用）；管理費未揭露
XA-131,先補資料再決定,文昌家具街雅寓黃金3樓,,台北市大安區文昌街,大安區,中古屋,公寓,,3房(室)2廳1衛,3,4,53.4,無,,2980,2980,無,,,,符合,2980,"無車位，總價：2,980 萬 ≤ 預算 8,000 萬",27.09,,,,,,27.09,待確認,待確認,面積待確認,4,207.7,3,地圖估算：OpenStreetMap 步行路網路由（routing.openstreetmap.de，foot profile），起點＝住商不動產刊登頁提供的物件座標，終點＝官方出入口座標；時間＝路徑距離÷80 公尺/分，不含等紅燈,platform_coord,110.00,110.00,研究日查得刊登頁，實際可售狀態待確認,1,住商不動產:WS80426,https://www.hbhousing.com.tw/detail?sn=WS80426,2026-09-20T13:25:41+08:00,臨文昌街（平台標示面臨路寬約 8 米，非幹道；沿街為文昌家具街店面）。平台座標落在文昌街北段，距信義路四段約 70–100 公尺、通化公園約 32 公尺（平台值）；座標可能偏移，實際門牌與是否正對公園待確認。,信義安和站約 161 公尺（平台值；本研究路網估算到出口4 約 208 公尺）、通化公園約 32 公尺（平台值）、通化夜市／臨江街商圈（平台列為鄰近市場）、公車站「通化街口」、鄰近學校（僅距離，非學區）：三興國小約 539 公尺、大安國中約 821 公尺,是,,"步行約 3 分鐘到信義安和站、總價 2,980 萬，遠低於預算上限",主建物＝建坪 27.09 坪、拆分不明，A 口徑無法確認；53 年無電梯公寓且開價高於附近公寓成交,謄本面積拆分：主建物、陽台（附屬建物）、共有部分各多少平方公尺；樓梯間登記在哪裡；法定用途（頁面為「--」）；巷弄門牌（無法比對同棟成交，也無法確認是否正對通化公園）；有無陽台外推或其他未登記增建（文案稱使用空間大）；土地地號、持分比例、使用分區；屋況與修繕紀錄：管線更新、漏水、海砂與輻射檢測、耐震評估；都更或危老的實際進度（目前只有文案說法）
XA-132,先補資料再決定,【大安站｜正四維路・敦化專區】,,台北市大安區四維路,大安區,中古屋,公寓,集合住宅,3房(室)2廳1衛,2,4,54.3,無,,3380,3380,無,,,,符合,3380,"無車位，總價：3,380 萬 ≤ 預算 8,000 萬",29.88,,,,,,29.88,待確認,待確認,面積待確認,2A,883.7,11.5,地圖估算：OpenStreetMap 步行路網路由（routing.openstreetmap.de，foot profile），起點＝住商不動產刊登頁提供的物件座標，終點＝官方出入口座標；時間＝路徑距離÷80 公尺/分，不含等紅燈,platform_coord,113.12,113.12,研究日查得刊登頁，實際可售狀態待確認,1,住商不動產:WS81311,https://www.hbhousing.com.tw/detail?sn=WS81311,2026-09-20T13:26:55+08:00,,,,,（目前沒有明確優勢）,面積待確認,刊登頁的主建物等於總建坪（29.88 坪），沒有附屬建物與共有部分的拆分：平台可能未拆分陽台、樓梯間或公設，主建物實際數字需以謄本確認；附屬建物坪數未揭露；管理費未揭露
XA-133,優先看屋,凱旋門｜遠企電梯獨戶大三房三衛,凱旋門,台北市大安區安和路二段,大安區,中古屋,華廈,集合住宅 ／ 住家用,3房2廳2.5衛,3,7,44.5,有,6400元/每月,6500,6500,無,,,,符合,6500,"無車位，總價：6,500 萬 ≤ 預算 8,000 萬",49.2,6.85,56.05,,3.27,,59.32,符合,符合,主建物符合 26 坪,2A,926.1,12,地圖估算：OpenStreetMap 步行路網路由（routing.openstreetmap.de，foot profile），起點＝住商不動產刊登頁提供的物件座標，終點＝官方出入口座標；時間＝路徑距離÷80 公尺/分，不含等紅燈,platform_coord,132.11,109.58,研究日查得刊登頁，實際可售狀態待確認,3,住商不動產:WS81401 | 信義房屋:3550KP | 永慶房屋:7504107,https://www.hbhousing.com.tw/detail?sn=WS81401 | https://www.sinyi.com.tw/buy/house/3550KP | https://buy.yungching.com.tw/house/7504107,2026-09-20T13:27:39+08:00 | 2026-09-20T13:30:36+08:00 | 2026-09-20T13:31:40+08:00,,,,,主建物 49.2 坪，高於門檻 23.2 坪,屋齡 44.5 年：貸款年限與成數可能受限（各銀行不同，未假設你的條件）、管線與防水需檢查,
XA-134,目前不符合條件,東帝士花園廣場｜東帝士高樓三房名邸,東帝士花園廣場,台北市大安區安和路二段,大安區,中古屋,電梯大樓,集合住宅 ／ 住家用,3房(室)2廳2衛,9,25,37.1,有,8691元/每月,8488,8488,有,是,400,,超出預算,8488,"含車位總價：8,488 萬 > 預算 8,000 萬",48.78,8.8,57.58,,10.69,10.97,79.24,符合,符合,主建物符合 26 坪,2A,559.7,7,地圖估算：OpenStreetMap 步行路網路由（routing.openstreetmap.de，foot profile），起點＝住商不動產刊登頁提供的物件座標，終點＝官方出入口座標；時間＝路徑距離÷80 公尺/分，不含等紅燈,platform_coord,165.81,118.47,研究日查得刊登頁，實際可售狀態待確認,2,住商不動產:WS81727 | 永慶房屋:7407476,https://www.hbhousing.com.tw/detail?sn=WS81727 | https://buy.yungching.com.tw/house/7407476,2026-09-20T13:26:28+08:00 | 2026-09-20T13:34:16+08:00,,,,,主建物 48.78 坪，高於門檻 22.8 坪,"超出 8,000 萬預算",
XA-135,先補資料再決定,樸園｜信義樸園靜巷精品2房,樸園,台北市信義區光復南路,信義區,中古屋,華廈,住家用,2房(室)2廳2衛,4,8,18.3,有,6275元/每月,6350,6350,有,是,,,符合,6350,"含車位總價：6,350 萬 ≤ 預算 8,000 萬",25.79,3.03,28.82,,22.59,12.18,51.41,不符合,符合,主＋附符合26坪；主建物未達26坪,5,569.2,7.5,地圖估算：OpenStreetMap 步行路網路由（routing.openstreetmap.de，foot profile），起點＝住商不動產刊登頁提供的物件座標，終點＝官方出入口座標；時間＝路徑距離÷80 公尺/分，不含等紅燈,platform_coord,,,研究日查得刊登頁，實際可售狀態待確認,1,住商不動產:WS82095,https://www.hbhousing.com.tw/detail?sn=WS82095,2026-09-20T13:26:49+08:00,,,,,屋齡 18.3 年，相對較新,總價含車位，但車位價格未拆分：無法計算扣車位後單價,總價含車位，但車位價格未拆分：無法計算扣車位後單價
XA-136,先補資料再決定,大安區置產改建首選 通安街,,台北市大安區通安街,大安區,中古屋,公寓,"防空避難室、儲藏室、小型店鋪、集合住宅 ／ 住商用,住家用 ／ 住商用、住家用",4房2室2廳2.5衛,B1-3,5,46.6,無,,4588,4600,無,,,,符合,4600,"無車位，總價：4,600 萬 ≤ 預算 8,000 萬",34.9,6.19,41.09,,,,51.4,待確認,待確認,面積待確認,4,423.6,5.5,地圖估算：OpenStreetMap 步行路網路由（routing.openstreetmap.de，foot profile），起點＝信義房屋刊登頁提供的物件座標，終點＝官方出入口座標；時間＝路徑距離÷80 公尺/分，不含等紅燈,platform_coord,131.81,89.49,研究日查得刊登頁，實際可售狀態待確認,3,住商不動產:WS82408 | 信義房屋:0067SM | 台灣房屋:TA02442172,https://www.hbhousing.com.tw/detail?sn=WS82408 | https://www.sinyi.com.tw/buy/house/0067SM | https://www.twhg.com.tw/buy/TA02442172,2026-09-20T13:26:11+08:00 | 2026-09-20T13:27:32+08:00 | 2026-09-20T13:25:59+08:00,,,,,主建物 34.9 坪，高於門檻 8.9 坪,面積待確認,"本戶含地下層（B1-3 樓）：部分平台把獨立權狀地下室併入主建物，地面層主建物需以謄本確認；地下室不應視為一般居住室內面積；登記用途含非純住家項目（防空避難室、儲藏室、小型店鋪、集合住宅、住商用,住家用、住商用、住家用）：能否作住宅使用、貸款成數與稅率需另行確認；不列入優先看屋；管理費未揭露；各平台開價不一致（4588～4600 萬）：需確認屋主實際委託價"
XA-138,先補資料再決定,國民大廈｜敦化南路二段名宅正看林蔭,國民大廈,台北市大安區敦化南路二段,大安區,中古屋,電梯大樓,住家用,3房2廳1衛,13,17,47.3,有,"每月約 1,650 元。",3880,3880,無,,,,符合,3880,"無車位，總價：3,880 萬 ≤ 預算 8,000 萬",25.96,,,,4.28,,30.24,不符合,待確認,面積待確認,2,1044.1,13.5,地圖估算：OpenStreetMap 步行路網路由（routing.openstreetmap.de，foot profile），起點＝住商不動產刊登頁提供的物件座標，終點＝官方出入口座標；時間＝路徑距離÷80 公尺/分，不含等紅燈,platform_coord,149.46,128.31,研究日查得刊登頁，實際可售狀態待確認,2,住商不動產:WS82533 | 信義房屋:9478JH,https://www.hbhousing.com.tw/detail?sn=WS82533 | https://www.sinyi.com.tw/buy/house/9478JH,2026-09-20T13:28:36+08:00 | 2026-09-20T13:26:16+08:00,,,,,公設比低（約 14%）,屋齡 47.3 年：貸款年限與成數可能受限（各銀行不同，未假設你的條件）、管線與防水需檢查,附屬建物坪數未揭露
XA-139,優先看屋,敦南面林蔭大器鼎佳,,台北市大安區敦化南路二段,大安區,中古屋,電梯大樓,集合住宅,3房(室)3廳3衛,19,19,41.4,有,2600元/每月,7888,7888,無,,,,符合,7888,"無車位，總價：7,888 萬 ≤ 預算 8,000 萬",28.45,3.51,31.96,,13.71,,45.66,符合,符合,主建物符合 26 坪,2,1100.5,14,地圖估算：OpenStreetMap 步行路網路由（routing.openstreetmap.de，foot profile），起點＝住商不動產刊登頁提供的物件座標，終點＝官方出入口座標；時間＝路徑距離÷80 公尺/分，不含等紅燈,platform_coord,277.26,172.76,研究日查得刊登頁，實際可售狀態待確認,1,住商不動產:WS82641,https://www.hbhousing.com.tw/detail?sn=WS82641,2026-09-20T13:28:42+08:00,,,,,主建物達 26 坪且在預算內,屋齡 41.4 年：貸款年限與成數可能受限（各銀行不同，未假設你的條件）、管線與防水需檢查,步行時間落在分界附近或各平台座標差異大：需以實際門牌實走確認
XA-140,優先看屋,❤國館靜巷稀有華廈,,台北市信義區光復南路,信義區,中古屋,華廈,集合住宅 ／ 住家用,3房(室)2廳2衛,5,7,46.7,有,550元/每月,3498,3498,無,,,,符合,3498,"無車位，總價：3,498 萬 ≤ 預算 8,000 萬",27.65,3.4,31.05,,3.4,,34.45,符合,符合,主建物符合 26 坪,5,773.8,10,地圖估算：OpenStreetMap 步行路網路由（routing.openstreetmap.de，foot profile），起點＝住商不動產刊登頁提供的物件座標，終點＝官方出入口座標；時間＝路徑距離÷80 公尺/分，不含等紅燈,platform_coord,126.51,101.54,研究日查得刊登頁，實際可售狀態待確認,3,住商不動產:WS82878 | 太平洋房屋:S2951883 | 永慶房屋:7502394,https://www.hbhousing.com.tw/detail?sn=WS82878 | https://www.pacific.com.tw/Object/ObjectDetail/?saleID=S2951883 | https://buy.yungching.com.tw/house/7502394,2026-09-20T13:27:31+08:00 | 2026-09-20T13:41:59+08:00 | 2026-09-20T13:33:26+08:00,,,,,公設比低（約 10%）,屋齡 46.7 年：貸款年限與成數可能受限（各銀行不同，未假設你的條件）、管線與防水需檢查,步行時間落在分界附近或各平台座標差異大：需以實際門牌實走確認
XA-141,目前不符合條件,通化邊間四房雙車,,台北市大安區通化街,大安區,中古屋,華廈,一般事務所 ／ 商業用,4室4廳3衛,7-8,8,27.1,有,4560元/每月,1999,1999,有,是,,,符合,1999,"含車位總價：1,999 萬 ≤ 預算 8,000 萬",47.95,18.11,66.06,,29.32,4.23,95.39,符合,符合,主建物符合 26 坪,4,445,6,地圖估算：OpenStreetMap 步行路網路由（routing.openstreetmap.de，foot profile），起點＝住商不動產刊登頁提供的物件座標，終點＝官方出入口座標；時間＝路徑距離÷80 公尺/分，不含等紅燈,platform_coord,,,研究日查得刊登頁，實際可售狀態待確認,2,住商不動產:WS82884 | 信義房屋:7278WK,https://www.hbhousing.com.tw/detail?sn=WS82884 | https://www.sinyi.com.tw/buy/house/7278WK,2026-09-20T13:26:02+08:00 | 2026-09-20T13:23:52+08:00,門牌未公開；推定位於通化街57巷／臨江街口的市場改建大樓，屬巷內、非幹道，但位在臨江街（通化）夜市範圍內——待房仲確認門牌,捷運信義安和站（住商頁標示約 339 公尺；信義頁出口4 約 444 公尺）、臨江街（通化）夜市與攤販集中場、通化公園（住商頁標示約 206 公尺）、三興國小（住商頁標示約 401 公尺；學區以公告為準）,是,,"登記主建物 48 坪、含 2 機械車位僅 1,999 萬，步行約 6 分鐘到捷運",只有建物所有權＋土地租賃權（市場用地、無土地持分），登記一般事務所，且有占公梯與露台加蓋,土地租約內容：出租人、租期起迄、租金與調整方式、到期後續約或建物歸屬條款。；銀行可否承作及成數（類地上權產品）。；確切門牌、樓下市場／攤商的營業型態與時間。；占公梯、露台加蓋是否曾被查報；區權會是否有約定專用。；現況是否出租、有無租約；2 個機械車位的規格與拆分價。
XA-142,目前不符合條件,科技大樓捷運獨戶鼎佳,,台北市大安區和平東路二段,大安區,中古屋,公寓,集合住宅 ／ 住家用,7房(室)2廳5衛,5,5,44.4,無,,3680,3680,無,,,,符合,3680,"無車位，總價：3,680 萬 ≤ 預算 8,000 萬",32.61,4.75,37.36,,4.01,,41.36,符合,符合,主建物符合 26 坪,2,1318.2,16.5,地圖估算：OpenStreetMap 步行路網路由（routing.openstreetmap.de，foot profile），起點＝信義房屋刊登頁提供的物件座標，終點＝官方出入口座標；時間＝路徑距離÷80 公尺/分，不含等紅燈,platform_coord,112.85,88.97,研究日查得刊登頁，實際可售狀態待確認,3,住商不動產:WS83957 | 信義房屋:3832DF | 永慶房屋:6762639,https://www.hbhousing.com.tw/detail?sn=WS83957 | https://www.sinyi.com.tw/buy/house/3832DF | https://buy.yungching.com.tw/house/6762639,2026-09-20T13:29:22+08:00 | 2026-09-20T13:25:44+08:00 | 2026-09-20T13:35:54+08:00,,,,,主建物 32.61 坪，高於門檻 6.6 坪,步行超過 15 分鐘,現況是否為隔套收租產品待確認；管理費未揭露
XA-143,先補資料再決定,德意華廈｜敦化信義高樓名邸,德意華廈,台北市大安區信義路四段,大安區,中古屋,電梯大樓,商業用,3室/2廳/2衛,8,12,44.6,有,3400元/每月,5280,5280,無,,,,符合,5280,"無車位，總價：5,280 萬 ≤ 預算 8,000 萬",36.09,6.6,42.69,,2.83,,45.51,符合,符合,主建物符合 26 坪,1,318.1,4,地圖估算：OpenStreetMap 步行路網路由（routing.openstreetmap.de，foot profile），起點＝住商不動產刊登頁提供的物件座標，終點＝官方出入口座標；時間＝路徑距離÷80 公尺/分，不含等紅燈,platform_coord,146.30,116.02,研究日查得刊登頁，實際可售狀態待確認,1,住商不動產:WS84328,https://www.hbhousing.com.tw/detail?sn=WS84328,2026-09-20T13:25:45+08:00,,,,,步行約 4 分到捷運出入口,住宅用途待確認,登記用途含非純住家項目（商業用）：能否作住宅使用、貸款成數與稅率需另行確認；不列入優先看屋
XA-144,優先看屋,國泰名流｜信義安和國泰大四房,國泰名流,台北市大安區信義路四段,大安區,中古屋,華廈,集合住宅 ／ 住家用,4房(室)2廳2衛,4,7,44.4,有,3500元/每月,6360,6688,有,否,300,否,符合,6688,"房屋總價（車位選配）：6,688 萬 ≤ 預算 8,000 萬",47.66,6.77,54.43,,5.56,4.88,59.99,符合,符合,主建物符合 26 坪,1,174.2,2.5,地圖估算：OpenStreetMap 步行路網路由（routing.openstreetmap.de，foot profile），起點＝信義房屋刊登頁提供的物件座標，終點＝官方出入口座標；時間＝路徑距離÷80 公尺/分，不含等紅燈,platform_coord,140.33,111.49,研究日查得刊登頁，實際可售狀態待確認,3,住商不動產:WS84343 | 信義房屋:04066A | 信義房屋:7803TF,https://www.hbhousing.com.tw/detail?sn=WS84343 | https://www.sinyi.com.tw/buy/house/04066A | https://www.sinyi.com.tw/buy/house/7803TF,2026-09-20T13:25:13+08:00 | 2026-09-20T13:30:29+08:00 | 2026-09-20T13:31:11+08:00,待確認：公開地址只到信義路四段。住商頁稱面臨路寬約 15 米、文案稱「寬巷住宅鬧中取靜」；平台座標在信義路北側、安和路一段以西的巷道內，距信義路約 60–70 公尺（座標可能偏移）。照片中陽台對面是一棟紅磚高樓與地下停車場車道出入口。推定為巷內、非直接臨信義路，但需實地確認門牌。,捷運信義安和站出口1（平台估約 157–206 公尺）、敦安公園（住商頁約 243 公尺）、仁愛國小、仁愛國中（住商頁約 223／341 公尺；學區以市府公告為準）、公車站：捷運信義安和站、信義敦化路口（信義頁）,是,是,一層一戶、主建物 47.66 坪的 4 樓，平台估到捷運出口 1 約 160–200 公尺,格局圖標註「空地增建」與多處陽台外移，開價每主建物坪 133 萬高於鄰近所有成交，且同戶雙刊登房屋價差 328 萬,"實際門牌與巷弄（目前只有路段），以及「面臨路寬 15 米」指的是哪一條路；「空地增建」的位置、面積、施作年代、是否占用共有部分、有無查報；建物謄本與測量成果圖：核對陽台 6.77 坪的位置與外推範圍；屋主目前有效的委託價與銷售組合（6,360 不含車位／6,988 含車位）；管理費 3,500 元的支出內容與公共基金餘額、近年修繕紀錄；同棟歷史成交（查詢期間內沒有；可請房仲提供更早年度的實價登錄）"
XA-145,優先看屋,國民大廈｜敦南綠蔭１０１美景高樓,國民大廈,台北市大安區敦化南路二段,大安區,中古屋,電梯大樓,住家用 ／ 集合住宅,1廳1衛5室,10,17,47.3,有,"每月約 2,771 元。",6988,6988,無,,,,符合,6988,"無車位，總價：6,988 萬 ≤ 預算 8,000 萬",41.49,2.01,43.5,,6.89,,50.39,符合,符合,主建物符合 26 坪,2,1044.1,13.5,地圖估算：OpenStreetMap 步行路網路由（routing.openstreetmap.de，foot profile），起點＝住商不動產刊登頁提供的物件座標，終點＝官方出入口座標；時間＝路徑距離÷80 公尺/分，不含等紅燈,platform_coord,168.43,138.68,研究日查得刊登頁，實際可售狀態待確認,2,住商不動產:WS85194 | 信義房屋:3825KR,https://www.hbhousing.com.tw/detail?sn=WS85194 | https://www.sinyi.com.tw/buy/house/3825KR,2026-09-20T13:28:34+08:00 | 2026-09-20T13:31:08+08:00,,,,,主建物 41.49 坪，高於門檻 15.5 坪,屋齡 47.3 年：貸款年限與成數可能受限（各銀行不同，未假設你的條件）、管線與防水需檢查,
XA-146,先補資料再決定,捷運國父紀念館站華廈,,台北市大安區光復南路,大安區,中古屋,華廈,住家用,4房(室)2廳2衛,5,7,48.5,有,,3498,3498,無,,,,符合,3498,"無車位，總價：3,498 萬 ≤ 預算 8,000 萬",25.07,5.2,30.27,,,,30.27,不符合,符合,主＋附符合26坪；主建物未達26坪,5,912.1,11.5,地圖估算：OpenStreetMap 步行路網路由（routing.openstreetmap.de，foot profile），起點＝住商不動產刊登頁提供的物件座標，終點＝官方出入口座標；時間＝路徑距離÷80 公尺/分，不含等紅燈,platform_coord,139.53,115.56,研究日查得刊登頁，實際可售狀態待確認,1,住商不動產:WS85339,https://www.hbhousing.com.tw/detail?sn=WS85339,2026-09-20T13:27:49+08:00,,,,,（目前沒有明確優勢）,屋齡 48.5 年：貸款年限與成數可能受限（各銀行不同，未假設你的條件）、管線與防水需檢查,管理費未揭露
XA-147,優先看屋,忠孝吉利華廈｜國館101吉利美廈,忠孝吉利華廈,台北市大安區延吉街,大安區,中古屋,華廈,集合住宅 ／ 住家用,2+1房2廳2衛,6,7,44.1,有,2630元/每月,4488,4488,無,,,,符合,4488,"無車位，總價：4,488 萬 ≤ 預算 8,000 萬",32,4.12,36.12,,5.28,,41.4,符合,符合,主建物符合 26 坪,5,930.4,12,地圖估算：OpenStreetMap 步行路網路由（routing.openstreetmap.de，foot profile），起點＝住商不動產刊登頁提供的物件座標，終點＝官方出入口座標；時間＝路徑距離÷80 公尺/分，不含等紅燈,platform_coord,140.25,108.41,研究日查得刊登頁，實際可售狀態待確認,3,住商不動產:WS85470 | 信義房屋:8847DK | 永慶房屋:7197161,https://www.hbhousing.com.tw/detail?sn=WS85470 | https://www.sinyi.com.tw/buy/house/8847DK | https://buy.yungching.com.tw/house/7197161,2026-09-20T13:28:00+08:00 | 2026-09-20T13:27:17+08:00 | 2026-09-20T13:28:48+08:00,,,,,主建物 32 坪，高於門檻 6.0 坪,屋齡 44.1 年：貸款年限與成數可能受限（各銀行不同，未假設你的條件）、管線與防水需檢查,
XA-148,優先看屋,仁愛逸園,,台北市大安區仁愛路四段,大安區,中古屋,電梯大樓,,3房(室)1廳2衛,2,7,50.1,有,3000元/每月,6980,6980,無,,,,符合,6980,"無車位，總價：6,980 萬 ≤ 預算 8,000 萬",51.14,,,,,,51.14,符合,符合,主建物符合 26 坪,1,736.6,9.5,地圖估算：OpenStreetMap 步行路網路由（routing.openstreetmap.de，foot profile），起點＝住商不動產刊登頁提供的物件座標，終點＝官方出入口座標；時間＝路徑距離÷80 公尺/分，不含等紅燈,platform_coord,136.49,136.49,研究日查得刊登頁，實際可售狀態待確認,1,住商不動產:WS85672,https://www.hbhousing.com.tw/detail?sn=WS85672,2026-09-20T13:27:06+08:00,,,,,主建物 51.14 坪，高於門檻 25.1 坪,屋齡 50.1 年：貸款年限與成數可能受限（各銀行不同，未假設你的條件）、管線與防水需檢查,步行時間落在分界附近或各平台座標差異大：需以實際門牌實走確認；附屬建物坪數未揭露；謄本登記用途未揭露（需確認為住家用）
XA-149,先補資料再決定,全坤X面101-11樓三房車,,台北市信義區信義路四段,信義區,新成屋,電梯大樓,(第二組)多戶住宅(H2) ／ （第二組）、多戶住宅（Ｈ２）,3房(室)2廳2衛,11,15,0.8,有,8220元/每月,7998,7998,有,是,400,,符合,7998,"含車位總價：7,998 萬 ≤ 預算 8,000 萬",24.14,1.98,26.12,,25.52,11.52,51.63,不符合,符合,主＋附符合26坪；主建物未達26坪,4,462.6,6,地圖估算：OpenStreetMap 步行路網路由（routing.openstreetmap.de，foot profile），起點＝信義房屋刊登頁提供的物件座標，終點＝官方出入口座標；時間＝路徑距離÷80 公尺/分，不含等紅燈,platform_coord,314.75,189.43,研究日查得刊登頁，實際可售狀態待確認,2,住商不動產:WS85855 | 信義房屋:9395LN,https://www.hbhousing.com.tw/detail?sn=WS85855 | https://www.sinyi.com.tw/buy/house/9395LN,2026-09-20T13:26:59+08:00 | 2026-09-20T13:31:50+08:00,,,,,屋齡 0.8 年，相對較新,尚無明顯疑慮，但屋況未經現場確認,
XA-150,先補資料再決定,全坤X101｜全坤X面101-9樓三房車,全坤X101,台北市信義區信義路四段,信義區,新成屋,電梯大樓,(第二組)多戶住宅(H2) ／ （第二組）、多戶住宅（Ｈ２） ／ 其他,3房(室)2廳2衛,9,15,0.8,有,8220元/每月,7998,7998,有,是,400,,符合,7998,"含車位總價：7,998 萬 ≤ 預算 8,000 萬",24.14,1.98,26.12,,25.52,11.52,51.63,不符合,符合,主＋附符合26坪；主建物未達26坪,4,462.6,6,地圖估算：OpenStreetMap 步行路網路由（routing.openstreetmap.de，foot profile），起點＝信義房屋刊登頁提供的物件座標，終點＝官方出入口座標；時間＝路徑距離÷80 公尺/分，不含等紅燈,platform_coord,314.75,189.43,研究日查得刊登頁，實際可售狀態待確認,3,住商不動產:WS85867 | 信義房屋:9841DL | 永慶房屋:7509273,https://www.hbhousing.com.tw/detail?sn=WS85867 | https://www.sinyi.com.tw/buy/house/9841DL | https://buy.yungching.com.tw/house/7509273,2026-09-20T13:27:01+08:00 | 2026-09-20T13:31:52+08:00 | 2026-09-20T13:32:30+08:00,,,,,屋齡 0.8 年，相對較新,住宅用途待確認,登記用途含非純住家項目（其他）：能否作住宅使用、貸款成數與稅率需另行確認；不列入優先看屋
XA-151,優先看屋,捷運信義安和邊間華廈,,台北市大安區信義路四段,大安區,中古屋,華廈,集合住宅,4房(室)2廳2衛,5,7,48.2,有,2090元/每月,4188,4188,無,,,,符合,4188,"無車位，總價：4,188 萬 ≤ 預算 8,000 萬",31.97,3.72,35.69,,5.98,,41.67,符合,符合,主建物符合 26 坪,5,295.3,4,地圖估算：OpenStreetMap 步行路網路由（routing.openstreetmap.de，foot profile），起點＝住商不動產刊登頁提供的物件座標，終點＝官方出入口座標；時間＝路徑距離÷80 公尺/分，不含等紅燈,platform_coord,131.00,100.50,研究日查得刊登頁，實際可售狀態待確認,1,住商不動產:WS86190,https://www.hbhousing.com.tw/detail?sn=WS86190,2026-09-20T13:25:56+08:00,,,,,步行約 4 分到捷運出入口,屋齡 48.2 年：貸款年限與成數可能受限（各銀行不同，未假設你的條件）、管線與防水需檢查,
XA-152,優先看屋,&文昌高投報大土地美寓,,台北市大安區文昌街,大安區,中古屋,公寓,集合住宅 ／ 住家用,4房(室)4廳4衛,2,4,51.3,無,,3980,3980,無,,,,符合,3980,"無車位，總價：3,980 萬 ≤ 預算 8,000 萬",31.04,5.21,36.25,,,,36.25,符合,符合,主建物符合 26 坪,4,388.2,5,地圖估算：OpenStreetMap 步行路網路由（routing.openstreetmap.de，foot profile），起點＝住商不動產刊登頁提供的物件座標，終點＝官方出入口座標；時間＝路徑距離÷80 公尺/分，不含等紅燈,platform_coord,128.22,109.79,研究日查得刊登頁，實際可售狀態待確認,2,住商不動產:WS86486 | 有巢氏房屋:7518086,https://www.hbhousing.com.tw/detail?sn=WS86486 | https://buy.u-trust.com.tw/house/7518086,2026-09-20T13:26:10+08:00 | 2026-09-20T13:33:04+08:00,,,,,步行約 5 分到捷運出入口,屋齡 51.3 年：貸款年限與成數可能受限（各銀行不同，未假設你的條件）、管線與防水需檢查,管理費未揭露
XA-153,先補資料再決定,專約通化街美寓2房,,台北市大安區通化街,大安區,中古屋,公寓,住家用,2房(室)3廳2衛,5,5,48.8,無,,2600,2600,無,,,,符合,2600,"無車位，總價：2,600 萬 ≤ 預算 8,000 萬",25.36,7.83,33.19,,,,33.19,不符合,符合,主＋附符合26坪；主建物未達26坪,4,516.2,6.5,地圖估算：OpenStreetMap 步行路網路由（routing.openstreetmap.de，foot profile），起點＝住商不動產刊登頁提供的物件座標，終點＝官方出入口座標；時間＝路徑距離÷80 公尺/分，不含等紅燈,platform_coord,102.52,78.34,研究日查得刊登頁，實際可售狀態待確認,1,住商不動產:XS146651,https://www.hbhousing.com.tw/detail?sn=XS146651,2026-09-20T13:26:21+08:00,,,,,步行約 6.5 分，屬優先範圍,屋齡 48.8 年：貸款年限與成數可能受限（各銀行不同，未假設你的條件）、管線與防水需檢查,管理費未揭露
XA-154,先補資料再決定,大安區捷運站旁都更美屋,,台北市大安區和平東路三段,大安區,中古屋,公寓,,開放式,2,5,52.6,無,350元/每月,6680,6680,無,,,,符合,6680,"無車位，總價：6,680 萬 ≤ 預算 8,000 萬",24.7,,,,,,24.7,不符合,待確認,面積待確認,2A,1076.9,13.5,地圖估算：OpenStreetMap 步行路網路由（routing.openstreetmap.de，foot profile），起點＝住商不動產刊登頁提供的物件座標，終點＝官方出入口座標；時間＝路徑距離÷80 公尺/分，不含等紅燈,platform_coord,270.45,270.45,研究日查得刊登頁，實際可售狀態待確認,1,住商不動產:YS174352,https://www.hbhousing.com.tw/detail?sn=YS174352,2026-09-20T13:29:03+08:00,,,,,（目前沒有明確優勢）,屋齡 52.6 年：貸款年限與成數可能受限（各銀行不同，未假設你的條件）、管線與防水需檢查,刊登頁的主建物等於總建坪（24.7 坪），沒有附屬建物與共有部分的拆分：平台可能未拆分陽台、樓梯間或公設，主建物實際數字需以謄本確認；附屬建物坪數未揭露；謄本登記用途未揭露（需確認為住家用）
XA-155,優先看屋,六張犁芸廬電梯管理四房,,台北市大安區基隆路二段,大安區,中古屋,電梯大樓,住家用,4房(室)2廳2衛,12,12,33.5,有,1500元/每季,6180,6180,無,,,,符合,6180,"無車位，總價：6,180 萬 ≤ 預算 8,000 萬",38.18,3.73,41.91,,14.1,,56.01,符合,符合,主建物符合 26 坪,4,1008.2,13,地圖估算：OpenStreetMap 步行路網路由（routing.openstreetmap.de，foot profile），起點＝住商不動產刊登頁提供的物件座標，終點＝官方出入口座標；時間＝路徑距離÷80 公尺/分，不含等紅燈,platform_coord,161.86,110.34,研究日查得刊登頁，實際可售狀態待確認,1,住商不動產:YS198425,https://www.hbhousing.com.tw/detail?sn=YS198425,2026-09-20T13:28:07+08:00,,,,,主建物 38.18 坪，高於門檻 12.2 坪,屋齡 33.5 年：需留意管線、防水與貸款年限,
XA-156,先補資料再決定,世貿優質二樓4套房,,台北市信義區吳興街,信義區,中古屋,公寓,住家用,4房(室)--廳4衛,2,4,49.6,無,,2980,2980,無,,,,符合,2980,"無車位，總價：2,980 萬 ≤ 預算 8,000 萬",30.28,6.29,36.57,,,,36.57,符合,符合,主建物符合 26 坪,4,861.7,11,地圖估算：OpenStreetMap 步行路網路由（routing.openstreetmap.de，foot profile），起點＝信義房屋刊登頁提供的物件座標，終點＝官方出入口座標；時間＝路徑距離÷80 公尺/分，不含等紅燈,platform_coord,98.41,81.49,研究日查得刊登頁，實際可售狀態待確認,3,住商不動產:YS203966 | 信義房屋:4126BZ | 永慶房屋:7452113,https://www.hbhousing.com.tw/detail?sn=YS203966 | https://www.sinyi.com.tw/buy/house/4126BZ | https://buy.yungching.com.tw/house/7452113,2026-09-20T13:27:20+08:00 | 2026-09-20T13:24:31+08:00 | 2026-09-20T13:33:10+08:00,,,,,總價 2980 萬，保留較多預算空間,屋齡 49.6 年：貸款年限與成數可能受限（各銀行不同，未假設你的條件）、管線與防水需檢查,步行時間落在分界附近或各平台座標差異大：需以實際門牌實走確認；現況是否為隔套收租產品待確認；管理費未揭露
XA-157,先補資料再決定,大安敦南黃金一樓,,台北市大安區四維路,大安區,中古屋,公寓,住家用,OPEN/1衛,1,4,56.3,無,,4380,4380,無,,,,符合,4380,"無車位，總價：4,380 萬 ≤ 預算 8,000 萬",29.53,,,,,,29.53,待確認,待確認,面積待確認,2,1061.6,13.5,地圖估算：OpenStreetMap 步行路網路由（routing.openstreetmap.de，foot profile），起點＝住商不動產刊登頁提供的物件座標，終點＝官方出入口座標；時間＝路徑距離÷80 公尺/分，不含等紅燈,platform_coord,148.32,148.32,研究日查得刊登頁，實際可售狀態待確認,1,住商不動產:ZS169965,https://www.hbhousing.com.tw/detail?sn=ZS169965,2026-09-20T13:28:17+08:00,,,,,（目前沒有明確優勢）,面積待確認,刊登頁的主建物等於總建坪（29.53 坪），沒有附屬建物與共有部分的拆分：平台可能未拆分陽台、樓梯間或公設，主建物實際數字需以謄本確認；附屬建物坪數未揭露；管理費未揭露
XA-158,目前不符合條件,敦和豔｜敦和豔精品美豪邸,敦和豔,台北市大安區敦化南路二段,大安區,中古屋,華廈,住家用,2房(室)2廳2衛,6,9,13.6,有,15154元/每月,8388,8388,有,是,,,超出預算,8388,"含車位總價：8,388 萬 > 預算 8,000 萬",29.43,8.17,37.6,,23.17,9.67,70.44,符合,符合,主建物符合 26 坪,2A,259.7,3.5,地圖估算：OpenStreetMap 步行路網路由（routing.openstreetmap.de，foot profile），起點＝住商不動產刊登頁提供的物件座標，終點＝官方出入口座標；時間＝路徑距離÷80 公尺/分，不含等紅燈,platform_coord,,,研究日查得刊登頁，實際可售狀態待確認,2,住商不動產:ZS173700 | 永慶房屋:6583844,https://www.hbhousing.com.tw/detail?sn=ZS173700 | https://buy.yungching.com.tw/house/6583844,2026-09-20T13:25:34+08:00 | 2026-09-20T13:34:20+08:00,,,,,步行約 3.5 分到捷運出入口,"超出 8,000 萬預算",總價含車位，但車位價格未拆分：無法計算扣車位後單價
XA-159,優先看屋,101景觀電梯鼎佳,,台北市信義區基隆路二段,信義區,中古屋,電梯大樓,集合住宅,4房(室)4廳2衛,12,12,40.8,有,2850元/每月,5688,5688,無,,,,符合,5688,"無車位，總價：5,688 萬 ≤ 預算 8,000 萬",29.83,3.98,33.81,,4.06,,37.86,符合,符合,主建物符合 26 坪,4,668.4,8.5,地圖估算：OpenStreetMap 步行路網路由（routing.openstreetmap.de，foot profile），起點＝住商不動產刊登頁提供的物件座標，終點＝官方出入口座標；時間＝路徑距離÷80 公尺/分，不含等紅燈,platform_coord,190.68,150.24,研究日查得刊登頁，實際可售狀態待確認,1,住商不動產:ZS178450,https://www.hbhousing.com.tw/detail?sn=ZS178450,2026-09-20T13:27:16+08:00,,,,,公設比低（約 11%）,屋齡 40.8 年：貸款年限與成數可能受限（各銀行不同，未假設你的條件）、管線與防水需檢查,
XA-160,目前不符合條件,榕馨華廈｜敦化南有頂加坡平車位可用,榕馨華廈,台北市大安區敦化南路二段,大安區,中古屋,華廈,住家用,3房2廳3衛,7,7,45.9,有,"每月約 8,068 元。",8580,8580,有,是,,,超出預算,8580,"含車位總價：8,580 萬 > 預算 8,000 萬",59.49,6.01,65.5,,9.68,,75.18,符合,符合,主建物符合 26 坪,2A,524.6,7,地圖估算：OpenStreetMap 步行路網路由（routing.openstreetmap.de，foot profile），起點＝信義房屋刊登頁提供的物件座標，終點＝官方出入口座標；時間＝路徑距離÷80 公尺/分，不含等紅燈,platform_coord,,,研究日查得刊登頁，實際可售狀態待確認,3,住商不動產:ZS202608 | 信義房屋:8682WJ | 永慶房屋:7088927,https://www.hbhousing.com.tw/detail?sn=ZS202608 | https://www.sinyi.com.tw/buy/house/8682WJ | https://buy.yungching.com.tw/house/7088927,2026-09-20T13:26:00+08:00 | 2026-09-20T13:32:12+08:00 | 2026-09-20T13:29:08+08:00,,,,,主建物 59.49 坪，高於門檻 33.5 坪,"超出 8,000 萬預算",總價含車位，但車位價格未拆分：無法計算扣車位後單價；車位面積未揭露：無法確認權狀坪數中有多少是車位
XA-161,先補資料再決定,雙仁愛學區3房美寓,,台北市大安區安和路一段,大安區,中古屋,公寓,集合住宅,3房(室)2廳2衛,2,4,52.2,無,,3800,3800,無,,,,符合,3800,"無車位，總價：3,800 萬 ≤ 預算 8,000 萬",32.43,4.28,36.71,,,,36.71,符合,符合,主建物符合 26 坪,1,300.1,4,地圖估算：OpenStreetMap 步行路網路由（routing.openstreetmap.de，foot profile），起點＝住商不動產刊登頁提供的物件座標，終點＝官方出入口座標；時間＝路徑距離÷80 公尺/分，不含等紅燈,platform_coord,117.18,103.51,研究日查得刊登頁，實際可售狀態待確認,1,住商不動產:ZS203355,https://www.hbhousing.com.tw/detail?sn=ZS203355,2026-09-20T13:25:24+08:00,待確認：公開地址只到「安和路一段」。分區含道路用地，推測基地緊鄰計畫道路（研究推論），但是否正面臨安和路一段或位於巷內，需向房仲確認門牌。,捷運信義安和站（平台標示 285 公尺）、仁愛國小（平台標示 135 公尺）、仁愛國中（平台標示 248 公尺）、信義路南側的臨江街（通化）夜市商圈,是,,步行約 4 分、主建物 32.43 坪且前後陽台未外推的 2 樓一層一戶,土地分區標示「道路用地+住4」比例不明，且 52 年無電梯老公寓、無乾淨成交可比,土地地號明細、各地號分區與持分（道路用地比例）；完整門牌（臨安和路一段或巷內）；管理方式與有無公共基金；管線更新、修漏紀錄與翻修年份；海砂（氯離子）、輻射檢測資料；1 樓與頂樓現況（店面？頂樓加蓋？）；朝向（頁面為 座-- 朝--）
XA-162,先補資料再決定,獨家黃金地段信義區三樓,,台北市信義區吳興街,信義區,中古屋,公寓,住家用,4房(室)2廳2衛,3,4,50.8,無,,1998,1998,無,,,,符合,1998,"無車位，總價：1,998 萬 ≤ 預算 8,000 萬",23.89,2.75,26.64,,,,26.64,不符合,符合,主＋附符合26坪；主建物未達26坪,4,1108.3,14,地圖估算：OpenStreetMap 步行路網路由（routing.openstreetmap.de，foot profile），起點＝住商不動產刊登頁提供的物件座標，終點＝官方出入口座標；時間＝路徑距離÷80 公尺/分，不含等紅燈,platform_coord,83.63,75.00,研究日查得刊登頁，實際可售狀態待確認,1,住商不動產:gOB22003,https://www.hbhousing.com.tw/detail?sn=gOB22003,2026-09-20T13:28:23+08:00,,,,,（目前沒有明確優勢）,屋齡 50.8 年：貸款年限與成數可能受限（各銀行不同，未假設你的條件）、管線與防水需檢查,步行時間落在分界附近或各平台座標差異大：需以實際門牌實走確認；附屬建物組成（陽台／雨遮／露台各多少）未揭露；管理費未揭露
XA-163,優先看屋,B50仁愛國小一層獨戶美廈,,台北市大安區敦化南路一段,大安區,中古屋,華廈,住家用,5房(室)2廳3衛,6,7,48.8,有,20000元/每年,6450,6450,無,,,,符合,6450,"無車位，總價：6,450 萬 ≤ 預算 8,000 萬",49.24,5.62,54.86,,,,54.86,符合,符合,主建物符合 26 坪,1,392,5,地圖估算：OpenStreetMap 步行路網路由（routing.openstreetmap.de，foot profile），起點＝信義房屋刊登頁提供的物件座標，終點＝官方出入口座標；時間＝路徑距離÷80 公尺/分，不含等紅燈,platform_coord,130.99,117.57,研究日查得刊登頁，實際可售狀態待確認,2,住商不動產:gQB03527 | 信義房屋:6273KH,https://www.hbhousing.com.tw/detail?sn=gQB03527 | https://www.sinyi.com.tw/buy/house/6273KH,2026-09-20T13:25:51+08:00 | 2026-09-20T13:30:34+08:00,,,,,步行約 5 分到捷運出入口,屋齡 48.8 年：貸款年限與成數可能受限（各銀行不同，未假設你的條件）、管線與防水需檢查,
XA-164,先補資料再決定,陸裝新城｜敦化南路二段靜巷全天管理全新裝潢三房,陸裝新城,台北市大安區敦化南路二段,大安區,中古屋,電梯大樓,住家用,3房(室)2廳2衛,8,19,41.17,有,"1,400元/月,月繳",4500,4500,無,,,,符合,4500,"無車位，總價：4,500 萬 ≤ 預算 8,000 萬",24.37,4.18,28.55,,13.1,,41.66,不符合,符合,主＋附符合26坪；主建物未達26坪,2,1142.1,14.5,地圖估算：OpenStreetMap 步行路網路由（routing.openstreetmap.de，foot profile），起點＝太平洋房屋刊登頁提供的物件座標，終點＝官方出入口座標；時間＝路徑距離÷80 公尺/分，不含等紅燈,platform_coord,184.65,108.02,研究日查得刊登頁，實際可售狀態待確認,2,太平洋房屋:S2685732 | 永慶房屋:7395240,https://www.pacific.com.tw/Object/ObjectDetail/?saleID=S2685732 | https://buy.yungching.com.tw/house/7395240,2026-09-20T13:42:19+08:00 | 2026-09-20T13:29:52+08:00,,,,,（目前沒有明確優勢）,屋齡 41.17 年：貸款年限與成數可能受限（各銀行不同，未假設你的條件）、管線與防水需檢查,步行時間落在分界附近或各平台座標差異大：需以實際門牌實走確認
XA-165,先補資料再決定,C291大安低公設電梯華廈,,臺北市大安區光復南路,大安區,中古屋,華廈,住家用,3房2廳2衛,5,7,45.42,有,3000元/季繳,3478,3478,無,,,,符合,3478,"無車位，總價：3,478 萬 ≤ 預算 8,000 萬",24.65,4.4,29.05,,1.19,,30.24,不符合,符合,主＋附符合26坪；主建物未達26坪,5,621.9,8,地圖估算：OpenStreetMap 步行路網路由（routing.openstreetmap.de，foot profile），起點＝太平洋房屋刊登頁提供的物件座標，終點＝官方出入口座標；時間＝路徑距離÷80 公尺/分，不含等紅燈,platform_coord,141.10,115.01,研究日查得刊登頁，實際可售狀態待確認,1,太平洋房屋:S2971185,https://www.pacific.com.tw/Object/ObjectDetail/?saleID=S2971185,2026-09-20T13:42:17+08:00,,,,,公設比低（約 4%）,屋齡 45.42 年：貸款年限與成數可能受限（各銀行不同，未假設你的條件）、管線與防水需檢查,附屬建物組成（陽台／雨遮／露台各多少）未揭露
XA-166,先補資料再決定,敦南大廈｜【拉皮】捷運管理明亮美廈,敦南大廈,台北市大安區和平東路三段,大安區,中古屋,電梯大樓,商業用,5房2廳1衛,7,12,45.9,有,"每月約 3,353 元。",3688,3688,無,,,,符合,3688,"無車位，總價：3,688 萬 ≤ 預算 8,000 萬",32.42,1.82,34.24,,5.68,,39.91,符合,符合,主建物符合 26 坪,2A,1153.5,14.5,地圖估算：OpenStreetMap 步行路網路由（routing.openstreetmap.de，foot profile），起點＝信義房屋刊登頁提供的物件座標，終點＝官方出入口座標；時間＝路徑距離÷80 公尺/分，不含等紅燈,platform_coord,113.76,92.41,研究日查得刊登頁，實際可售狀態待確認,1,信義房屋:0011YG,https://www.sinyi.com.tw/buy/house/0011YG,2026-09-20T13:25:49+08:00,,,,,主建物 32.42 坪，高於門檻 6.4 坪,住宅用途待確認,步行時間落在分界附近或各平台座標差異大：需以實際門牌實走確認；登記用途含非純住家項目（商業用）：能否作住宅使用、貸款成數與稅率需另行確認；不列入優先看屋
XA-168,先補資料再決定,專任全坤１０１邊間１３樓,,台北市信義區信義路四段,信義區,中古屋,電梯大樓,（第二組）多戶住宅、（Ｈ２）,2廳2衛,13,15,0.8,有,"每月約 7,466 元。(車位管理費另繳納 1,000 元 / 月繳)",7688,7688,有,是,360,,符合,7688,"含車位總價：7,688 萬 ≤ 預算 8,000 萬",25.05,1.9,26.95,,14.54,11.52,53,不符合,符合,主＋附符合26坪；主建物未達26坪,4,462.6,6,地圖估算：OpenStreetMap 步行路網路由（routing.openstreetmap.de，foot profile），起點＝信義房屋刊登頁提供的物件座標，終點＝官方出入口座標；時間＝路徑距離÷80 公尺/分，不含等紅燈,platform_coord,292.53,176.66,研究日查得刊登頁，實際可售狀態待確認,1,信義房屋:02210D,https://www.sinyi.com.tw/buy/house/02210D,2026-09-20T13:31:40+08:00,推定臨信義路四段南側（幹道），位於光復南路與基隆路之間；平台座標在信義路南側約 20–30 公尺（依公車站座標粗估，座標可能偏移）、公車站「信義光復路口」約 95–100 公尺。平台方位：大門朝北、建物朝東、窗朝南（開窗可能背向信義路，待現場確認）。門牌為依實價登錄推定（信義路四段436號），非平台揭露。,台北101/世貿站出口1 約 397 公尺（平台計算，比信義安和站近）、信義安和站出口5 約 452 公尺（平台計算）、公車站「信義光復路口」約 95–100 公尺、公車站「世貿中心(基隆路)」約 240 公尺、社區公設：健身房、花園、警衛管理（平台標籤）,是,,"屋齡 0.8 年新大樓、住宅登記明確，總價 7,688 萬已含拆分清楚的坡道平面車位，步行可到兩個捷運站",主建物只有 25.05 坪（僅 B 口徑過線）且現況無隔間需另付裝修，主建物單價 292.5 萬/坪高於查得的同棟紀錄,現況交屋狀態：毛胚或建商標配（地坪、廚具、衛浴、空調管線是否已有）；原始建商平面圖與可隔房數、各房是否有對外窗；車位是否可分開不買；車位樓層、編號、車格尺寸、法定或獎勵車位；建案名稱、全棟總戶數、電梯數量、低樓層用途；使用分區（頁面請買方自行查不動產說明書）；同棟近一年實際成交明細（本專案實價資料只有 1 筆 2021 年預售紀錄）；建商保固（結構、防水）起算日與能否移轉給第二手買方
XA-169,優先看屋,世貿天下｜萬中選一●世貿天下,世貿天下,台北市信義區基隆路二段,信義區,中古屋,電梯大樓,住家用,3房2廳2衛,12,12,37.1,有,"每月約 5,380 元。(車位管理費另繳納 800 元 / 月繳)",5118,5118,有,是,450,,符合,5118,"含車位總價：5,118 萬 ≤ 預算 8,000 萬",45.89,0,45.89,,12.27,12.9,71.06,符合,符合,主建物符合 26 坪,4,651.7,8.5,地圖估算：OpenStreetMap 步行路網路由（routing.openstreetmap.de，foot profile），起點＝信義房屋刊登頁提供的物件座標，終點＝官方出入口座標；時間＝路徑距離÷80 公尺/分，不含等紅燈,platform_coord,101.72,80.26,研究日查得刊登頁，實際可售狀態待確認,1,信義房屋:0306TC,https://www.sinyi.com.tw/buy/house/0306TC,2026-09-20T13:28:33+08:00,公開地址只到基隆路二段（幹道）。文案稱本戶「面後棟、面山景、不吵雜」，推定大樓臨基隆路、本戶開窗朝後側東南向；待現場確認。,捷運台北101/世貿站（頁面：出口1約363公尺）、捷運信義安和站（地圖估算約650公尺）、全聯福利中心（頁面約34公尺）、三興國小（頁面約246公尺，非指學區）、通化街／臨江街夜市（頁面約428公尺）,是,,"主建物 45.89 坪、含機械車位總價 5,118 萬，24 小時管理，高樓層面後側景觀（房仲聲稱）。",住辦混合大樓的頂樓戶，租賃中、不規則格局且無陽台；原先「低於同棟成交 18%」的說法查核後不成立。,租約：租期起迄、月租金、租客使用方式、是否可提前終止與點交條件。；謄本與使用執照：本戶登記用途是否確為住家用、使用分區、有無設定。；實際門牌（推定基隆路二段23號）與完工日期。；車位：機械車位的層別、限高限重、保養費與故障紀錄；車位是否可不買。；屋頂平台現況與防水紀錄、是否有頂樓增建或基地台。；附屬建物確實為 0 的謄本佐證。
XA-170,先補資料再決定,中聯大樓｜【強推】大巨蛋旁收租置產,中聯大樓,台北市大安區忠孝東路四段,大安區,中古屋,電梯大樓,商業用,1房2廳2衛5室,3,11,43.8,有,"每月約 4,423 元。(車位管理費另繳納 1,200 元 / 月繳)",5998,5998,有,是,750,,符合,5998,"含車位總價：5,998 萬 ≤ 預算 8,000 萬",27.31,3.07,30.38,,7.52,11.59,49.5,符合,符合,主建物符合 26 坪,1,999.6,12.5,地圖估算：OpenStreetMap 步行路網路由（routing.openstreetmap.de，foot profile），起點＝信義房屋刊登頁提供的物件座標，終點＝官方出入口座標；時間＝路徑距離÷80 公尺/分，不含等紅燈,platform_coord,192.16,138.43,研究日查得刊登頁，實際可售狀態待確認,1,信義房屋:0656TS,https://www.sinyi.com.tw/buy/house/0656TS,2026-09-20T13:29:59+08:00,,,,,主建物達 26 坪且在預算內,住宅用途待確認,現況是否為隔套收租產品待確認；登記用途含非純住家項目（商業用）：能否作住宅使用、貸款成數與稅率需另行確認；不列入優先看屋
XA-171,目前不符合條件,收租●信義區投報收租美屋,,台北市信義區嘉興街,信義區,中古屋,公寓,住家用,5房5衛,4,4,49.7,無,,2480,2480,無,,,,符合,2480,"無車位，總價：2,480 萬 ≤ 預算 8,000 萬",24.1,4.01,28.11,,,,28.11,不符合,符合,主＋附符合26坪；主建物未達26坪,4,1263,16,地圖估算：OpenStreetMap 步行路網路由（routing.openstreetmap.de，foot profile），起點＝信義房屋刊登頁提供的物件座標，終點＝官方出入口座標；時間＝路徑距離÷80 公尺/分，不含等紅燈,platform_coord,102.90,88.22,研究日查得刊登頁，實際可售狀態待確認,1,信義房屋:0762SB,https://www.sinyi.com.tw/buy/house/0762SB,2026-09-20T13:23:55+08:00,,,,,（目前沒有明確優勢）,步行超過 15 分鐘,步行時間落在分界附近或各平台座標差異大：需以實際門牌實走確認；現況是否為隔套收租產品待確認；管理費未揭露
XA-172,先補資料再決定,統領百貨｜忠孝敦化高投報穩定收租,統領百貨,台北市大安區忠孝東路四段,大安區,中古屋,電梯大樓,商業用,4房1廳4衛1室,8,14,42,有,"每月約 4,069 元。",7500,7500,無,,,,符合,7500,"無車位，總價：7,500 萬 ≤ 預算 8,000 萬",56.12,,,,17.86,,73.98,符合,符合,主建物符合 26 坪,1,1072,13.5,地圖估算：OpenStreetMap 步行路網路由（routing.openstreetmap.de，foot profile），起點＝信義房屋刊登頁提供的物件座標，終點＝官方出入口座標；時間＝路徑距離÷80 公尺/分，不含等紅燈,platform_coord,133.64,101.38,研究日查得刊登頁，實際可售狀態待確認,1,信義房屋:0763VM,https://www.sinyi.com.tw/buy/house/0763VM,2026-09-20T13:31:28+08:00,,,,,主建物 56.12 坪，高於門檻 30.1 坪,住宅用途待確認,現況是否為隔套收租產品待確認；附屬建物坪數未揭露；登記用途含非純住家項目（商業用）：能否作住宅使用、貸款成數與稅率需另行確認；不列入優先看屋
XA-173,先補資料再決定,國泰皇家｜國泰皇家住辦之星,國泰皇家,台北市大安區忠孝東路四段,大安區,中古屋,電梯大樓,住家用,1廳1衛5室,3,12,51.5,有,"每月約 3,200 元。",5828,5828,無,,,,符合,5828,"無車位，總價：5,828 萬 ≤ 預算 8,000 萬",41.46,1.86,43.32,,5.71,,49.02,符合,符合,主建物符合 26 坪,1,1010.9,13,地圖估算：OpenStreetMap 步行路網路由（routing.openstreetmap.de，foot profile），起點＝信義房屋刊登頁提供的物件座標，終點＝官方出入口座標；時間＝路徑距離÷80 公尺/分，不含等紅燈,platform_coord,140.57,118.89,研究日查得刊登頁，實際可售狀態待確認,1,信義房屋:0825ND,https://www.sinyi.com.tw/buy/house/0825ND,2026-09-20T13:29:40+08:00,,,,,主建物 41.46 坪，高於門檻 15.5 坪,屋齡 51.5 年：貸款年限與成數可能受限（各銀行不同，未假設你的條件）、管線與防水需檢查,現況是否為隔套收租產品待確認
XA-174,先補資料再決定,大空間漂亮美寓,,台北市大安區光復南路,大安區,中古屋,公寓,住家用,3房2廳2衛,4,4,52.1,無,,4280,4280,無,,,,符合,4280,"無車位，總價：4,280 萬 ≤ 預算 8,000 萬",27.98,6.3,34.28,,,,34.27,待確認,待確認,面積待確認,2A,577.1,7.5,地圖估算：OpenStreetMap 步行路網路由（routing.openstreetmap.de，foot profile），起點＝信義房屋刊登頁提供的物件座標，終點＝官方出入口座標；時間＝路徑距離÷80 公尺/分，不含等紅燈,platform_coord,152.97,124.89,研究日查得刊登頁，實際可售狀態待確認,1,信義房屋:0839PV,https://www.sinyi.com.tw/buy/house/0839PV,2026-09-20T13:26:47+08:00,,,,,步行約 7.5 分，屬優先範圍,面積待確認,現況是否為隔套收租產品待確認；無電梯公寓且刊登頁無共有部分：樓梯間可能已計入主建物登記面積，扣除後可能低於 26 坪，需調閱謄本與建物測量成果圖核對；管理費未揭露
XA-175,目前不符合條件,大安精鑄ＳＲＣ三房平車,,台北市大安區信義路四段,大安區,中古屋,電梯大樓,第２組多戶住宅,3房2廳2衛,7,13,1.9,有,"每月約 5,780 元。(車位管理費另繳納 800 元 / 月繳)",8280,8280,有,是,400,,超出預算,8280,"含車位總價：8,280 萬 > 預算 8,000 萬",25.35,4.41,29.76,,14.7,11.59,56.05,不符合,符合,主＋附符合26坪；主建物未達26坪,2,864.9,11,地圖估算：OpenStreetMap 步行路網路由（routing.openstreetmap.de，foot profile），起點＝信義房屋刊登頁提供的物件座標，終點＝官方出入口座標；時間＝路徑距離÷80 公尺/分，不含等紅燈,platform_coord,310.85,177.24,研究日查得刊登頁，實際可售狀態待確認,1,信義房屋:0842VX,https://www.sinyi.com.tw/buy/house/0842VX,2026-09-20T13:32:00+08:00,,,,,屋齡 1.9 年，相對較新,"超出 8,000 萬預算",步行時間落在分界附近或各平台座標差異大：需以實際門牌實走確認
XA-176,先補資料再決定,信義安和高樓景觀看１０１,,台北市大安區信義路四段,大安區,中古屋,電梯大樓,商業用,3房2廳2衛,7,12,38,有,"每月約 4,688 元。",6800,6800,無,否,,否,符合,6800,"無車位，總價：6,800 萬 ≤ 預算 8,000 萬",44.24,5.41,49.65,,9.11,,58.76,符合,符合,主建物符合 26 坪,2,54.1,1,地圖估算：OpenStreetMap 步行路網路由（routing.openstreetmap.de，foot profile），起點＝信義房屋刊登頁提供的物件座標，終點＝官方出入口座標；時間＝路徑距離÷80 公尺/分，不含等紅燈,platform_coord,153.71,115.72,研究日查得刊登頁，實際可售狀態待確認,1,信義房屋:1304UV,https://www.sinyi.com.tw/buy/house/1304UV,2026-09-20T13:30:51+08:00,臨信義路四段幹道（照片可見窗外即多線道路口；門牌未公開，確切棟別待確認）,捷運信義安和站出口2（頁面標示約 66 公尺）、YouBike 2.0 站（頁面標示約 19 公尺）、全聯福利中心／家樂福便利購（頁面標示約 270–400 公尺）、通化街（臨江街）夜市商圈（頁面標示約 480 公尺）、仁愛國小附設幼兒園（頁面標示約 310 公尺）,是,,"出口 2 旁、主建物 44 坪、確認無必買車位，6,800 萬在預算內",登記商業用且開價 ②153.7 萬／坪高於鄰近成交中位數約三成，面向信義路幹道,謄本上的主要用途、使用分區與是否可作住宅使用的依據（頁面寫「土地筆數過多，詳不動產說明書」）。；建築完成年月與門牌（用來比對同棟實價登錄）。；格局圖；現況隔間是否變更、陽台是否外推。；目前房屋稅／地價稅實際課徵稅率與金額。；社區戶數、住辦混合比例、管委會規約與近年公共修繕紀錄。
XA-177,先補資料再決定,國父紀念館仁愛典藏美寓,,台北市信義區仁愛路四段,信義區,中古屋,公寓,住家用,4房1廳3衛,4,5,46.9,無,,2780,2780,無,,,,符合,2780,"無車位，總價：2,780 萬 ≤ 預算 8,000 萬",22.12,4.99,27.11,,,,27.11,不符合,符合,主＋附符合26坪；主建物未達26坪,5,925.4,12,地圖估算：OpenStreetMap 步行路網路由（routing.openstreetmap.de，foot profile），起點＝信義房屋刊登頁提供的物件座標，終點＝官方出入口座標；時間＝路徑距離÷80 公尺/分，不含等紅燈,platform_coord,125.68,102.55,研究日查得刊登頁，實際可售狀態待確認,2,信義房屋:1321ZL | 永慶房屋:7331868,https://www.sinyi.com.tw/buy/house/1321ZL | https://buy.yungching.com.tw/house/7331868,2026-09-20T13:24:14+08:00 | 2026-09-20T13:32:18+08:00,,,,,（目前沒有明確優勢）,屋齡 46.9 年：貸款年限與成數可能受限（各銀行不同，未假設你的條件）、管線與防水需檢查,現況是否為隔套收租產品待確認；管理費未揭露
XA-178,優先看屋,【頂加】邊間明亮捷運美居,,台北市大安區樂利路,大安區,中古屋,公寓,住家用,3房2廳2衛,5,5,42.6,無,"每月約 1,000 元。",2950,2980,無,,,,符合,2980,"無車位，總價：2,980 萬 ≤ 預算 8,000 萬",30.72,4.02,34.74,,1.81,,36.55,符合,符合,主建物符合 26 坪,2A,547.4,7,地圖估算：OpenStreetMap 步行路網路由（routing.openstreetmap.de，foot profile），起點＝信義房屋刊登頁提供的物件座標，終點＝官方出入口座標；時間＝路徑距離÷80 公尺/分，不含等紅燈,platform_coord,97.01,81.53,研究日查得刊登頁，實際可售狀態待確認,2,信義房屋:1398JS | 永慶房屋:7440195,https://www.sinyi.com.tw/buy/house/1398JS | https://buy.yungching.com.tw/house/7440195,2026-09-20T13:24:29+08:00 | 2026-09-20T13:30:02+08:00,,,,,公設比低（約 5%）,屋齡 42.6 年：貸款年限與成數可能受限（各銀行不同，未假設你的條件）、管線與防水需檢查,各平台開價不一致（2950～2980 萬）：需確認屋主實際委託價
XA-179,優先看屋,國泰皇家｜國泰皇家大樓坡平車位,國泰皇家,台北市大安區忠孝東路四段,大安區,中古屋,電梯大樓,住家用,3房2廳2衛,4,12,51.5,有,"每月約 2,700 元。(車位管理費包含在大樓管理費內 / 月繳)",5600,5600,有,是,400,,符合,5600,"含車位總價：5,600 萬 ≤ 預算 8,000 萬",35.7,1.37,37.07,,4.87,13.8,55.74,符合,符合,主建物符合 26 坪,1,1010.9,13,地圖估算：OpenStreetMap 步行路網路由（routing.openstreetmap.de，foot profile），起點＝信義房屋刊登頁提供的物件座標，終點＝官方出入口座標；時間＝路徑距離÷80 公尺/分，不含等紅燈,platform_coord,145.66,123.99,研究日查得刊登頁，實際可售狀態待確認,1,信義房屋:1459US,https://www.sinyi.com.tw/buy/house/1459US,2026-09-20T13:29:23+08:00,,,,,主建物 35.7 坪，高於門檻 9.7 坪,屋齡 51.5 年：貸款年限與成數可能受限（各銀行不同，未假設你的條件）、管線與防水需檢查,
XA-180,優先看屋,萬代福鳳座｜名人巷近復興小美邸,萬代福鳳座,台北市大安區敦化南路一段,大安區,中古屋,華廈,住家用,3房2廳2衛,5,7,49,有,"每月約 4,800 元。",6675,6675,無,,,,符合,6675,"無車位，總價：6,675 萬 ≤ 預算 8,000 萬",32.41,8.06,40.47,,7.9,,48.37,符合,符合,主建物符合 26 坪,1,971.8,12.5,地圖估算：OpenStreetMap 步行路網路由（routing.openstreetmap.de，foot profile），起點＝信義房屋刊登頁提供的物件座標，終點＝官方出入口座標；時間＝路徑距離÷80 公尺/分，不含等紅燈,platform_coord,205.95,138.00,研究日查得刊登頁，實際可售狀態待確認,2,信義房屋:1487YW | 永慶房屋:7481130,https://www.sinyi.com.tw/buy/house/1487YW | https://buy.yungching.com.tw/house/7481130,2026-09-20T13:30:44+08:00 | 2026-09-20T13:31:08+08:00,,,,,主建物 32.41 坪，高於門檻 6.4 坪,屋齡 49 年：貸款年限與成數可能受限（各銀行不同，未假設你的條件）、管線與防水需檢查,
XA-181,目前不符合條件,專任公園方正三樓！可看屋,,台北市信義區嘉興街,信義區,中古屋,公寓,住家用,3房2廳1衛,3,4,57.5,無,,2500,2500,無,,,,符合,2500,"無車位，總價：2,500 萬 ≤ 預算 8,000 萬",32.07,1.82,33.89,,,,33.89,符合,符合,主建物符合 26 坪,4,1215.3,15.5,地圖估算：OpenStreetMap 步行路網路由（routing.openstreetmap.de，foot profile），起點＝信義房屋刊登頁提供的物件座標，終點＝官方出入口座標；時間＝路徑距離÷80 公尺/分，不含等紅燈,platform_coord,77.95,73.77,研究日查得刊登頁，實際可售狀態待確認,1,信義房屋:15123N,https://www.sinyi.com.tw/buy/house/15123N,2026-09-20T13:23:57+08:00,,,,,主建物 32.07 坪，高於門檻 6.1 坪,步行超過 15 分鐘,步行時間落在分界附近或各平台座標差異大：需以實際門牌實走確認；管理費未揭露
XA-182,優先看屋,國泰皇家｜★國泰皇家住辦大空間,國泰皇家,台北市大安區忠孝東路四段,大安區,中古屋,電梯大樓,住家用,4房2廳2衛1室,4,12,51.5,有,"每月約 3,200 元。",5630,5630,無,,,,符合,5630,"無車位，總價：5,630 萬 ≤ 預算 8,000 萬",45.52,1.87,47.39,,6.21,,53.6,符合,符合,主建物符合 26 坪,1,1010.9,13,地圖估算：OpenStreetMap 步行路網路由（routing.openstreetmap.de，foot profile），起點＝信義房屋刊登頁提供的物件座標，終點＝官方出入口座標；時間＝路徑距離÷80 公尺/分，不含等紅燈,platform_coord,123.68,105.04,研究日查得刊登頁，實際可售狀態待確認,1,信義房屋:1526NJ,https://www.sinyi.com.tw/buy/house/1526NJ,2026-09-20T13:29:26+08:00,,,,,主建物 45.52 坪，高於門檻 19.5 坪,屋齡 51.5 年：貸款年限與成數可能受限（各銀行不同，未假設你的條件）、管線與防水需檢查,
XA-183,目前不符合條件,成功國宅11~14棟(西區)｜成功稀有南北向將軍戶,成功國宅11~14棟(西區),台北市大安區復興南路二段,大安區,中古屋,電梯大樓,住家用,4房2廳2衛1室,19,19,41.4,有,"每月約 1,900 元。",4268,4268,無,,,,符合,4268,"無車位，總價：4,268 萬 ≤ 預算 8,000 萬",30.72,3.78,34.5,,7.46,2.86,44.83,符合,符合,主建物符合 26 坪,2A,1231.1,15.5,地圖估算：OpenStreetMap 步行路網路由（routing.openstreetmap.de，foot profile），起點＝信義房屋刊登頁提供的物件座標，終點＝官方出入口座標；時間＝路徑距離÷80 公尺/分，不含等紅燈,platform_coord,138.93,95.20,研究日查得刊登頁，實際可售狀態待確認,1,信義房屋:1804SB,https://www.sinyi.com.tw/buy/house/1804SB,2026-09-20T13:26:45+08:00,,,,,總價 4268 萬，保留較多預算空間,步行超過 15 分鐘,步行時間落在分界附近或各平台座標差異大：需以實際門牌實走確認
XA-184,優先看屋,大安VISION｜大安Ｖ●可辦可住,大安VISION,台北市大安區光復南路688號2樓（門牌號取自刊登文案「吉利門牌688號」；之幾未揭露）,大安區,中古屋,電梯大樓,住家用,3房1廳2衛,2,14,9.4,有,"每月約 6,342 元。(車位管理費另繳納 800 元 / 月繳)",6988,6988,有,是,350,,符合,6988,"含車位總價：6,988 萬 ≤ 預算 8,000 萬",35.22,2.48,37.7,,17.73,,61.56,符合,符合,主建物符合 26 坪,4,739.2,9.5,地圖估算：OpenStreetMap 步行路網路由（routing.openstreetmap.de，foot profile），起點＝信義房屋刊登頁提供的物件座標，終點＝官方出入口座標；時間＝路徑距離÷80 公尺/分，不含等紅燈,platform_coord,,,研究日查得刊登頁，實際可售狀態待確認,1,信義房屋:1851VN,https://www.sinyi.com.tw/buy/house/1851VN,2026-09-20T13:31:06+08:00,臨幹道：光復南路688號（房仲文案揭露門牌），2 樓、窗朝東面向光復南路,三興國小（信義房屋頁面：約85m；非指學區）、通化街／臨江街夜市市場（頁面：約197m）、全聯福利中心（頁面：約262m）、捷運信義安和站出口4（頁面：約722m）、捷運台北101／世貿站出口1（頁面：約676m）,是,,"門牌明確（光復南路688號）、主建物 35.22 坪、屋齡 9.4 年，含車位 6,988 萬",現況為 2 樓臨幹道辦公室裝修：無陽台、有暗房，住宅用途與 6.13 坪不明面積待確認,使用執照上 2 樓的核准用途（住宅或事務所）與謄本主要用途的正式文件。；「見注意事項 6.13 坪」的內容（是否為車位面積）。；車位可否不買、車位編號、上下層、尺寸與載重限制。；戶號（2 樓之幾）與同層其他戶的使用情形（住家或公司；信義頁面欄位 family=4，研判為每層 4 戶）。；社區規約對住辦混用、裝修、室外機位置的規定。；浴室、廚房的給排水與瓦斯配置，能否改成住宅格局。；目前房屋稅、地價稅是按自用住宅或營業用課徵。
XA-185,先補資料再決定,寧靜優質世貿１０１美三房,,台北市信義區吳興街,信義區,中古屋,華廈,住家用,3房2廳1.5衛,6,6,32.6,有,"每月約 3,500 元。",3500,3500,無,,,,符合,3500,"無車位，總價：3,500 萬 ≤ 預算 8,000 萬",27.83,4.57,32.4,,3.99,,36.39,符合,符合,主建物符合 26 坪,4,749.3,9.5,地圖估算：OpenStreetMap 步行路網路由（routing.openstreetmap.de，foot profile），起點＝信義房屋刊登頁提供的物件座標，終點＝官方出入口座標；時間＝路徑距離÷80 公尺/分，不含等紅燈,platform_coord,125.76,96.18,研究日查得刊登頁，實際可售狀態待確認,2,信義房屋:2245LJ | 永慶房屋:7241662,https://www.sinyi.com.tw/buy/house/2245LJ | https://buy.yungching.com.tw/house/7241662,2026-09-20T13:25:20+08:00 | 2026-09-20T13:32:25+08:00,,,,,公設比低（約 11%）,屋齡 32.6 年：需留意管線、防水與貸款年限,步行時間落在分界附近或各平台座標差異大：需以實際門牌實走確認；現況是否為隔套收租產品待確認
XA-186,先補資料再決定,信儀大廈｜大安雙捷運優質住辦美屋,信儀大廈,台北市大安區信義路三段,大安區,中古屋,電梯大樓,商業用,4房1廳3衛,6,12,44.4,有,"每月約 5,537 元。",5980,5980,無,,,,符合,5980,"無車位，總價：5,980 萬 ≤ 預算 8,000 萬",39.46,5.72,45.18,,6.2,,51.38,符合,符合,主建物符合 26 坪,2,996.7,12.5,地圖估算：OpenStreetMap 步行路網路由（routing.openstreetmap.de，foot profile），起點＝信義房屋刊登頁提供的物件座標，終點＝官方出入口座標；時間＝路徑距離÷80 公尺/分，不含等紅燈,platform_coord,151.55,116.39,研究日查得刊登頁，實際可售狀態待確認,1,信義房屋:2347DL,https://www.sinyi.com.tw/buy/house/2347DL,2026-09-20T13:29:52+08:00,,,,,主建物 39.46 坪，高於門檻 13.5 坪,住宅用途待確認,登記用途含非純住家項目（商業用）：能否作住宅使用、貸款成數與稅率需另行確認；不列入優先看屋
XA-187,目前不符合條件,登峰大廈｜登峰再創高峰,登峰大廈,台北市大安區復興南路一段,大安區,中古屋,電梯大樓,多戶住宅（集合住宅）,2房1廳2衛,7,15,2.8,有,"每月約 4,880 元。(車位管理費另繳納 1,000 元 / 月繳)",7780,7780,有,是,740,,符合,7780,"含車位總價：7,780 萬 ≤ 預算 8,000 萬",29.02,2.82,31.84,,12.56,21.74,66.14,符合,符合,主建物符合 26 坪,1,1209.4,15.5,地圖估算：OpenStreetMap 步行路網路由（routing.openstreetmap.de，foot profile），起點＝信義房屋刊登頁提供的物件座標，終點＝官方出入口座標；時間＝路徑距離÷80 公尺/分，不含等紅燈,platform_coord,242.59,158.56,研究日查得刊登頁，實際可售狀態待確認,1,信義房屋:2382TB,https://www.sinyi.com.tw/buy/house/2382TB,2026-09-20T13:31:45+08:00,,,,,屋齡 2.8 年，相對較新,步行超過 15 分鐘,步行時間落在分界附近或各平台座標差異大：需以實際門牌實走確認
XA-188,目前不符合條件,金銀雙星｜稀有釋出金銀雙星３房,金銀雙星,台北市大安區復興南路二段,大安區,中古屋,電梯大樓,住家用,3房2廳2衛,4,16,38.9,有,"每月約 3,618 元。",5680,5680,無,,,,符合,5680,"無車位，總價：5,680 萬 ≤ 預算 8,000 萬",27.04,4.27,31.31,,8.88,,40.2,符合,符合,主建物符合 26 坪,2,1317.2,16.5,地圖估算：OpenStreetMap 步行路網路由（routing.openstreetmap.de，foot profile），起點＝信義房屋刊登頁提供的物件座標，終點＝官方出入口座標；時間＝路徑距離÷80 公尺/分，不含等紅燈,platform_coord,210.06,141.29,研究日查得刊登頁，實際可售狀態待確認,1,信義房屋:2457PR,https://www.sinyi.com.tw/buy/house/2457PR,2026-09-20T13:29:28+08:00,,,,,主建物達 26 坪且在預算內,步行超過 15 分鐘,
XA-189,先補資料再決定,光南大面寬１樓,,台北市大安區光復南路,大安區,中古屋,公寓,住家用,2房3廳2衛,1,4,52.1,無,,5680,5680,無,,,,符合,5680,"無車位，總價：5,680 萬 ≤ 預算 8,000 萬",27.98,6.3,34.28,,,,34.27,待確認,待確認,面積待確認,2A,577.1,7.5,地圖估算：OpenStreetMap 步行路網路由（routing.openstreetmap.de，foot profile），起點＝信義房屋刊登頁提供的物件座標，終點＝官方出入口座標；時間＝路徑距離÷80 公尺/分，不含等紅燈,platform_coord,203.00,165.74,研究日查得刊登頁，實際可售狀態待確認,1,信義房屋:2464XX,https://www.sinyi.com.tw/buy/house/2464XX,2026-09-20T13:29:31+08:00,,,,,步行約 7.5 分，屬優先範圍,面積待確認,無電梯公寓且刊登頁無共有部分：樓梯間可能已計入主建物登記面積，扣除後可能低於 26 坪，需調閱謄本與建物測量成果圖核對；管理費未揭露
XA-190,先補資料再決定,三普復興大廈｜大安捷運旁管理美裝大樓,三普復興大廈,台北市大安區復興南路二段,大安區,中古屋,電梯大樓,商業用,2房2廳2衛1室,6,16,40.2,有,"每月約 2,756 元。",4688,4688,無,,,,符合,4688,"無車位，總價：4,688 萬 ≤ 預算 8,000 萬",28.27,5.67,33.94,,5.42,,39.36,符合,符合,主建物符合 26 坪,2,1197.9,15,地圖估算：OpenStreetMap 步行路網路由（routing.openstreetmap.de，foot profile），起點＝信義房屋刊登頁提供的物件座標，終點＝官方出入口座標；時間＝路徑距離÷80 公尺/分，不含等紅燈,platform_coord,165.83,119.11,研究日查得刊登頁，實際可售狀態待確認,1,信義房屋:2685ZW,https://www.sinyi.com.tw/buy/house/2685ZW,2026-09-20T13:27:42+08:00,,,,,公設比低（約 14%）,住宅用途待確認,步行時間落在分界附近或各平台座標差異大：需以實際門牌實走確認；登記用途含非純住家項目（商業用）：能否作住宅使用、貸款成數與稅率需另行確認；不列入優先看屋
XA-191,目前不符合條件,中南大廈｜附中住辦皆宜大空間,中南大廈,台北市大安區復興南路一段,大安區,中古屋,電梯大樓,住家用,4房1廳2衛1室,14,14,47.7,有,"每月約 3,996 元。",4999,4999,無,,,,符合,4999,"無車位，總價：4,999 萬 ≤ 預算 8,000 萬",33.77,6.95,40.72,,4.92,,45.63,符合,符合,主建物符合 26 坪,1,1230.8,15.5,地圖估算：OpenStreetMap 步行路網路由（routing.openstreetmap.de，foot profile），起點＝信義房屋刊登頁提供的物件座標，終點＝官方出入口座標；時間＝路徑距離÷80 公尺/分，不含等紅燈,platform_coord,148.03,109.56,研究日查得刊登頁，實際可售狀態待確認,2,信義房屋:2712WH | 永慶房屋:7308955,https://www.sinyi.com.tw/buy/house/2712WH | https://buy.yungching.com.tw/house/7308955,2026-09-20T13:28:23+08:00 | 2026-09-20T13:28:40+08:00,,,,,主建物 33.77 坪，高於門檻 7.8 坪,步行超過 15 分鐘,步行時間落在分界附近或各平台座標差異大：需以實際門牌實走確認
XA-192,先補資料再決定,忠駝國宅｜忠駝３８坪一層兩戶,忠駝國宅,台北市信義區基隆路一段,信義區,中古屋,電梯大樓,集合住宅,2房2廳2衛1室,4,12,43.1,有,每月約 400 元。,3500,3500,無,,,,符合,3500,"無車位，總價：3,500 萬 ≤ 預算 8,000 萬",24.95,5.38,30.33,,8.48,,38.81,不符合,符合,主＋附符合26坪；主建物未達26坪,5,828,10.5,地圖估算：OpenStreetMap 步行路網路由（routing.openstreetmap.de，foot profile），起點＝信義房屋刊登頁提供的物件座標，終點＝官方出入口座標；時間＝路徑距離÷80 公尺/分，不含等紅燈,platform_coord,140.28,90.18,研究日查得刊登頁，實際可售狀態待確認,2,信義房屋:2831SS | 永慶房屋:7290380,https://www.sinyi.com.tw/buy/house/2831SS | https://buy.yungching.com.tw/house/7290380,2026-09-20T13:25:23+08:00 | 2026-09-20T13:32:32+08:00,,,,,（目前沒有明確優勢）,屋齡 43.1 年：貸款年限與成數可能受限（各銀行不同，未假設你的條件）、管線與防水需檢查,步行時間落在分界附近或各平台座標差異大：需以實際門牌實走確認
XA-193,優先看屋,大安捷運景觀獨棟花園頂加,,台北市大安區通化街,大安區,中古屋,公寓,住家用,4房2廳4衛1室,5,5,41.4,無,,3988,3988,無,,,,符合,3988,"無車位，總價：3,988 萬 ≤ 預算 8,000 萬",35.58,6.04,41.62,,3.91,,45.53,符合,符合,主建物符合 26 坪,4,834.4,10.5,地圖估算：OpenStreetMap 步行路網路由（routing.openstreetmap.de，foot profile），起點＝信義房屋刊登頁提供的物件座標，終點＝官方出入口座標；時間＝路徑距離÷80 公尺/分，不含等紅燈,platform_coord,112.09,87.59,研究日查得刊登頁，實際可售狀態待確認,1,信義房屋:2896LU,https://www.sinyi.com.tw/buy/house/2896LU,2026-09-20T13:26:30+08:00,,,,,主建物 35.58 坪，高於門檻 9.6 坪,屋齡 41.4 年：貸款年限與成數可能受限（各銀行不同，未假設你的條件）、管線與防水需檢查,步行時間落在分界附近或各平台座標差異大：需以實際門牌實走確認；管理費未揭露
XA-194,先補資料再決定,面校園★大安建安明亮美寓,,台北市大安區四維路,大安區,中古屋,公寓,集合住宅,2房2廳1衛,4,4,51.7,無,,3200,3200,無,,,,符合,3200,"無車位，總價：3,200 萬 ≤ 預算 8,000 萬",22.47,5.01,27.48,,,,27.48,不符合,符合,主＋附符合26坪；主建物未達26坪,2A,930.5,12,地圖估算：OpenStreetMap 步行路網路由（routing.openstreetmap.de，foot profile），起點＝信義房屋刊登頁提供的物件座標，終點＝官方出入口座標；時間＝路徑距離÷80 公尺/分，不含等紅燈,platform_coord,142.41,116.45,研究日查得刊登頁，實際可售狀態待確認,1,信義房屋:2966BP,https://www.sinyi.com.tw/buy/house/2966BP,2026-09-20T13:24:54+08:00,,,,,（目前沒有明確優勢）,屋齡 51.7 年：貸款年限與成數可能受限（各銀行不同，未假設你的條件）、管線與防水需檢查,管理費未揭露
XA-195,優先看屋,忠孝２１６巷三角窗店辦住,,台北市大安區忠孝東路四段,大安區,中古屋,華廈,住家用,1廳,2,7,52.3,有,"每月約 1,600 元。",5588,5588,無,,,,符合,5588,"無車位，總價：5,588 萬 ≤ 預算 8,000 萬",39.31,4.52,43.83,,4.11,,47.93,符合,符合,主建物符合 26 坪,1,768,10,地圖估算：OpenStreetMap 步行路網路由（routing.openstreetmap.de，foot profile），起點＝信義房屋刊登頁提供的物件座標，終點＝官方出入口座標；時間＝路徑距離÷80 公尺/分，不含等紅燈,platform_coord,142.15,116.59,研究日查得刊登頁，實際可售狀態待確認,1,信義房屋:2969FM,https://www.sinyi.com.tw/buy/house/2969FM,2026-09-20T13:29:16+08:00,,,,,主建物 39.31 坪，高於門檻 13.3 坪,屋齡 52.3 年：貸款年限與成數可能受限（各銀行不同，未假設你的條件）、管線與防水需檢查,步行時間落在分界附近或各平台座標差異大：需以實際門牌實走確認
XA-196,優先看屋,台肥工會｜附中靜巷一層一戶獨棟美廈,台肥工會,台北市大安區大安路一段,大安區,中古屋,華廈,住家用,3房1廳2衛,5,6,36.6,有,"每月約 2,500 元。(車位管理費包含在大樓管理費內 / 年繳)",6888,6888,有,是,320,,符合,6888,"含車位總價：6,888 萬 ≤ 預算 8,000 萬",30.05,15.58,45.63,,8.15,,65.36,符合,符合,主建物符合 26 坪,1,1136.7,14.5,地圖估算：OpenStreetMap 步行路網路由（routing.openstreetmap.de，foot profile），起點＝信義房屋刊登頁提供的物件座標，終點＝官方出入口座標；時間＝路徑距離÷80 公尺/分，不含等紅燈,platform_coord,,,研究日查得刊登頁，實際可售狀態待確認,1,信義房屋:2994HS,https://www.sinyi.com.tw/buy/house/2994HS,2026-09-20T13:30:59+08:00,,,,,公設比低（約 12%）,屋齡 36.6 年：需留意管線、防水與貸款年限,步行時間落在分界附近或各平台座標差異大：需以實際門牌實走確認；車位面積未揭露：無法確認權狀坪數中有多少是車位
XA-197,先補資料再決定,【新接】信義安和邊間三樓,,台北市大安區通化街,大安區,中古屋,公寓,住家用,4房2衛1室,3,5,47.3,無,,2600,2600,無,,,,符合,2600,"無車位，總價：2,600 萬 ≤ 預算 8,000 萬",26.93,6.93,33.86,,,,33.87,待確認,待確認,面積待確認,4,443.8,6,地圖估算：OpenStreetMap 步行路網路由（routing.openstreetmap.de，foot profile），起點＝信義房屋刊登頁提供的物件座標，終點＝官方出入口座標；時間＝路徑距離÷80 公尺/分，不含等紅燈,platform_coord,96.55,76.76,研究日查得刊登頁，實際可售狀態待確認,1,信義房屋:3371KQ,https://www.sinyi.com.tw/buy/house/3371KQ,2026-09-20T13:24:02+08:00,,,,,步行約 6 分，屬優先範圍,面積待確認,現況是否為隔套收租產品待確認；無電梯公寓且刊登頁無共有部分：樓梯間可能已計入主建物登記面積，扣除後可能低於 26 坪，需調閱謄本與建物測量成果圖核對；管理費未揭露
XA-198,先補資料再決定,近國館巨蛋捷運靜巷一樓,,台北市大安區光復南路,大安區,中古屋,華廈,住商用,2房2廳2衛,1,7,46.4,有,每月約 750 元。,3880,3880,無,,,,符合,3880,"無車位，總價：3,880 萬 ≤ 預算 8,000 萬",23.08,7.5,30.58,,3.09,,33.67,不符合,符合,主＋附符合26坪；主建物未達26坪,5,830.3,10.5,地圖估算：OpenStreetMap 步行路網路由（routing.openstreetmap.de，foot profile），起點＝信義房屋刊登頁提供的物件座標，終點＝官方出入口座標；時間＝路徑距離÷80 公尺/分，不含等紅燈,platform_coord,168.11,115.24,研究日查得刊登頁，實際可售狀態待確認,1,信義房屋:3454UN,https://www.sinyi.com.tw/buy/house/3454UN,2026-09-20T13:26:13+08:00,,,,,公設比低（約 9%）,住宅用途待確認,步行時間落在分界附近或各平台座標差異大：需以實際門牌實走確認；現況是否為隔套收租產品待確認；登記用途含非純住家項目（住商用）：能否作住宅使用、貸款成數與稅率需另行確認；不列入優先看屋
XA-200,優先看屋,世貿四房大戶美寓,,台北市信義區基隆路二段,信義區,中古屋,公寓,住家用,4房2廳2衛,4,5,39.9,無,每月約 350 元。,2988,2988,無,,,,符合,2988,"無車位，總價：2,988 萬 ≤ 預算 8,000 萬",39.34,3.35,42.69,,7.29,,49.99,符合,符合,主建物符合 26 坪,4,761.9,10,地圖估算：OpenStreetMap 步行路網路由（routing.openstreetmap.de，foot profile），起點＝信義房屋刊登頁提供的物件座標，終點＝官方出入口座標；時間＝路徑距離÷80 公尺/分，不含等紅燈,platform_coord,75.95,59.77,研究日查得刊登頁，實際可售狀態待確認,1,信義房屋:3847AY,https://www.sinyi.com.tw/buy/house/3847AY,2026-09-20T13:24:39+08:00,,,,,主建物 39.34 坪，高於門檻 13.3 坪,屋齡 39.9 年：需留意管線、防水與貸款年限,步行時間落在分界附近或各平台座標差異大：需以實際門牌實走確認
XA-201,優先看屋,專任朝南百吉安靜管理高樓,,台北市大安區延吉街,大安區,中古屋,華廈,住家用,3房2廳2衛,6,7,47.1,有,"每月約 2,000 元。",4428,4428,無,,,,符合,4428,"無車位，總價：4,428 萬 ≤ 預算 8,000 萬",31.71,5.89,37.6,,6.73,,44.33,符合,符合,主建物符合 26 坪,5,871.3,11,地圖估算：OpenStreetMap 步行路網路由（routing.openstreetmap.de，foot profile），起點＝信義房屋刊登頁提供的物件座標，終點＝官方出入口座標；時間＝路徑距離÷80 公尺/分，不含等紅燈,platform_coord,139.64,99.89,研究日查得刊登頁，實際可售狀態待確認,1,信義房屋:3888AN,https://www.sinyi.com.tw/buy/house/3888AN,2026-09-20T13:27:05+08:00,,,,,總價 4428 萬，保留較多預算空間,屋齡 47.1 年：貸款年限與成數可能受限（各銀行不同，未假設你的條件）、管線與防水需檢查,步行時間落在分界附近或各平台座標差異大：需以實際門牌實走確認
XA-202,優先看屋,阿波羅大廈｜金馬迎春阿波羅南北向,阿波羅大廈,台北市大安區忠孝東路四段,大安區,中古屋,電梯大樓,住家用,8房1廳2衛2室,10,13,48.6,有,"每月約 6,777 元。(車位管理費另繳納 900 元 / 月繳)",6828,7480,有,是,500,,符合,7480,"含車位總價：7,480 萬 ≤ 預算 8,000 萬",43.89,12.15,56.04,,6.04,14.55,76.64,符合,符合,主建物符合 26 坪,1,973.6,12.5,地圖估算：OpenStreetMap 步行路網路由（routing.openstreetmap.de，foot profile），起點＝信義房屋刊登頁提供的物件座標，終點＝官方出入口座標；時間＝路徑距離÷80 公尺/分，不含等紅燈,platform_coord,159.03,112.42,研究日查得刊登頁，實際可售狀態待確認,2,信義房屋:3969WC | 永慶房屋:6730741,https://www.sinyi.com.tw/buy/house/3969WC | https://buy.yungching.com.tw/house/6730741,2026-09-20T13:31:23+08:00 | 2026-09-20T13:31:36+08:00,,,,,主建物 43.89 坪，高於門檻 17.9 坪,屋齡 48.6 年：貸款年限與成數可能受限（各銀行不同，未假設你的條件）、管線與防水需檢查,各平台開價不一致（6828～7480 萬）：需確認屋主實際委託價
XA-203,目前不符合條件,成功國宅11~14棟(西區)｜新案！成功國宅高樓景觀Ａ,成功國宅11~14棟(西區),台北市大安區復興南路二段,大安區,中古屋,電梯大樓,住家用,3房2廳2衛,18,19,41.4,有,每月約 750 元。,3888,3888,無,,,,符合,3888,"無車位，總價：3,888 萬 ≤ 預算 8,000 萬",26.93,3.28,30.21,,6.21,1.98,38.41,符合,符合,主建物符合 26 坪,2A,1269.3,16,地圖估算：OpenStreetMap 步行路網路由（routing.openstreetmap.de，foot profile），起點＝信義房屋刊登頁提供的物件座標，終點＝官方出入口座標；時間＝路徑距離÷80 公尺/分，不含等紅燈,platform_coord,144.37,101.22,研究日查得刊登頁，實際可售狀態待確認,1,信義房屋:3984HV,https://www.sinyi.com.tw/buy/house/3984HV,2026-09-20T13:26:18+08:00,,,,,總價 3888 萬，保留較多預算空間,步行超過 15 分鐘,步行時間落在分界附近或各平台座標差異大：需以實際門牌實走確認
XA-204,優先看屋,信義安和大空間５房雅寓,,台北市大安區通化街,大安區,中古屋,公寓,住家用,5房1廳2衛,5,5,41.1,無,,3350,3350,無,,,,符合,3350,"無車位，總價：3,350 萬 ≤ 預算 8,000 萬",34.68,4.99,39.67,,6.82,,46.49,符合,符合,主建物符合 26 坪,4,371,5,地圖估算：OpenStreetMap 步行路網路由（routing.openstreetmap.de，foot profile），起點＝信義房屋刊登頁提供的物件座標，終點＝官方出入口座標；時間＝路徑距離÷80 公尺/分，不含等紅燈,platform_coord,96.60,72.06,研究日查得刊登頁，實際可售狀態待確認,2,信義房屋:4143DY | 永慶房屋:7291345,https://www.sinyi.com.tw/buy/house/4143DY | https://buy.yungching.com.tw/house/7291345,2026-09-20T13:25:03+08:00 | 2026-09-20T13:30:50+08:00,,,,,步行約 5 分到捷運出入口,屋齡 41.1 年：貸款年限與成數可能受限（各銀行不同，未假設你的條件）、管線與防水需檢查,管理費未揭露
XA-206,優先看屋,稀仁愛國館５房３衛大戶宅,,台北市大安區延吉街,大安區,中古屋,華廈,住家用,5房2廳3衛,3,7,45.7,有,"每月約 1,200 元。",5200,5200,無,,,,符合,5200,"無車位，總價：5,200 萬 ≤ 預算 8,000 萬",41.47,5.89,47.36,,7.09,,54.45,符合,符合,主建物符合 26 坪,5,626.3,8,地圖估算：OpenStreetMap 步行路網路由（routing.openstreetmap.de，foot profile），起點＝信義房屋刊登頁提供的物件座標，終點＝官方出入口座標；時間＝路徑距離÷80 公尺/分，不含等紅燈,platform_coord,125.39,95.50,研究日查得刊登頁，實際可售狀態待確認,1,信義房屋:4239NM,https://www.sinyi.com.tw/buy/house/4239NM,2026-09-20T13:28:40+08:00,,,,,主建物 41.47 坪，高於門檻 15.5 坪,屋齡 45.7 年：貸款年限與成數可能受限（各銀行不同，未假設你的條件）、管線與防水需檢查,
XA-207,目前不符合條件,中南大廈｜♚附中學區電梯３房♚,中南大廈,台北市大安區東豐街,大安區,中古屋,電梯大樓,住家用,3房2廳2衛,4,14,47.7,有,"每月約 2,530 元。",4688,4688,無,,,,符合,4688,"無車位，總價：4,688 萬 ≤ 預算 8,000 萬",34.88,5.21,40.09,,5.03,,45.13,符合,符合,主建物符合 26 坪,1,1221.7,15.5,地圖估算：OpenStreetMap 步行路網路由（routing.openstreetmap.de，foot profile），起點＝信義房屋刊登頁提供的物件座標，終點＝官方出入口座標；時間＝路徑距離÷80 公尺/分，不含等紅燈,platform_coord,134.40,103.88,研究日查得刊登頁，實際可售狀態待確認,1,信義房屋:4272PJ,https://www.sinyi.com.tw/buy/house/4272PJ,2026-09-20T13:27:47+08:00,,,,,主建物 34.88 坪，高於門檻 8.9 坪,步行超過 15 分鐘,步行時間落在分界附近或各平台座標差異大：需以實際門牌實走確認
XA-208,優先看屋,大安捷運站管理四房美廈,,台北市大安區復興南路二段,大安區,中古屋,華廈,住家用,4房2廳2衛,2,7,44,有,"每月約 1,400 元。",5288,5288,無,,,,符合,5288,"無車位，總價：5,288 萬 ≤ 預算 8,000 萬",36.35,5.05,41.4,,3.46,,44.86,符合,符合,主建物符合 26 坪,2,1165.8,15,地圖估算：OpenStreetMap 步行路網路由（routing.openstreetmap.de，foot profile），起點＝信義房屋刊登頁提供的物件座標，終點＝官方出入口座標；時間＝路徑距離÷80 公尺/分，不含等紅燈,platform_coord,145.47,117.88,研究日查得刊登頁，實際可售狀態待確認,2,信義房屋:4302HY | 有巢氏房屋:6651529,https://www.sinyi.com.tw/buy/house/4302HY | https://buy.u-trust.com.tw/house/6651529,2026-09-20T13:28:42+08:00 | 2026-09-20T13:33:39+08:00,,,,,主建物 36.35 坪，高於門檻 10.4 坪,屋齡 44 年：貸款年限與成數可能受限（各銀行不同，未假設你的條件）、管線與防水需檢查,步行時間落在分界附近或各平台座標差異大：需以實際門牌實走確認
XA-209,先補資料再決定,世紀一品｜世紀一品１０１高樓景觀,世紀一品,台北市信義區信義路四段,信義區,中古屋,電梯大樓,一般事務所,2房2廳2衛,10,11,26.7,有,"每月約 9,302 元。(車位管理費包含在大樓管理費內 / 月繳)",5568,5568,有,是,500,,符合,5568,"含車位總價：5,568 萬 ≤ 預算 8,000 萬",28.98,3,31.98,,14.02,,47.91,符合,符合,主建物符合 26 坪,4,590.3,7.5,地圖估算：OpenStreetMap 步行路網路由（routing.openstreetmap.de，foot profile），起點＝信義房屋刊登頁提供的物件座標，終點＝官方出入口座標；時間＝路徑距離÷80 公尺/分，不含等紅燈,platform_coord,,,研究日查得刊登頁，實際可售狀態待確認,1,信義房屋:4608CC,https://www.sinyi.com.tw/buy/house/4608CC,2026-09-20T13:29:11+08:00,,,,,步行約 7.5 分，屬優先範圍,住宅用途待確認,車位面積未揭露：無法確認權狀坪數中有多少是車位；登記用途含非純住家項目（一般事務所）：能否作住宅使用、貸款成數與稅率需另行確認；不列入優先看屋
XA-210,優先看屋,近１０１捷運雙拼美廈,,台北市信義區吳興街,信義區,中古屋,華廈,住家用,5房5衛,6,6,32.6,有,每月約 400 元。,3350,3350,無,,,,符合,3350,"無車位，總價：3,350 萬 ≤ 預算 8,000 萬",29.65,3.51,33.16,,4.25,,37.41,符合,符合,主建物符合 26 坪,4,749.3,9.5,地圖估算：OpenStreetMap 步行路網路由（routing.openstreetmap.de，foot profile），起點＝信義房屋刊登頁提供的物件座標，終點＝官方出入口座標；時間＝路徑距離÷80 公尺/分，不含等紅燈,platform_coord,112.98,89.55,研究日查得刊登頁，實際可售狀態待確認,1,信義房屋:4658SG,https://www.sinyi.com.tw/buy/house/4658SG,2026-09-20T13:25:06+08:00,,,,,公設比低（約 11%）,屋齡 32.6 年：需留意管線、防水與貸款年限,步行時間落在分界附近或各平台座標差異大：需以實際門牌實走確認
XA-211,先補資料再決定,附中置產都更公寓２樓,,台北市大安區復興南路一段,大安區,中古屋,公寓,住家用,5房4衛,2,4,56.8,無,,5998,5998,無,,,,符合,5998,"無車位，總價：5,998 萬 ≤ 預算 8,000 萬",29.6,1.69,31.29,,,,31.3,待確認,待確認,面積待確認,1,845.4,11,地圖估算：OpenStreetMap 步行路網路由（routing.openstreetmap.de，foot profile），起點＝信義房屋刊登頁提供的物件座標，終點＝官方出入口座標；時間＝路徑距離÷80 公尺/分，不含等紅燈,platform_coord,202.64,191.63,研究日查得刊登頁，實際可售狀態待確認,1,信義房屋:4718WX,https://www.sinyi.com.tw/buy/house/4718WX,2026-09-20T13:30:02+08:00,,,,,（目前沒有明確優勢）,面積待確認,步行時間落在分界附近或各平台座標差異大：需以實際門牌實走確認；現況是否為隔套收租產品待確認；無電梯公寓且刊登頁無共有部分：樓梯間可能已計入主建物登記面積，扣除後可能低於 26 坪，需調閱謄本與建物測量成果圖核對；管理費未揭露
XA-212,優先看屋,近國館靜巷邊間三房美寓,,台北市信義區光復南路,信義區,中古屋,公寓,住家用,3房2廳1.5衛,2,5,42.5,無,,3280,3280,無,,,,符合,3280,"無車位，總價：3,280 萬 ≤ 預算 8,000 萬",30.95,3.27,34.22,,1.85,,36.07,符合,符合,主建物符合 26 坪,5,650.1,8.5,地圖估算：OpenStreetMap 步行路網路由（routing.openstreetmap.de，foot profile），起點＝信義房屋刊登頁提供的物件座標，終點＝官方出入口座標；時間＝路徑距離÷80 公尺/分，不含等紅燈,platform_coord,105.98,90.93,研究日查得刊登頁，實際可售狀態待確認,2,信義房屋:4780KB | 永慶房屋:7168228,https://www.sinyi.com.tw/buy/house/4780KB | https://buy.yungching.com.tw/house/7168228,2026-09-20T13:24:58+08:00 | 2026-09-20T13:32:28+08:00,,,,,公設比低（約 5%）,屋齡 42.5 年：貸款年限與成數可能受限（各銀行不同，未假設你的條件）、管線與防水需檢查,管理費未揭露
XA-213,先補資料再決定,大安捷運收租美寓,,台北市大安區通化街,大安區,中古屋,公寓,住家用,6房6衛,5,5,48.2,無,,2688,2688,無,,,,符合,2688,"無車位，總價：2,688 萬 ≤ 預算 8,000 萬",29.89,3.97,33.86,,,,33.85,待確認,待確認,面積待確認,4,600.1,8,地圖估算：OpenStreetMap 步行路網路由（routing.openstreetmap.de，foot profile），起點＝信義房屋刊登頁提供的物件座標，終點＝官方出入口座標；時間＝路徑距離÷80 公尺/分，不含等紅燈,platform_coord,89.93,79.41,研究日查得刊登頁，實際可售狀態待確認,1,信義房屋:4790DY,https://www.sinyi.com.tw/buy/house/4790DY,2026-09-20T13:24:07+08:00,,,,,步行約 8 分，屬優先範圍,面積待確認,現況是否為隔套收租產品待確認；無電梯公寓且刊登頁無共有部分：樓梯間可能已計入主建物登記面積，扣除後可能低於 26 坪，需調閱謄本與建物測量成果圖核對；管理費未揭露
XA-214,目前不符合條件,成功國宅11~14棟(西區)｜★成功國宅遠景高樓大三房,成功國宅11~14棟(西區),台北市大安區復興南路二段,大安區,中古屋,電梯大樓,住家用,3房2廳2衛1室,15,19,41.4,有,每月約 700 元。,3498,3498,無,,,,符合,3498,"無車位，總價：3,498 萬 ≤ 預算 8,000 萬",26.87,3.28,30.15,,6.41,2.42,38.98,符合,符合,主建物符合 26 坪,2A,1266.3,16,地圖估算：OpenStreetMap 步行路網路由（routing.openstreetmap.de，foot profile），起點＝信義房屋刊登頁提供的物件座標，終點＝官方出入口座標；時間＝路徑距離÷80 公尺/分，不含等紅燈,platform_coord,130.18,89.74,研究日查得刊登頁，實際可售狀態待確認,1,信義房屋:4812SN,https://www.sinyi.com.tw/buy/house/4812SN,2026-09-20T13:25:13+08:00,,,,,總價 3498 萬，保留較多預算空間,步行超過 15 分鐘,步行時間落在分界附近或各平台座標差異大：需以實際門牌實走確認
XA-215,目前不符合條件,中南大廈｜專任附中學區捷運管理三房,中南大廈,台北市大安區復興南路一段,大安區,中古屋,電梯大樓,商業用,3房2廳2衛,5,14,47.7,有,"每月約 2,540 元。",4518,4518,無,,,,符合,4518,"無車位，總價：4,518 萬 ≤ 預算 8,000 萬",33.77,6.95,40.72,,4.92,,45.63,符合,符合,主建物符合 26 坪,1,1230.8,15.5,地圖估算：OpenStreetMap 步行路網路由（routing.openstreetmap.de，foot profile），起點＝信義房屋刊登頁提供的物件座標，終點＝官方出入口座標；時間＝路徑距離÷80 公尺/分，不含等紅燈,platform_coord,133.79,99.01,研究日查得刊登頁，實際可售狀態待確認,1,信義房屋:4935YS,https://www.sinyi.com.tw/buy/house/4935YS,2026-09-20T13:27:25+08:00,,,,,主建物 33.77 坪，高於門檻 7.8 坪,步行超過 15 分鐘,步行時間落在分界附近或各平台座標差異大：需以實際門牌實走確認；登記用途含非純住家項目（商業用）：能否作住宅使用、貸款成數與稅率需另行確認；不列入優先看屋
XA-216,先補資料再決定,信義區優質裝潢庭院美居,,台北市信義區光復南路,信義區,中古屋,公寓,住宅、防空避難室,6房3廳5衛1室,B1-1,5,47.2,無,,5985,5985,無,,,,符合,5985,"無車位，總價：5,985 萬 ≤ 預算 8,000 萬",38.63,2.17,40.8,,,,66.83,待確認,待確認,面積待確認,5,821.4,10.5,地圖估算：OpenStreetMap 步行路網路由（routing.openstreetmap.de，foot profile），起點＝信義房屋刊登頁提供的物件座標，終點＝官方出入口座標；時間＝路徑距離÷80 公尺/分，不含等紅燈,platform_coord,154.93,89.56,研究日查得刊登頁，實際可售狀態待確認,1,信義房屋:4957UC,https://www.sinyi.com.tw/buy/house/4957UC,2026-09-20T13:29:55+08:00,,,,,主建物 38.63 坪，高於門檻 12.6 坪,面積待確認,步行時間落在分界附近或各平台座標差異大：需以實際門牌實走確認；本戶含地下層（B1-1 樓）：部分平台把獨立權狀地下室併入主建物，地面層主建物需以謄本確認；地下室不應視為一般居住室內面積；登記用途含非純住家項目（住宅、防空避難室）：能否作住宅使用、貸款成數與稅率需另行確認；不列入優先看屋；管理費未揭露
XA-217,優先看屋,國父紀念館花園華廈,,台北市大安區光復南路,大安區,中古屋,華廈,住家用,3房2廳1衛,7,7,44.8,有,"每月約 3,000 元。",5900,5900,無,,,,符合,5900,"無車位，總價：5,900 萬 ≤ 預算 8,000 萬",36.69,5.05,41.74,,2.33,,44.07,符合,符合,主建物符合 26 坪,5,1088.2,14,地圖估算：OpenStreetMap 步行路網路由（routing.openstreetmap.de，foot profile），起點＝信義房屋刊登頁提供的物件座標，終點＝官方出入口座標；時間＝路徑距離÷80 公尺/分，不含等紅燈,platform_coord,160.81,133.88,研究日查得刊登頁，實際可售狀態待確認,1,信義房屋:4965ZN,https://www.sinyi.com.tw/buy/house/4965ZN,2026-09-20T13:29:50+08:00,,,,,主建物 36.69 坪，高於門檻 10.7 坪,屋齡 44.8 年：貸款年限與成數可能受限（各銀行不同，未假設你的條件）、管線與防水需檢查,步行時間落在分界附近或各平台座標差異大：需以實際門牌實走確認
XA-218,優先看屋,仁愛三普｜誠意售屋仁愛三普高樓,仁愛三普,台北市大安區仁愛路四段,大安區,中古屋,電梯大樓,住家用,3房2廳2衛,8,14,46.5,有,"1,750元/月,月繳",5899,5899,無,,,,符合,5899,"無車位，總價：5,899 萬 ≤ 預算 8,000 萬",36.02,6.37,42.39,,5.27,,47.66,符合,符合,主建物符合 26 坪,5,739.7,9.5,地圖估算：OpenStreetMap 步行路網路由（routing.openstreetmap.de，foot profile），起點＝信義房屋刊登頁提供的物件座標，終點＝官方出入口座標；時間＝路徑距離÷80 公尺/分，不含等紅燈,platform_coord,163.77,123.77,研究日查得刊登頁，實際可售狀態待確認,3,信義房屋:51275M | 有巢氏房屋:5914009 | 永慶房屋:5644710,https://www.sinyi.com.tw/buy/house/51275M | https://buy.u-trust.com.tw/house/5914009 | https://buy.yungching.com.tw/house/5644710,2026-09-20T13:29:48+08:00 | 2026-09-20T13:34:10+08:00 | 2026-09-20T13:28:38+08:00,,,,,主建物 36.02 坪，高於門檻 10.0 坪,屋齡 46.5 年：貸款年限與成數可能受限（各銀行不同，未假設你的條件）、管線與防水需檢查,步行時間落在分界附近或各平台座標差異大：需以實際門牌實走確認
XA-219,先補資料再決定,光復南路角窗一樓,,台北市信義區光復南路,信義區,中古屋,公寓,住家用,1廳1衛,1,5,46.5,無,,8000,8000,無,,,,符合,8000,"無車位，總價：8,000 萬 ≤ 預算 8,000 萬",29.14,6.77,35.91,,,,35.91,待確認,待確認,面積待確認,5,660.1,8.5,地圖估算：OpenStreetMap 步行路網路由（routing.openstreetmap.de，foot profile），起點＝信義房屋刊登頁提供的物件座標，終點＝官方出入口座標；時間＝路徑距離÷80 公尺/分，不含等紅燈,platform_coord,274.54,222.78,研究日查得刊登頁，實際可售狀態待確認,1,信義房屋:52313J,https://www.sinyi.com.tw/buy/house/52313J,2026-09-20T13:31:55+08:00,,,,,步行約 8.5 分，屬優先範圍,面積待確認,現況是否為隔套收租產品待確認；無電梯公寓且刊登頁無共有部分：樓梯間可能已計入主建物登記面積，扣除後可能低於 26 坪，需調閱謄本與建物測量成果圖核對；管理費未揭露
XA-220,先補資料再決定,捷運忠孝敦化高收益華園,,台北市大安區忠孝東路四段,大安區,中古屋,華廈,住家用,6房6衛,5,7,48.1,有,"每月約 4,500 元。",5288,5288,無,,,,符合,5288,"無車位，總價：5,288 萬 ≤ 預算 8,000 萬",42.82,4.96,47.78,,5.04,,52.82,符合,符合,主建物符合 26 坪,1,1069.5,13.5,地圖估算：OpenStreetMap 步行路網路由（routing.openstreetmap.de，foot profile），起點＝信義房屋刊登頁提供的物件座標，終點＝官方出入口座標；時間＝路徑距離÷80 公尺/分，不含等紅燈,platform_coord,123.49,100.11,研究日查得刊登頁，實際可售狀態待確認,2,信義房屋:5466VW | 永慶房屋:6697954,https://www.sinyi.com.tw/buy/house/5466VW | https://buy.yungching.com.tw/house/6697954,2026-09-20T13:28:44+08:00 | 2026-09-20T13:31:54+08:00,,,,,主建物 42.82 坪，高於門檻 16.8 坪,屋齡 48.1 年：貸款年限與成數可能受限（各銀行不同，未假設你的條件）、管線與防水需檢查,現況是否為隔套收租產品待確認
XA-221,優先看屋,信義安和大土持獨棟華廈,,台北市大安區安和路一段,大安區,中古屋,華廈,集合住宅,4房2廳2衛1室,3,6,50.3,有,每月約 600 元。,5328,5328,無,,,,符合,5328,"無車位，總價：5,328 萬 ≤ 預算 8,000 萬",39.22,4.2,43.42,,6.56,,49.99,符合,符合,主建物符合 26 坪,1,202.1,3,地圖估算：OpenStreetMap 步行路網路由（routing.openstreetmap.de，foot profile），起點＝信義房屋刊登頁提供的物件座標，終點＝官方出入口座標；時間＝路徑距離÷80 公尺/分，不含等紅燈,platform_coord,135.85,106.58,研究日查得刊登頁，實際可售狀態待確認,1,信義房屋:5481DR,https://www.sinyi.com.tw/buy/house/5481DR,2026-09-20T13:28:47+08:00,待確認：公開地址只到安和路一段；頁面一張環境照是單線巷道（可遠眺台北101），但無法確認是不是本棟門前。,捷運信義安和站（信義房屋頁面：出口1 約200公尺）、仁愛國小、仁愛國中（文案提及）、通化街／臨江街商圈與市場（頁面標籤：近市場、近超市）,是,,"主建物 39.22 坪、一層一戶電梯華廈、步行約 3 分鐘，總價 5,328 萬",格局圖標註「陽台外移及向外擴大加蓋」，屋齡 50 年、無管理員，且查無同棟成交可比價,確切門牌（臨安和路一段還是巷內）與完工日。；增建的範圍、結構形式（是否懸挑）、有無被查報或列管。；梯間是登記在主建物還是共有部分；建物測量成果圖。；使用分區證明（住四之一、容積 400% 的說法）。；全棟戶數、管理方式、電梯保養與更新紀錄、公共基金。；海砂（氯離子）、輻射、耐震資料；漏水與修繕紀錄。
XA-222,優先看屋,榆園華廈｜太平洋榆園美妝朝南有管理,榆園華廈,台北市大安區信義路四段,大安區,中古屋,華廈,住家用,3房2廳2衛1室,3,7,46.8,有,"每月約 2,700 元。",4688,4688,無,,,,符合,4688,"無車位，總價：4,688 萬 ≤ 預算 8,000 萬",35.22,4.84,40.06,,5.16,,45.23,符合,符合,主建物符合 26 坪,5,374.7,5,地圖估算：OpenStreetMap 步行路網路由（routing.openstreetmap.de，foot profile），起點＝信義房屋刊登頁提供的物件座標，終點＝官方出入口座標；時間＝路徑距離÷80 公尺/分，不含等紅燈,platform_coord,133.11,103.65,研究日查得刊登頁，實際可售狀態待確認,1,信義房屋:5572UP,https://www.sinyi.com.tw/buy/house/5572UP,2026-09-20T13:27:49+08:00,,,,,步行約 5 分到捷運出入口,屋齡 46.8 年：貸款年限與成數可能受限（各銀行不同，未假設你的條件）、管線與防水需檢查,
XA-223,優先看屋,白宮｜敦南白宮★高樓綠意邊間,白宮,台北市大安區敦化南路一段,大安區,中古屋,電梯大樓,集合住宅,2房1廳1衛,9,14,51.6,有,,5068,5068,無,,,,符合,5068,"無車位，總價：5,068 萬 ≤ 預算 8,000 萬",28.15,2.57,30.72,,6.79,,37.51,符合,符合,主建物符合 26 坪,1,733.8,9.5,地圖估算：OpenStreetMap 步行路網路由（routing.openstreetmap.de，foot profile），起點＝信義房屋刊登頁提供的物件座標，終點＝官方出入口座標；時間＝路徑距離÷80 公尺/分，不含等紅燈,platform_coord,180.04,135.11,研究日查得刊登頁，實際可售狀態待確認,1,信義房屋:5592TV,https://www.sinyi.com.tw/buy/house/5592TV,2026-09-20T13:28:25+08:00,,,,,總價 5068 萬，保留較多預算空間,屋齡 51.6 年：貸款年限與成數可能受限（各銀行不同，未假設你的條件）、管線與防水需檢查,步行時間落在分界附近或各平台座標差異大：需以實際門牌實走確認；管理費未揭露
XA-224,優先看屋,三面採光高樓四房,,台北市大安區四維路,大安區,中古屋,華廈,住家用,4房2廳2衛,5,7,49.5,有,"每月約 1,000 元。",5388,5388,無,,,,符合,5388,"無車位，總價：5,388 萬 ≤ 預算 8,000 萬",41.49,7.72,49.21,,6.45,,55.66,符合,符合,主建物符合 26 坪,1,927.6,12,地圖估算：OpenStreetMap 步行路網路由（routing.openstreetmap.de，foot profile），起點＝信義房屋刊登頁提供的物件座標，終點＝官方出入口座標；時間＝路徑距離÷80 公尺/分，不含等紅燈,platform_coord,129.86,96.80,研究日查得刊登頁，實際可售狀態待確認,1,信義房屋:5629HT,https://www.sinyi.com.tw/buy/house/5629HT,2026-09-20T13:28:54+08:00,,,,,主建物 41.49 坪，高於門檻 15.5 坪,屋齡 49.5 年：貸款年限與成數可能受限（各銀行不同，未假設你的條件）、管線與防水需檢查,
XA-225,先補資料再決定,店長推薦光復南路方正三房,,台北市大安區光復南路,大安區,中古屋,電梯大樓,住家用,3房2廳2衛,9,12,39.1,有,"每月約 2,610 元。",3688,3688,無,,,,符合,3688,"無車位，總價：3,688 萬 ≤ 預算 8,000 萬",22.32,4.47,26.79,,7.7,,34.5,不符合,符合,主＋附符合26坪；主建物未達26坪,5,628.8,8,地圖估算：OpenStreetMap 步行路網路由（routing.openstreetmap.de，foot profile），起點＝信義房屋刊登頁提供的物件座標，終點＝官方出入口座標；時間＝路徑距離÷80 公尺/分，不含等紅燈,platform_coord,165.23,106.90,研究日查得刊登頁，實際可售狀態待確認,1,信義房屋:5750MF,https://www.sinyi.com.tw/buy/house/5750MF,2026-09-20T13:25:54+08:00,,,,,步行約 8 分，屬優先範圍,屋齡 39.1 年：需留意管線、防水與貸款年限,
XA-226,目前不符合條件,【精選】正祥大廈,,台北市大安區復興南路二段,大安區,中古屋,華廈,住家用,3房2廳2衛,5,7,48,有,"每月約 2,180 元。",3288,3288,無,,,,符合,3288,"無車位，總價：3,288 萬 ≤ 預算 8,000 萬",27.94,1.6,29.54,,4.47,,34.02,符合,符合,主建物符合 26 坪,2A,1213.5,15.5,地圖估算：OpenStreetMap 步行路網路由（routing.openstreetmap.de，foot profile），起點＝信義房屋刊登頁提供的物件座標，終點＝官方出入口座標；時間＝路徑距離÷80 公尺/分，不含等紅燈,platform_coord,117.68,96.65,研究日查得刊登頁，實際可售狀態待確認,1,信義房屋:5785MR,https://www.sinyi.com.tw/buy/house/5785MR,2026-09-20T13:25:01+08:00,,,,,公設比低（約 13%）,步行超過 15 分鐘,步行時間落在分界附近或各平台座標差異大：需以實際門牌實走確認
XA-227,先補資料再決定,【低總價】國父紀念館１樓,,台北市信義區光復南路,信義區,中古屋,華廈,住家用,3房1廳1衛1室,1,7,48.1,有,,3998,3998,無,,,,符合,3998,"無車位，總價：3,998 萬 ≤ 預算 8,000 萬",23.03,4.75,27.78,,,,27.78,不符合,符合,主＋附符合26坪；主建物未達26坪,5,689.9,9,地圖估算：OpenStreetMap 步行路網路由（routing.openstreetmap.de，foot profile），起點＝信義房屋刊登頁提供的物件座標，終點＝官方出入口座標；時間＝路徑距離÷80 公尺/分，不含等紅燈,platform_coord,173.60,143.92,研究日查得刊登頁，實際可售狀態待確認,1,信義房屋:5946JV,https://www.sinyi.com.tw/buy/house/5946JV,2026-09-20T13:26:33+08:00,,,,,步行約 9 分，屬優先範圍,屋齡 48.1 年：貸款年限與成數可能受限（各銀行不同，未假設你的條件）、管線與防水需檢查,步行時間落在分界附近或各平台座標差異大：需以實際門牌實走確認；管理費未揭露
XA-229,優先看屋,大土持雙併公寓黃金三樓,,台北市信義區嘉興街,信義區,中古屋,公寓,住家用,3房2廳2衛,3,4,53.8,無,,2730,2730,無,,,,符合,2730,"無車位，總價：2,730 萬 ≤ 預算 8,000 萬",31.82,4.63,36.45,,,,36.45,符合,符合,主建物符合 26 坪,4,1035.6,13,地圖估算：OpenStreetMap 步行路網路由（routing.openstreetmap.de，foot profile），起點＝信義房屋刊登頁提供的物件座標，終點＝官方出入口座標；時間＝路徑距離÷80 公尺/分，不含等紅燈,platform_coord,85.80,74.90,研究日查得刊登頁，實際可售狀態待確認,1,信義房屋:6460YW,https://www.sinyi.com.tw/buy/house/6460YW,2026-09-20T13:24:12+08:00,,,,,總價 2730 萬，保留較多預算空間,屋齡 53.8 年：貸款年限與成數可能受限（各銀行不同，未假設你的條件）、管線與防水需檢查,管理費未揭露
XA-230,先補資料再決定,安和遠企★頂加美寓,,台北市大安區樂利路,大安區,中古屋,公寓,住家用,3房2廳2.5衛1室,4,4,50.8,無,"每月約 1,000 元。",2980,2980,無,,,,符合,2980,"無車位，總價：2,980 萬 ≤ 預算 8,000 萬",28.47,5.6,34.07,,,,34.06,待確認,待確認,面積待確認,4,641,8.5,地圖估算：OpenStreetMap 步行路網路由（routing.openstreetmap.de，foot profile），起點＝信義房屋刊登頁提供的物件座標，終點＝官方出入口座標；時間＝路徑距離÷80 公尺/分，不含等紅燈,platform_coord,104.67,87.49,研究日查得刊登頁，實際可售狀態待確認,1,信義房屋:6539BK,https://www.sinyi.com.tw/buy/house/6539BK,2026-09-20T13:24:34+08:00,,,,,步行約 8.5 分，屬優先範圍,面積待確認,現況是否為隔套收租產品待確認；無電梯公寓且刊登頁無共有部分：樓梯間可能已計入主建物登記面積，扣除後可能低於 26 坪，需調閱謄本與建物測量成果圖核對
XA-231,先補資料再決定,嘉興旺宅黃金屋,,台北市信義區嘉興街,信義區,中古屋,公寓,住家用,4房4衛,1,4,51.8,無,,3180,3180,無,,,,符合,3180,"無車位，總價：3,180 萬 ≤ 預算 8,000 萬",25.83,2.76,28.59,,,,28.59,不符合,符合,主＋附符合26坪；主建物未達26坪,4,1032.8,13,地圖估算：OpenStreetMap 步行路網路由（routing.openstreetmap.de，foot profile），起點＝信義房屋刊登頁提供的物件座標，終點＝官方出入口座標；時間＝路徑距離÷80 公尺/分，不含等紅燈,platform_coord,123.11,111.23,研究日查得刊登頁，實際可售狀態待確認,1,信義房屋:68840Q,https://www.sinyi.com.tw/buy/house/68840Q,2026-09-20T13:24:48+08:00,,,,,（目前沒有明確優勢）,屋齡 51.8 年：貸款年限與成數可能受限（各銀行不同，未假設你的條件）、管線與防水需檢查,管理費未揭露
XA-232,先補資料再決定,潤泰安和生活館｜安和首選電梯三房,潤泰安和生活館,台北市大安區安和路二段,大安區,中古屋,華廈,商業用,3房2廳2衛1室,9,9,29.8,有,"每月約 5,655 元。",4480,4480,無,,,,符合,4480,"無車位，總價：4,480 萬 ≤ 預算 8,000 萬",28.34,3.57,31.91,,15.19,,47.1,符合,符合,主建物符合 26 坪,2A,328.2,4.5,地圖估算：OpenStreetMap 步行路網路由（routing.openstreetmap.de，foot profile），起點＝信義房屋刊登頁提供的物件座標，終點＝官方出入口座標；時間＝路徑距離÷80 公尺/分，不含等紅燈,platform_coord,158.08,95.12,研究日查得刊登頁，實際可售狀態待確認,1,信義房屋:6894TN,https://www.sinyi.com.tw/buy/house/6894TN,2026-09-20T13:27:12+08:00,推定臨安和路二段（次要幹道，沿線餐飲與酒吧多）：平台地址只到路段、沒有巷弄；座標在私立立人國中小北側約 40 公尺。實價登錄推定同棟門牌為安和路二段81號（非平台揭露），是否正面臨路與開窗面向待現場確認。,信義安和站出口2A 約 316 公尺（平台計算）、私立立人國中小約 40 公尺（僅距離）、Mia C'bon 超市約 131 公尺、全聯約 192 公尺、通化街夜市約 308 公尺、YouBike 站約 63 公尺,是,,"主建物 28.34 坪（A 口徑符合）、步行約 4.5 分鐘到捷運、有電梯與 24 小時保全，總價 4,480 萬遠低於預算",謄本登記為「商業用」且為頂樓，同棟混有小坪數商業用套房；貸款、稅負與居住單純度都要先確認,使用執照的原核准用途，以及能否變更為住宅使用；商業用登記下，銀行對本社區的實際核貸情形（事實面，非針對你的條件）；目前房屋稅與地價稅的課徵稅率；全棟戶數、各樓層產品組成與用途比例、管委會規約（營業、短租限制）；屋頂平台使用權、屋頂防水施作時間與保固、屋頂有無增建物；「1室」的位置、大小與有無對外窗；現況格局是否與竣工圖相同；社區有無車位可租或可購；同棟大坪數戶的成交紀錄（本專案實價資料只有 1 筆小套房）
XA-233,目前不符合條件,三興公園旁邊間美寓,,台北市信義區吳興街,信義區,中古屋,公寓,住家用,3房2廳1衛,4,4,50,無,,2568,2568,無,,,,符合,2568,"無車位，總價：2,568 萬 ≤ 預算 8,000 萬",25.53,3.43,28.96,,,,28.96,不符合,符合,主＋附符合26坪；主建物未達26坪,4,1204.7,15.5,地圖估算：OpenStreetMap 步行路網路由（routing.openstreetmap.de，foot profile），起點＝信義房屋刊登頁提供的物件座標，終點＝官方出入口座標；時間＝路徑距離÷80 公尺/分，不含等紅燈,platform_coord,100.59,88.67,研究日查得刊登頁，實際可售狀態待確認,1,信義房屋:6900KW,https://www.sinyi.com.tw/buy/house/6900KW,2026-09-20T13:24:00+08:00,,,,,（目前沒有明確優勢）,步行超過 15 分鐘,步行時間落在分界附近或各平台座標差異大：需以實際門牌實走確認；管理費未揭露
XA-234,先補資料再決定,頂加●安和邊間採光大三房,,台北市大安區通化街,大安區,中古屋,公寓,住家用,3房2廳2衛1室,5,5,47.3,無,,2688,2688,無,,,,符合,2688,"無車位，總價：2,688 萬 ≤ 預算 8,000 萬",26.93,6.93,33.86,,,,33.87,待確認,待確認,面積待確認,4,443.8,6,地圖估算：OpenStreetMap 步行路網路由（routing.openstreetmap.de，foot profile），起點＝信義房屋刊登頁提供的物件座標，終點＝官方出入口座標；時間＝路徑距離÷80 公尺/分，不含等紅燈,platform_coord,99.81,79.36,研究日查得刊登頁，實際可售狀態待確認,1,信義房屋:6915XC,https://www.sinyi.com.tw/buy/house/6915XC,2026-09-20T13:24:09+08:00,,,,,步行約 6 分，屬優先範圍,面積待確認,現況是否為隔套收租產品待確認；無電梯公寓且刊登頁無共有部分：樓梯間可能已計入主建物登記面積，扣除後可能低於 26 坪，需調閱謄本與建物測量成果圖核對；管理費未揭露
XA-235,優先看屋,鴻福大樓｜信義安和高樓三房全日管理,鴻福大樓,台北市大安區仁愛路四段,大安區,中古屋,電梯大樓,住家用,3房2廳2衛1室,14,14,43.1,有,"每月約 2,975 元。",3688,3688,無,,,,符合,3688,"無車位，總價：3,688 萬 ≤ 預算 8,000 萬",28.33,2.84,31.17,,3.94,,35.11,符合,符合,主建物符合 26 坪,1,236.3,3,地圖估算：OpenStreetMap 步行路網路由（routing.openstreetmap.de，foot profile），起點＝信義房屋刊登頁提供的物件座標，終點＝官方出入口座標；時間＝路徑距離÷80 公尺/分，不含等紅燈,platform_coord,130.18,105.04,研究日查得刊登頁，實際可售狀態待確認,1,信義房屋:7099PY,https://www.sinyi.com.tw/buy/house/7099PY,2026-09-20T13:25:56+08:00,,,,,步行約 3 分到捷運出入口,屋齡 43.1 年：貸款年限與成數可能受限（各銀行不同，未假設你的條件）、管線與防水需檢查,
XA-236,優先看屋,仁愛圓環雙併華廈,,台北市大安區仁愛路四段,大安區,中古屋,華廈,住家用,1廳2衛3室,2,7,43.7,有,每月約 500 元。,3870,3870,無,,,,符合,3870,"無車位，總價：3,870 萬 ≤ 預算 8,000 萬",29.38,4.55,33.93,,5.56,,39.48,符合,符合,主建物符合 26 坪,1,715.1,9,地圖估算：OpenStreetMap 步行路網路由（routing.openstreetmap.de，foot profile），起點＝信義房屋刊登頁提供的物件座標，終點＝官方出入口座標；時間＝路徑距離÷80 公尺/分，不含等紅燈,platform_coord,131.72,98.02,研究日查得刊登頁，實際可售狀態待確認,1,信義房屋:7236AR,https://www.sinyi.com.tw/buy/house/7236AR,2026-09-20T13:26:11+08:00,,,,,公設比低（約 14%）,屋齡 43.7 年：貸款年限與成數可能受限（各銀行不同，未假設你的條件）、管線與防水需檢查,步行時間落在分界附近或各平台座標差異大：需以實際門牌實走確認
XA-237,優先看屋,仁愛三青｜專任仁愛路附車位大空間,仁愛三青,台北市大安區仁愛路四段,大安區,中古屋,電梯大樓,住家用,4房1廳2衛,9,14,44.6,有,"每月約 3,000 元。",7499,7499,有,是,450,,符合,7499,"含車位總價：7,499 萬 ≤ 預算 8,000 萬",39.74,6.07,45.81,,8.4,16.93,71.15,符合,符合,主建物符合 26 坪,5,724.5,9.5,地圖估算：OpenStreetMap 步行路網路由（routing.openstreetmap.de，foot profile），起點＝信義房屋刊登頁提供的物件座標，終點＝官方出入口座標；時間＝路徑距離÷80 公尺/分，不含等紅燈,platform_coord,177.38,130.01,研究日查得刊登頁，實際可售狀態待確認,1,信義房屋:7405GG,https://www.sinyi.com.tw/buy/house/7405GG,2026-09-20T13:31:25+08:00,,,,,主建物 39.74 坪，高於門檻 13.7 坪,屋齡 44.6 年：貸款年限與成數可能受限（各銀行不同，未假設你的條件）、管線與防水需檢查,步行時間落在分界附近或各平台座標差異大：需以實際門牌實走確認
XA-238,先補資料再決定,大安穩定被動收入置產透天,,台北市大安區通化街,大安區,中古屋,透天,住家用,6房6衛,1-3,3,38.3,,,3998,3998,無,,,,符合,3998,"無車位，總價：3,998 萬 ≤ 預算 8,000 萬",30.83,,,,,,30.83,待確認,待確認,面積待確認,4,615.7,8,地圖估算：OpenStreetMap 步行路網路由（routing.openstreetmap.de，foot profile），起點＝信義房屋刊登頁提供的物件座標，終點＝官方出入口座標；時間＝路徑距離÷80 公尺/分，不含等紅燈,platform_coord,129.68,129.68,研究日查得刊登頁，實際可售狀態待確認,1,信義房屋:7765DT,https://www.sinyi.com.tw/buy/house/7765DT,2026-09-20T13:32:32+08:00,,,,,步行約 8 分，屬優先範圍,面積待確認,現況是否為隔套收租產品待確認；刊登頁的主建物等於總建坪（30.83 坪），沒有附屬建物與共有部分的拆分：平台可能未拆分陽台、樓梯間或公設，主建物實際數字需以謄本確認；附屬建物坪數未揭露；管理費未揭露
XA-240,先補資料再決定,信儀大廈｜信義路三段上【信義大廈】,信儀大廈,台北市大安區信義路三段,大安區,中古屋,電梯大樓,商業用,4房1廳1衛,4,12,44.4,有,"每月約 5,200 元。(車位管理費包含在大樓管理費內 / 月繳)",6500,6500,有,是,500,,符合,6500,"含車位總價：6,500 萬 ≤ 預算 8,000 萬",38.86,5.58,44.44,,6.63,30.89,81.95,符合,符合,主建物符合 26 坪,2,956.4,12,地圖估算：OpenStreetMap 步行路網路由（routing.openstreetmap.de，foot profile），起點＝信義房屋刊登頁提供的物件座標，終點＝官方出入口座標；時間＝路徑距離÷80 公尺/分，不含等紅燈,platform_coord,154.40,117.51,研究日查得刊登頁，實際可售狀態待確認,1,信義房屋:7847WW,https://www.sinyi.com.tw/buy/house/7847WW,2026-09-20T13:30:38+08:00,,,,,主建物 38.86 坪，高於門檻 12.9 坪,住宅用途待確認,登記用途含非純住家項目（商業用）：能否作住宅使用、貸款成數與稅率需另行確認；不列入優先看屋
XA-241,目前不符合條件,大安區地上權透天,,台北市大安區通化街,大安區,中古屋,透天,住家用,3房1廳3衛,1-3,3,39.9,,,2500,2500,無,,,,符合,2500,"無車位，總價：2,500 萬 ≤ 預算 8,000 萬",31.04,,,,,,31.04,待確認,待確認,面積待確認,4,363.2,5,地圖估算：OpenStreetMap 步行路網路由（routing.openstreetmap.de，foot profile），起點＝信義房屋刊登頁提供的物件座標，終點＝官方出入口座標；時間＝路徑距離÷80 公尺/分，不含等紅燈,platform_coord,80.54,80.54,研究日查得刊登頁，實際可售狀態待確認,1,信義房屋:78593V,https://www.sinyi.com.tw/buy/house/78593V,2026-09-20T13:32:29+08:00,,,,,步行約 5 分到捷運出入口,面積待確認,刊登頁的主建物等於總建坪（31.04 坪），沒有附屬建物與共有部分的拆分：平台可能未拆分陽台、樓梯間或公設，主建物實際數字需以謄本確認；附屬建物坪數未揭露；管理費未揭露
XA-242,優先看屋,專任信義安和壹層壹戶,,台北市大安區信義路四段,大安區,中古屋,華廈,住家用,1廳2衛5室,2,7,44.4,有,"每月約 1,900 元。",7180,7180,無,,,,符合,7180,"無車位，總價：7,180 萬 ≤ 預算 8,000 萬",47.66,8.44,56.1,,5.56,,61.66,符合,符合,主建物符合 26 坪,1,159.5,2,地圖估算：OpenStreetMap 步行路網路由（routing.openstreetmap.de，foot profile），起點＝信義房屋刊登頁提供的物件座標，終點＝官方出入口座標；時間＝路徑距離÷80 公尺/分，不含等紅燈,platform_coord,150.65,116.45,研究日查得刊登頁，實際可售狀態待確認,1,信義房屋:7896HM,https://www.sinyi.com.tw/buy/house/7896HM,2026-09-20T13:31:18+08:00,,,,,步行約 2 分到捷運出入口,屋齡 44.4 年：貸款年限與成數可能受限（各銀行不同，未假設你的條件）、管線與防水需檢查,
XA-244,目前不符合條件,瑞安信義高樓名邸,,台北市大安區信義路四段,大安區,中古屋,電梯大樓,第２組多戶住宅 ／ 其他,2房2廳2衛1室,11,13,1.8,有,(車位管理費包含在大樓管理費內 / 月繳),8500,8500,有,是,450,,超出預算,8500,"含車位總價：8,500 萬 > 預算 8,000 萬",22.06,4.45,26.51,,13.11,10.02,49.64,不符合,符合,主＋附符合26坪；主建物未達26坪,2,864.9,11,地圖估算：OpenStreetMap 步行路網路由（routing.openstreetmap.de，foot profile），起點＝信義房屋刊登頁提供的物件座標，終點＝官方出入口座標；時間＝路徑距離÷80 公尺/分，不含等紅燈,platform_coord,364.91,203.18,研究日查得刊登頁，實際可售狀態待確認,2,信義房屋:8000MP | 永慶房屋:7399928,https://www.sinyi.com.tw/buy/house/8000MP | https://buy.yungching.com.tw/house/7399928,2026-09-20T13:32:07+08:00 | 2026-09-20T13:30:00+08:00,,,,,屋齡 1.8 年，相對較新,"超出 8,000 萬預算",步行時間落在分界附近或各平台座標差異大：需以實際門牌實走確認；登記用途含非純住家項目（其他）：能否作住宅使用、貸款成數與稅率需另行確認；不列入優先看屋
XA-246,優先看屋,國泰仁愛大廈-忠區｜國泰仁愛邊間美宅,國泰仁愛大廈-忠區,台北市大安區仁愛路四段,大安區,中古屋,華廈,住家用,4房2廳2衛,3,7,46.1,有,"每月約 1,200 元。",5988,5988,無,,,,符合,5988,"無車位，總價：5,988 萬 ≤ 預算 8,000 萬",42.69,7.81,50.5,,2.1,,52.61,符合,符合,主建物符合 26 坪,1,418.1,5.5,地圖估算：OpenStreetMap 步行路網路由（routing.openstreetmap.de，foot profile），起點＝信義房屋刊登頁提供的物件座標，終點＝官方出入口座標；時間＝路徑距離÷80 公尺/分，不含等紅燈,platform_coord,140.27,113.82,研究日查得刊登頁，實際可售狀態待確認,1,信義房屋:8205GT,https://www.sinyi.com.tw/buy/house/8205GT,2026-09-20T13:29:57+08:00,,,,,主建物 42.69 坪，高於門檻 16.7 坪,屋齡 46.1 年：貸款年限與成數可能受限（各銀行不同，未假設你的條件）、管線與防水需檢查,
XA-247,先補資料再決定,壯闊落成•大安崗石三房,,台北市大安區信義路四段,大安區,中古屋,電梯大樓,第２組多戶住宅,3房2廳2衛,7,13,1.9,有,"每月約 5,149 元。(車位管理費另繳納 800 元 / 月繳)",7580,7580,有,是,400,,符合,7580,"含車位總價：7,580 萬 ≤ 預算 8,000 萬",22.06,4.45,26.51,,13.11,11.59,51.21,不符合,符合,主＋附符合26坪；主建物未達26坪,2,864.9,11,地圖估算：OpenStreetMap 步行路網路由（routing.openstreetmap.de，foot profile），起點＝信義房屋刊登頁提供的物件座標，終點＝官方出入口座標；時間＝路徑距離÷80 公尺/分，不含等紅燈,platform_coord,325.48,181.22,研究日查得刊登頁，實際可售狀態待確認,1,信義房屋:8407SC,https://www.sinyi.com.tw/buy/house/8407SC,2026-09-20T13:31:33+08:00,,,,,屋齡 1.9 年，相對較新,步行時間落在分界附近或各平台座標差異大：需以實際門牌實走確認,步行時間落在分界附近或各平台座標差異大：需以實際門牌實走確認
XA-248,先補資料再決定,敦南首都｜３千萬內買大安區三房,敦南首都,台北市大安區和平東路三段,大安區,中古屋,電梯大樓,商業用,3房1廳2衛1室,3,12,40.6,有,"每月約 1,678 元。",2988,2988,無,,,,符合,2988,"無車位，總價：2,988 萬 ≤ 預算 8,000 萬",23.64,2.77,26.41,,5.58,,31.99,不符合,符合,主＋附符合26坪；主建物未達26坪,2A,1072.6,13.5,地圖估算：OpenStreetMap 步行路網路由（routing.openstreetmap.de，foot profile），起點＝信義房屋刊登頁提供的物件座標，終點＝官方出入口座標；時間＝路徑距離÷80 公尺/分，不含等紅燈,platform_coord,126.40,93.40,研究日查得刊登頁，實際可售狀態待確認,1,信義房屋:8467KT,https://www.sinyi.com.tw/buy/house/8467KT,2026-09-20T13:24:41+08:00,,,,,（目前沒有明確優勢）,住宅用途待確認,登記用途含非純住家項目（商業用）：能否作住宅使用、貸款成數與稅率需另行確認；不列入優先看屋
XA-249,先補資料再決定,瑞安稀有一樓大空間,,台北市大安區瑞安街,大安區,中古屋,公寓,住家用,1房2廳,1,4,56.8,無,,3980,3980,無,,,,符合,3980,"無車位，總價：3,980 萬 ≤ 預算 8,000 萬",24.59,,,,,,24.59,不符合,待確認,面積待確認,2,1043.9,13.5,地圖估算：OpenStreetMap 步行路網路由（routing.openstreetmap.de，foot profile），起點＝信義房屋刊登頁提供的物件座標，終點＝官方出入口座標；時間＝路徑距離÷80 公尺/分，不含等紅燈,platform_coord,161.85,161.85,研究日查得刊登頁，實際可售狀態待確認,1,信義房屋:8555RN,https://www.sinyi.com.tw/buy/house/8555RN,2026-09-20T13:26:28+08:00,,,,,（目前沒有明確優勢）,屋齡 56.8 年：貸款年限與成數可能受限（各銀行不同，未假設你的條件）、管線與防水需檢查,刊登頁的主建物等於總建坪（24.59 坪），沒有附屬建物與共有部分的拆分：平台可能未拆分陽台、樓梯間或公設，主建物實際數字需以謄本確認；附屬建物坪數未揭露；管理費未揭露
XA-250,目前不符合條件,昇陽國際３６０,,台北市信義區基隆路一段,信義區,預售屋,電梯大樓,,2廳2衛,10,31,,有,,8098,8098,有,是,400,,超出預算,8098,"含車位總價：8,098 萬 > 預算 8,000 萬",21.15,5.39,26.54,,13.82,12.66,53.02,不符合,符合,主＋附符合26坪；主建物未達26坪,5,932.7,12,地圖估算：OpenStreetMap 步行路網路由（routing.openstreetmap.de，foot profile），起點＝信義房屋刊登頁提供的物件座標，終點＝官方出入口座標；時間＝路徑距離÷80 公尺/分，不含等紅燈,platform_coord,363.97,190.73,研究日查得刊登頁，實際可售狀態待確認,1,信義房屋:8681SJ,https://www.sinyi.com.tw/buy/house/8681SJ,2026-09-20T13:31:57+08:00,,,,,（目前沒有明確優勢）,"超出 8,000 萬預算",預計交屋時間刊登頁未揭露，需向代銷或建商確認；謄本登記用途未揭露（需確認為住家用）；管理費未揭露
XA-251,優先看屋,華美聯合大廈｜仁愛華美＊都更大戶,華美聯合大廈,台北市大安區仁愛路四段,大安區,中古屋,電梯大樓,住家用,3房1廳1衛1室,5,12,55.5,有,,6136,6136,無,,,,符合,6136,"無車位，總價：6,136 萬 ≤ 預算 8,000 萬",28.05,2.92,30.97,,,,30.97,符合,符合,主建物符合 26 坪,1,968.6,12.5,地圖估算：OpenStreetMap 步行路網路由（routing.openstreetmap.de，foot profile），起點＝信義房屋刊登頁提供的物件座標，終點＝官方出入口座標；時間＝路徑距離÷80 公尺/分，不含等紅燈,platform_coord,218.75,198.13,研究日查得刊登頁，實際可售狀態待確認,1,信義房屋:8695TS,https://www.sinyi.com.tw/buy/house/8695TS,2026-09-20T13:30:14+08:00,,,,,主建物達 26 坪且在預算內,屋齡 55.5 年：貸款年限與成數可能受限（各銀行不同，未假設你的條件）、管線與防水需檢查,管理費未揭露
XA-252,優先看屋,仁愛御府｜【主推】東區仁愛御府４房,仁愛御府,台北市大安區仁愛路四段,大安區,中古屋,華廈,住家用,4房2廳2衛1室,3,6,40.3,有,"每月約 4,813 元。",6300,6300,無,,,,符合,6300,"無車位，總價：6,300 萬 ≤ 預算 8,000 萬",43.6,6.08,49.68,,4.51,,54.19,符合,符合,主建物符合 26 坪,1,776.5,10,地圖估算：OpenStreetMap 步行路網路由（routing.openstreetmap.de，foot profile），起點＝信義房屋刊登頁提供的物件座標，終點＝官方出入口座標；時間＝路徑距離÷80 公尺/分，不含等紅燈,platform_coord,144.50,116.26,研究日查得刊登頁，實際可售狀態待確認,1,信義房屋:8721KR,https://www.sinyi.com.tw/buy/house/8721KR,2026-09-20T13:30:26+08:00,,,,,主建物 43.6 坪，高於門檻 17.6 坪,屋齡 40.3 年：貸款年限與成數可能受限（各銀行不同，未假設你的條件）、管線與防水需檢查,步行時間落在分界附近或各平台座標差異大：需以實際門牌實走確認
XA-254,優先看屋,【專任】大安典雅美寓,,台北市大安區樂利路,大安區,中古屋,公寓,集合住宅,3房2廳2衛,2,5,49.7,無,,3888,3888,無,,,,符合,3888,"無車位，總價：3,888 萬 ≤ 預算 8,000 萬",38.39,6.47,44.86,,,,44.87,符合,符合,主建物符合 26 坪,2A,646,8.5,地圖估算：OpenStreetMap 步行路網路由（routing.openstreetmap.de，foot profile），起點＝信義房屋刊登頁提供的物件座標，終點＝官方出入口座標；時間＝路徑距離÷80 公尺/分，不含等紅燈,platform_coord,101.28,86.65,研究日查得刊登頁，實際可售狀態待確認,1,信義房屋:8941YY,https://www.sinyi.com.tw/buy/house/8941YY,2026-09-20T13:26:21+08:00,待確認：公開地址只到「樂利路」。樂利路是住宅區內的次要道路，不是信義路、敦化南路、基隆路這類幹道；本戶是正面臨樂利路還是在巷內，需問門牌。平台資料顯示 26 公尺處有 YouBike 站。,全聯福利中心（平台標示約 220 公尺）、city'super／遠企一帶（平台標示約 250 公尺）、成功市場（平台標示約 350 公尺）、捷運六張犁站（平台標示 549 公尺、8.4 分）、捷運信義安和站出口2A（平台標示 652 公尺、9.2 分）,是,,主建物 38.39 坪的 2 樓一層一戶，登記住宅、無車位無公設灌水問題,目前出租中且格局圖標明三處陽台外移，屋齡近 50 年無電梯,租約內容（租期、租金、押金、是否公證）與交屋條件；建築完成日期與使用執照資料；完整門牌（臨樂利路或巷內）；陽台外推的施作年份與有無查報紀錄；管線更新與修漏紀錄；海砂（氯離子）、輻射檢測資料；頂樓與 1 樓現況、公共費用分攤方式
XA-255,優先看屋,安居樂利自成境｜電梯三房,,台北市大安區樂利路,大安區,中古屋,華廈,住家用,3房2廳2衛1室,5,7,40.7,有,每月約 600 元。,3750,3750,無,,,,符合,3750,"無車位，總價：3,750 萬 ≤ 預算 8,000 萬",31.45,4.26,35.71,,2.25,,37.96,符合,符合,主建物符合 26 坪,4,843.4,11,地圖估算：OpenStreetMap 步行路網路由（routing.openstreetmap.de，foot profile），起點＝信義房屋刊登頁提供的物件座標，終點＝官方出入口座標；時間＝路徑距離÷80 公尺/分，不含等紅燈,platform_coord,119.24,98.79,研究日查得刊登頁，實際可售狀態待確認,1,信義房屋:9041VK,https://www.sinyi.com.tw/buy/house/9041VK,2026-09-20T13:26:04+08:00,,,,,公設比低（約 6%）,屋齡 40.7 年：貸款年限與成數可能受限（各銀行不同，未假設你的條件）、管線與防水需檢查,步行時間落在分界附近或各平台座標差異大：需以實際門牌實走確認
XA-256,先補資料再決定,忠孝敦化收租美屋,,台北市大安區忠孝東路四段,大安區,中古屋,公寓,住家用,7房7衛,4,5,47,無,"每月約 1,000 元。",4388,4388,無,,,,符合,4388,"無車位，總價：4,388 萬 ≤ 預算 8,000 萬",41.39,7.44,48.83,,,,48.83,符合,符合,主建物符合 26 坪,1,806.2,10.5,地圖估算：OpenStreetMap 步行路網路由（routing.openstreetmap.de，foot profile），起點＝信義房屋刊登頁提供的物件座標，終點＝官方出入口座標；時間＝路徑距離÷80 公尺/分，不含等紅燈,platform_coord,106.02,89.86,研究日查得刊登頁，實際可售狀態待確認,1,信義房屋:93069G,https://www.sinyi.com.tw/buy/house/93069G,2026-09-20T13:27:03+08:00,,,,,主建物 41.39 坪，高於門檻 15.4 坪,屋齡 47 年：貸款年限與成數可能受限（各銀行不同，未假設你的條件）、管線與防水需檢查,步行時間落在分界附近或各平台座標差異大：需以實際門牌實走確認；現況是否為隔套收租產品待確認
XA-257,優先看屋,永嘉華廈｜大陸工程忠孝敦化方正名宅,永嘉華廈,台北市大安區忠孝東路四段,大安區,中古屋,華廈,住家用,3房2廳2衛1室,2,7,58,有,"每月約 4,300 元。",5500,5500,無,,,,符合,5500,"無車位，總價：5,500 萬 ≤ 預算 8,000 萬",54.04,,,,,,54.04,符合,符合,主建物符合 26 坪,1,1135.7,14.5,地圖估算：OpenStreetMap 步行路網路由（routing.openstreetmap.de，foot profile），起點＝信義房屋刊登頁提供的物件座標，終點＝官方出入口座標；時間＝路徑距離÷80 公尺/分，不含等紅燈,platform_coord,101.78,101.78,研究日查得刊登頁，實際可售狀態待確認,1,信義房屋:9532GW,https://www.sinyi.com.tw/buy/house/9532GW,2026-09-20T13:29:06+08:00,,,,,主建物 54.04 坪，高於門檻 28.0 坪,屋齡 58 年：貸款年限與成數可能受限（各銀行不同，未假設你的條件）、管線與防水需檢查,步行時間落在分界附近或各平台座標差異大：需以實際門牌實走確認；附屬建物坪數未揭露
XA-258,目前不符合條件,仁愛三普｜仁愛三普面林蔭,仁愛三普,台北市大安區仁愛路四段,大安區,中古屋,電梯大樓,住家用,5房2廳2衛,6,14,46.5,有,"每月約 2,725 元。",8686,8686,無,,,,超出預算,8686,"無車位，總價：8,686 萬 > 預算 8,000 萬",42.76,7.24,50,,6.19,,56.19,符合,符合,主建物符合 26 坪,5,717.7,9,地圖估算：OpenStreetMap 步行路網路由（routing.openstreetmap.de，foot profile），起點＝信義房屋刊登頁提供的物件座標，終點＝官方出入口座標；時間＝路徑距離÷80 公尺/分，不含等紅燈,platform_coord,203.13,154.58,研究日查得刊登頁，實際可售狀態待確認,1,信義房屋:95375Q,https://www.sinyi.com.tw/buy/house/95375Q,2026-09-20T13:32:20+08:00,,,,,主建物 42.76 坪，高於門檻 16.8 坪,"超出 8,000 萬預算",步行時間落在分界附近或各平台座標差異大：需以實際門牌實走確認
XA-259,先補資料再決定,專任信義安和捷運透天,,台北市大安區通化街,大安區,中古屋,透天,住家用,3房2廳3衛,1-3,3,33.3,,,2380,2380,無,,,,符合,2380,"無車位，總價：2,380 萬 ≤ 預算 8,000 萬",27.9,,,,,,27.9,待確認,待確認,面積待確認,4,489.5,6.5,地圖估算：OpenStreetMap 步行路網路由（routing.openstreetmap.de，foot profile），起點＝信義房屋刊登頁提供的物件座標，終點＝官方出入口座標；時間＝路徑距離÷80 公尺/分，不含等紅燈,platform_coord,85.30,85.30,研究日查得刊登頁，實際可售狀態待確認,1,信義房屋:9870VB,https://www.sinyi.com.tw/buy/house/9870VB,2026-09-20T13:32:27+08:00,,,,,步行約 6.5 分，屬優先範圍,面積待確認,現況是否為隔套收租產品待確認；刊登頁的主建物等於總建坪（27.9 坪），沒有附屬建物與共有部分的拆分：平台可能未拆分陽台、樓梯間或公設，主建物實際數字需以謄本確認；附屬建物坪數未揭露；管理費未揭露
XA-260,先補資料再決定,商三特土地持份大/現成收租/未來發展潛力強,,台北市大安區信義路四段,大安區,中古屋,公寓,住家用,8房0廳8衛,4,4,56.83,無,,3000,3000,無,,,,符合,3000,"無車位，總價：3,000 萬 ≤ 預算 8,000 萬",27.64,,,,,,27.64,待確認,待確認,面積待確認,4,308.9,4,地圖估算：OpenStreetMap 步行路網路由（routing.openstreetmap.de，foot profile），起點＝台灣房屋刊登頁提供的物件座標，終點＝官方出入口座標；時間＝路徑距離÷80 公尺/分，不含等紅燈,platform_coord,108.54,108.54,研究日查得刊登頁，實際可售狀態待確認,1,台灣房屋:TA02328341,https://www.twhg.com.tw/buy/TA02328341,2026-09-20T13:24:32+08:00,,,,,步行約 4 分到捷運出入口,面積待確認,現況是否為隔套收租產品待確認；刊登頁的主建物等於總建坪（27.64 坪），沒有附屬建物與共有部分的拆分：平台可能未拆分陽台、樓梯間或公設，主建物實際數字需以謄本確認；附屬建物坪數未揭露；管理費未揭露
XA-261,先補資料再決定,光復南路精華透天高投報,,台北市大安區光復南路,大安區,中古屋,透天(平台原文：透天別墅),,9房2廳8衛,1-2,2,,有,,6388,6388,無,,,,符合,6388,"無車位，總價：6,388 萬 ≤ 預算 8,000 萬",39.52,,,,,,39.52,待確認,待確認,面積待確認,2A,659.6,8.5,地圖估算：OpenStreetMap 步行路網路由（routing.openstreetmap.de，foot profile），起點＝台灣房屋刊登頁提供的物件座標，終點＝官方出入口座標；時間＝路徑距離÷80 公尺/分，不含等紅燈,platform_coord,161.64,161.64,研究日查得刊登頁，實際可售狀態待確認,1,台灣房屋:TA02534286,https://www.twhg.com.tw/buy/TA02534286,2026-09-20T13:27:07+08:00,,,,,主建物 39.52 坪，高於門檻 13.5 坪,面積待確認,現況是否為隔套收租產品待確認；刊登頁的主建物等於總建坪（39.52 坪），沒有附屬建物與共有部分的拆分：平台可能未拆分陽台、樓梯間或公設，主建物實際數字需以謄本確認；附屬建物坪數未揭露；謄本登記用途未揭露（需確認為住家用）；管理費未揭露
XA-262,先補資料再決定,信義安和捷運站▲大空間透天,,台北市大安區通化街,大安區,中古屋,透天(平台原文：透天別墅),住家用,5房3廳6衛,1-3,3,30.75,,,6980,6980,無,,,,符合,6980,"無車位，總價：6,980 萬 ≤ 預算 8,000 萬",47.66,1.52,49.18,,,,49.17,符合,符合,主建物符合 26 坪,4,459.5,6,地圖估算：OpenStreetMap 步行路網路由（routing.openstreetmap.de，foot profile），起點＝台灣房屋刊登頁提供的物件座標，終點＝官方出入口座標；時間＝路徑距離÷80 公尺/分，不含等紅燈,platform_coord,146.45,141.96,研究日查得刊登頁，實際可售狀態待確認,1,台灣房屋:TF02354675,https://www.twhg.com.tw/buy/TF02354675,2026-09-20T13:27:28+08:00,,,,,主建物 47.66 坪，高於門檻 21.7 坪,屋齡 30.75 年：需留意管線、防水與貸款年限,現況是否為隔套收租產品待確認；管理費未揭露
XA-263,先補資料再決定,大安捷運黃金置產美寓,,台北市大安區信義路四段,大安區,中古屋,公寓,,6房(室)1廳4衛,1,4,59.7,無,,4980,4980,無,,,,符合,4980,"無車位，總價：4,980 萬 ≤ 預算 8,000 萬",30.1,,,,,,30.1,待確認,待確認,面積待確認,,,,無法估算：可用的公開資訊只有路段。僅提供「路段代表點（Nominatim）→ OSM 步行路網」的粗估供參考，誤差可達數百公尺；需取得門牌後重算或實走,road_only,165.45,165.45,研究日查得刊登頁，實際可售狀態待確認,1,有巢氏房屋:7116945,https://buy.u-trust.com.tw/house/7116945,2026-09-20T13:34:04+08:00,,,,,（目前沒有明確優勢）,面積待確認,位置待確認：刊登頁沒有可用的物件座標或門牌，步行時間無法可靠估算（路段代表點粗估約 3.5 分，誤差大）；刊登頁的主建物等於總建坪（30.1 坪），沒有附屬建物與共有部分的拆分：平台可能未拆分陽台、樓梯間或公設，主建物實際數字需以謄本確認；附屬建物坪數未揭露；謄本登記用途未揭露（需確認為住家用）；管理費未揭露
XA-264,目前不符合條件,敦南名園｜敦南名園,敦南名園,台北市大安區忠孝東路四段,大安區,中古屋,華廈,住家用,3房(室)2廳2衛,6,8,32.8,有,"8,600元/月",8388,8388,有,,,,超出預算,8388,"刊登開價：8,388 萬 > 預算 8,000 萬",35.94,5.23,41.17,,37.94,,79.11,符合,符合,主建物符合 26 坪,,,,無法估算：可用的公開資訊只有路段。僅提供「路段代表點（Nominatim）→ OSM 步行路網」的粗估供參考，誤差可達數百公尺；需取得門牌後重算或實走,road_only,,,研究日查得刊登頁，實際可售狀態待確認,1,有巢氏房屋:7309735,https://buy.u-trust.com.tw/house/7309735,2026-09-20T13:34:55+08:00,,,,,主建物 35.94 坪，高於門檻 9.9 坪,"超出 8,000 萬預算",位置待確認：刊登頁沒有可用的物件座標或門牌，步行時間無法可靠估算（路段代表點粗估約 15 分，誤差大）；有車位，但刊登總價是否含車位、車位價格、能否分售不明；車位面積未揭露：無法確認權狀坪數中有多少是車位
XA-265,先補資料再決定,忠孝東路市中心精華區｜仁愛學區首選居所,,台北市大安區忠孝東路四段,大安區,中古屋,電梯大樓,住家用,None房(室)None廳None衛,7,12,56.9,有,,5858,5858,無,,,,符合,5858,"無車位，總價：5,858 萬 ≤ 預算 8,000 萬",46.94,,,,,,46.94,符合,符合,主建物符合 26 坪,,,,無法估算：可用的公開資訊只有路段。僅提供「路段代表點（Nominatim）→ OSM 步行路網」的粗估供參考，誤差可達數百公尺；需取得門牌後重算或實走,road_only,124.80,124.80,研究日查得刊登頁，實際可售狀態待確認,1,有巢氏房屋:7364386,https://buy.u-trust.com.tw/house/7364386,2026-09-20T13:34:26+08:00,,,,,主建物 46.94 坪，高於門檻 20.9 坪,位置待確認,位置待確認：刊登頁沒有可用的物件座標或門牌，步行時間無法可靠估算（路段代表點粗估約 15 分，誤差大）；附屬建物坪數未揭露；管理費未揭露
XA-266,先補資料再決定,大安玫瑰傳家五房,,台北市大安區復興南路二段,大安區,中古屋,華廈,商業用,5房(室)2廳3衛,2,8,47.9,有,"1,500元/月",5388,5388,無,,,,符合,5388,"無車位，總價：5,388 萬 ≤ 預算 8,000 萬",48.37,0.97,49.34,,6.56,,55.9,符合,符合,主建物符合 26 坪,,,,無法估算：可用的公開資訊只有路段。僅提供「路段代表點（Nominatim）→ OSM 步行路網」的粗估供參考，誤差可達數百公尺；需取得門牌後重算或實走,road_only,111.39,96.39,研究日查得刊登頁，實際可售狀態待確認,1,有巢氏房屋:7418183,https://buy.u-trust.com.tw/house/7418183,2026-09-20T13:33:57+08:00,,,,,主建物 48.37 坪，高於門檻 22.4 坪,位置待確認,位置待確認：刊登頁沒有可用的物件座標或門牌，步行時間無法可靠估算（路段代表點粗估約 17 分，誤差大）；登記用途含非純住家項目（商業用）：能否作住宅使用、貸款成數與稅率需另行確認；不列入優先看屋
XA-267,先補資料再決定,大富大樓｜敦化南路電梯景觀大戶,大富大樓,台北市大安區敦化南路二段,大安區,中古屋,電梯大樓,住家用,1房(室)2廳2衛,7,12,44.8,有,"4,060元/月",6186,6186,無,,,,符合,6186,"無車位，總價：6,186 萬 ≤ 預算 8,000 萬",37.39,6.26,43.65,,7.36,,51.01,符合,符合,主建物符合 26 坪,,,,無法估算：可用的公開資訊只有路段。僅提供「路段代表點（Nominatim）→ OSM 步行路網」的粗估供參考，誤差可達數百公尺；需取得門牌後重算或實走,road_only,165.45,121.27,研究日查得刊登頁，實際可售狀態待確認,1,有巢氏房屋:7484304,https://buy.u-trust.com.tw/house/7484304,2026-09-20T13:34:18+08:00,,,,,主建物 37.39 坪，高於門檻 11.4 坪,位置待確認,位置待確認：刊登頁沒有可用的物件座標或門牌，步行時間無法可靠估算（路段代表點粗估約 8.5 分，誤差大）
XA-269,先補資料再決定,宏普帛詩華｜帛詩華三房高樓景,宏普帛詩華,台北市信義區基隆路二段,信義區,中古屋,電梯大樓,住家用,3房(室)2廳2衛,14,15,11.7,有,"10,632元/月,月繳",7600,7600,有,是,,,符合,7600,"含車位總價：7,600 萬 ≤ 預算 8,000 萬",32.72,5.38,38.1,,22.06,4.2,60.16,符合,符合,主建物符合 26 坪,,,,無法估算：可用的公開資訊只有路段。僅提供「路段代表點（Nominatim）→ OSM 步行路網」的粗估供參考，誤差可達數百公尺；需取得門牌後重算或實走,road_only,,,研究日查得刊登頁，實際可售狀態待確認,1,永慶房屋:6307937,https://buy.yungching.com.tw/house/6307937,2026-09-20T13:32:57+08:00,,,,,主建物 32.72 坪，高於門檻 6.7 坪,位置待確認,位置待確認：刊登頁沒有可用的物件座標或門牌，步行時間無法可靠估算（路段代表點粗估約 12 分，誤差大）；總價含車位，但車位價格未拆分：無法計算扣車位後單價
XA-270,先補資料再決定,蘭芳｜名人巷靜巷3房,蘭芳,台北市大安區復興南路一段,大安區,中古屋,華廈,住家用,3房(室)2廳2衛,4,7,48.9,有,,4980,4980,無,,,,符合,4980,"無車位，總價：4,980 萬 ≤ 預算 8,000 萬",27.26,4.62,31.88,,4.84,,36.71,符合,符合,主建物符合 26 坪,,,,無法估算：可用的公開資訊只有路段。僅提供「路段代表點（Nominatim）→ OSM 步行路網」的粗估供參考，誤差可達數百公尺；需取得門牌後重算或實走,road_only,182.69,135.66,研究日查得刊登頁，實際可售狀態待確認,1,永慶房屋:6376980,https://buy.yungching.com.tw/house/6376980,2026-09-20T13:31:22+08:00,,,,,公設比低（約 13%）,位置待確認,位置待確認：刊登頁沒有可用的物件座標或門牌，步行時間無法可靠估算（路段代表點粗估約 17 分，誤差大）；管理費未揭露
XA-271,先補資料再決定,雙仁愛國泰邊間四房可抽車位,,台北市大安區仁愛路四段,大安區,中古屋,華廈,住家用,4房(室)2廳2衛,7,7,46,有,,4580,4580,無,,,,符合,4580,"無車位，總價：4,580 萬 ≤ 預算 8,000 萬",34.94,5.03,39.97,,8.3,,48.27,符合,符合,主建物符合 26 坪,,,,無法估算：可用的公開資訊只有路段。僅提供「路段代表點（Nominatim）→ OSM 步行路網」的粗估供參考，誤差可達數百公尺；需取得門牌後重算或實走,road_only,131.08,94.88,研究日查得刊登頁，實際可售狀態待確認,1,永慶房屋:6525547,https://buy.yungching.com.tw/house/6525547,2026-09-20T13:28:34+08:00,,,,,主建物 34.94 坪，高於門檻 8.9 坪,位置待確認,位置待確認：刊登頁沒有可用的物件座標或門牌，步行時間無法可靠估算（路段代表點粗估約 6.5 分，誤差大）；管理費未揭露
XA-272,先補資料再決定,信義世貿林蔭雙拼可住可辦可招牌電梯,,台北市信義區基隆路二段,信義區,中古屋,其他(其他),商業用,4房(室)2廳2衛,3,8,37.8,有,"2,000元/月,月繳",3750,3750,無,,,,符合,3750,"無車位，總價：3,750 萬 ≤ 預算 8,000 萬",25.85,5.38,31.23,,6.38,,37.61,不符合,符合,主＋附符合26坪；主建物未達26坪,,,,無法估算：可用的公開資訊只有路段。僅提供「路段代表點（Nominatim）→ OSM 步行路網」的粗估供參考，誤差可達數百公尺；需取得門牌後重算或實走,road_only,145.07,99.71,研究日查得刊登頁，實際可售狀態待確認,1,永慶房屋:6552829,https://buy.yungching.com.tw/house/6552829,2026-09-20T13:33:03+08:00,,,,,（目前沒有明確優勢）,位置待確認,位置待確認：刊登頁沒有可用的物件座標或門牌，步行時間無法可靠估算（路段代表點粗估約 12 分，誤差大）；登記用途含非純住家項目（商業用）：能否作住宅使用、貸款成數與稅率需另行確認；不列入優先看屋
XA-273,先補資料再決定,阿波羅｜阿波羅邊間店辦,阿波羅,台北市大安區忠孝東路四段,大安區,中古屋,電梯大樓,住家用,4房(室)2廳3衛,3,13,48.6,有,,7400,7400,無,,,,符合,7400,"無車位，總價：7,400 萬 ≤ 預算 8,000 萬",57.03,8.06,65.09,,6.2,,71.29,符合,符合,主建物符合 26 坪,,,,無法估算：可用的公開資訊只有路段。僅提供「路段代表點（Nominatim）→ OSM 步行路網」的粗估供參考，誤差可達數百公尺；需取得門牌後重算或實走,road_only,129.76,103.80,研究日查得刊登頁，實際可售狀態待確認,1,永慶房屋:6553052,https://buy.yungching.com.tw/house/6553052,2026-09-20T13:29:10+08:00,,,,,主建物 57.03 坪，高於門檻 31.0 坪,位置待確認,位置待確認：刊登頁沒有可用的物件座標或門牌，步行時間無法可靠估算（路段代表點粗估約 15 分，誤差大）；管理費未揭露
XA-274,目前不符合條件,華誼閱翠5樓G,,台北市信義區,信義區,預售屋,電梯大樓,其他,--房(室)--廳--衛,5,24,0,有,,6796,6796,無,,,,符合,6796,"無車位，總價：6,796 萬 ≤ 預算 8,000 萬",24.02,1.79,25.81,,14.09,,39.89,不符合,不符合,兩種口徑皆未達 26 坪,,,,,district_only,282.93,170.37,研究日查得刊登頁，實際可售狀態待確認,1,永慶房屋:6632027,https://buy.yungching.com.tw/house/6632027,2026-09-20T13:33:46+08:00,,,,,屋齡 0 年，相對較新,主建物與主＋附皆未達 26 坪,位置待確認：刊登頁沒有可用的物件座標或門牌，步行時間無法可靠估算；平台屋齡 0 年且格局未填；同建案在實價登錄為預售交易 → 列為預售屋。預計交屋時間刊登頁未揭露（建案層級的完工資訊見「市場與社區」頁的預售表）；登記用途含非純住家項目（其他）：能否作住宅使用、貸款成數與稅率需另行確認；不列入優先看屋；管理費未揭露
XA-275,目前不符合條件,華誼信義9樓G,,台北市信義區,信義區,預售屋,電梯大樓,其他,--房(室)--廳--衛,9,24,0,有,,6916,6916,無,,,,符合,6916,"無車位，總價：6,916 萬 ≤ 預算 8,000 萬",24.02,1.79,25.81,,14.09,,39.89,不符合,不符合,兩種口徑皆未達 26 坪,,,,,district_only,287.93,173.38,研究日查得刊登頁，實際可售狀態待確認,1,永慶房屋:6632039,https://buy.yungching.com.tw/house/6632039,2026-09-20T13:34:02+08:00,,,,,屋齡 0 年，相對較新,主建物與主＋附皆未達 26 坪,位置待確認：刊登頁沒有可用的物件座標或門牌，步行時間無法可靠估算；平台屋齡 0 年且格局未填；同建案在實價登錄為預售交易 → 列為預售屋。預計交屋時間刊登頁未揭露（建案層級的完工資訊見「市場與社區」頁的預售表）；登記用途含非純住家項目（其他）：能否作住宅使用、貸款成數與稅率需另行確認；不列入優先看屋；管理費未揭露
XA-276,目前不符合條件,華誼信義4樓G,,台北市信義區,信義區,預售屋,電梯大樓,其他,--房(室)--廳--衛,4,24,0,有,,6779,6779,無,,,,符合,6779,"無車位，總價：6,779 萬 ≤ 預算 8,000 萬",24.02,1.79,25.81,,14.09,,39.89,不符合,不符合,兩種口徑皆未達 26 坪,,,,,district_only,282.22,169.94,研究日查得刊登頁，實際可售狀態待確認,1,永慶房屋:6633296,https://buy.yungching.com.tw/house/6633296,2026-09-20T13:33:55+08:00,,,,,屋齡 0 年，相對較新,主建物與主＋附皆未達 26 坪,位置待確認：刊登頁沒有可用的物件座標或門牌，步行時間無法可靠估算；平台屋齡 0 年且格局未填；同建案在實價登錄為預售交易 → 列為預售屋。預計交屋時間刊登頁未揭露（建案層級的完工資訊見「市場與社區」頁的預售表）；登記用途含非純住家項目（其他）：能否作住宅使用、貸款成數與稅率需另行確認；不列入優先看屋；管理費未揭露
XA-277,目前不符合條件,華誼信義11樓G,,台北市信義區,信義區,預售屋,電梯大樓,住家用,--房(室)--廳--衛,11,24,0,有,,6956,6956,無,,,,符合,6956,"無車位，總價：6,956 萬 ≤ 預算 8,000 萬",24.02,1.79,25.81,,14.08,,39.89,不符合,不符合,兩種口徑皆未達 26 坪,,,,,district_only,289.59,174.38,研究日查得刊登頁，實際可售狀態待確認,1,永慶房屋:6633673,https://buy.yungching.com.tw/house/6633673,2026-09-20T13:33:51+08:00,,,,,屋齡 0 年，相對較新,主建物與主＋附皆未達 26 坪,位置待確認：刊登頁沒有可用的物件座標或門牌，步行時間無法可靠估算；平台屋齡 0 年且格局未填；同建案在實價登錄為預售交易 → 列為預售屋。預計交屋時間刊登頁未揭露（建案層級的完工資訊見「市場與社區」頁的預售表）；管理費未揭露
XA-278,目前不符合條件,華誼閱翠8樓G,,台北市信義區,信義區,預售屋,電梯大樓,其他,--房(室)--廳--衛,8,24,0,有,,6896,6896,無,,,,符合,6896,"無車位，總價：6,896 萬 ≤ 預算 8,000 萬",24.02,1.79,25.81,,14.09,,39.89,不符合,不符合,兩種口徑皆未達 26 坪,,,,,district_only,287.09,172.88,研究日查得刊登頁，實際可售狀態待確認,1,永慶房屋:6633817,https://buy.yungching.com.tw/house/6633817,2026-09-20T13:33:43+08:00,,,,,屋齡 0 年，相對較新,主建物與主＋附皆未達 26 坪,位置待確認：刊登頁沒有可用的物件座標或門牌，步行時間無法可靠估算；平台屋齡 0 年且格局未填；同建案在實價登錄為預售交易 → 列為預售屋。預計交屋時間刊登頁未揭露（建案層級的完工資訊見「市場與社區」頁的預售表）；登記用途含非純住家項目（其他）：能否作住宅使用、貸款成數與稅率需另行確認；不列入優先看屋；管理費未揭露
XA-279,目前不符合條件,華誼閱翠7樓G,,台北市信義區,信義區,預售屋,電梯大樓,其他,--房(室)--廳--衛,7,24,0,有,,6878,6878,無,,,,符合,6878,"無車位，總價：6,878 萬 ≤ 預算 8,000 萬",24.02,1.79,25.81,,14.09,,39.89,不符合,不符合,兩種口徑皆未達 26 坪,,,,,district_only,286.34,172.42,研究日查得刊登頁，實際可售狀態待確認,1,永慶房屋:6634039,https://buy.yungching.com.tw/house/6634039,2026-09-20T13:33:41+08:00,,,,,屋齡 0 年，相對較新,主建物與主＋附皆未達 26 坪,位置待確認：刊登頁沒有可用的物件座標或門牌，步行時間無法可靠估算；平台屋齡 0 年且格局未填；同建案在實價登錄為預售交易 → 列為預售屋。預計交屋時間刊登頁未揭露（建案層級的完工資訊見「市場與社區」頁的預售表）；登記用途含非純住家項目（其他）：能否作住宅使用、貸款成數與稅率需另行確認；不列入優先看屋；管理費未揭露
XA-280,目前不符合條件,華誼閱翠3樓G,,台北市信義區,信義區,預售屋,電梯大樓,其他,--房(室)--廳--衛,3,24,0,有,,6759,6759,無,,,,符合,6759,"無車位，總價：6,759 萬 ≤ 預算 8,000 萬",24.02,1.79,25.81,,14.08,,39.89,不符合,不符合,兩種口徑皆未達 26 坪,,,,,district_only,281.39,169.44,研究日查得刊登頁，實際可售狀態待確認,1,永慶房屋:6634686,https://buy.yungching.com.tw/house/6634686,2026-09-20T13:33:57+08:00,,,,,屋齡 0 年，相對較新,主建物與主＋附皆未達 26 坪,位置待確認：刊登頁沒有可用的物件座標或門牌，步行時間無法可靠估算；平台屋齡 0 年且格局未填；同建案在實價登錄為預售交易 → 列為預售屋。預計交屋時間刊登頁未揭露（建案層級的完工資訊見「市場與社區」頁的預售表）；登記用途含非純住家項目（其他）：能否作住宅使用、貸款成數與稅率需另行確認；不列入優先看屋；管理費未揭露
XA-281,先補資料再決定,皇冠大樓｜敦化南路二段稀有正面林蔭兩房,皇冠大樓,台北市大安區敦化南路二段,大安區,中古屋,電梯大樓,住家用,2房(室)2廳1衛,5,12,48.8,有,"2,315元/月,月繳",4988,4988,無,,,,符合,4988,"無車位，總價：4,988 萬 ≤ 預算 8,000 萬",30.07,3.53,33.6,,4.49,,38.1,符合,符合,主建物符合 26 坪,,,,無法估算：可用的公開資訊只有路段。僅提供「路段代表點（Nominatim）→ OSM 步行路網」的粗估供參考，誤差可達數百公尺；需取得門牌後重算或實走,road_only,165.88,130.92,研究日查得刊登頁，實際可售狀態待確認,1,永慶房屋:6993445,https://buy.yungching.com.tw/house/6993445,2026-09-20T13:31:50+08:00,,,,,公設比低（約 12%）,位置待確認,位置待確認：刊登頁沒有可用的物件座標或門牌，步行時間無法可靠估算（路段代表點粗估約 8.5 分，誤差大）
XA-282,先補資料再決定,太平洋華園｜東區國館生活圈近捷運站,太平洋華園,台北市大安區忠孝東路四段,大安區,中古屋,華廈,住家用,6房(室)1廳2衛,2,7,48.3,有,,3828,3828,無,,,,符合,3828,"無車位，總價：3,828 萬 ≤ 預算 8,000 萬",30.04,5.25,35.29,,4.99,,40.27,符合,符合,主建物符合 26 坪,,,,無法估算：可用的公開資訊只有路段。僅提供「路段代表點（Nominatim）→ OSM 步行路網」的粗估供參考，誤差可達數百公尺；需取得門牌後重算或實走,road_only,127.43,95.06,研究日查得刊登頁，實際可售狀態待確認,1,永慶房屋:6997406,https://buy.yungching.com.tw/house/6997406,2026-09-20T13:29:50+08:00,,,,,公設比低（約 12%）,位置待確認,位置待確認：刊登頁沒有可用的物件座標或門牌，步行時間無法可靠估算（路段代表點粗估約 15 分，誤差大）；管理費未揭露
XA-283,先補資料再決定,安和名邸｜安和捷運邊間美鼎,安和名邸,台北市大安區通化街,大安區,中古屋,華廈,住家用,5房(室)3廳3衛,7,7,41.8,有,,4388,4388,無,,,,符合,4388,"無車位，總價：4,388 萬 ≤ 預算 8,000 萬",34.92,4.85,39.77,,6.25,,46.02,符合,符合,主建物符合 26 坪,,,,無法估算：可用的公開資訊只有路段。僅提供「路段代表點（Nominatim）→ OSM 步行路網」的粗估供參考，誤差可達數百公尺；需取得門牌後重算或實走,road_only,125.66,95.35,研究日查得刊登頁，實際可售狀態待確認,1,永慶房屋:7111971,https://buy.yungching.com.tw/house/7111971,2026-09-20T13:29:22+08:00,,,,,主建物 34.92 坪，高於門檻 8.9 坪,位置待確認,位置待確認：刊登頁沒有可用的物件座標或門牌，步行時間無法可靠估算（路段代表點粗估約 7.5 分，誤差大）；管理費未揭露
XA-284,先補資料再決定,大安捷運站I超大面寬I三角窗店辦I獨立進出口,,台北市大安區大安路一段,大安區,中古屋,華廈,住家用,4房(室)2廳2衛,2,7,41.8,有,400元/月,6999,6999,有,是,,,符合,6999,"含車位總價：6,999 萬 ≤ 預算 8,000 萬",33.45,5.08,38.53,,,,38.53,符合,符合,主建物符合 26 坪,,,,無法估算：可用的公開資訊只有路段。僅提供「路段代表點（Nominatim）→ OSM 步行路網」的粗估供參考，誤差可達數百公尺；需取得門牌後重算或實走,road_only,,,研究日查得刊登頁，實際可售狀態待確認,1,永慶房屋:7196337,https://buy.yungching.com.tw/house/7196337,2026-09-20T13:29:06+08:00,,,,,主建物 33.45 坪，高於門檻 7.5 坪,位置待確認,位置待確認：刊登頁沒有可用的物件座標或門牌，步行時間無法可靠估算（路段代表點粗估約 19 分，誤差大）；總價含車位，但車位價格未拆分：無法計算扣車位後單價；車位面積未揭露：無法確認權狀坪數中有多少是車位
XA-286,先補資料再決定,吉星｜正敦南林蔭大道吉星豪邸雙仁愛學區,吉星,台北市大安區敦化南路一段,大安區,中古屋,電梯大樓,住家用,3房(室)2廳2衛,9,13,47.5,有,"3,250元/月,月繳",6900,6900,無,,,,符合,6900,"無車位，總價：6,900 萬 ≤ 預算 8,000 萬",38.38,4.6,42.98,,8.06,,51.04,符合,符合,主建物符合 26 坪,,,,無法估算：可用的公開資訊只有路段。僅提供「路段代表點（Nominatim）→ OSM 步行路網」的粗估供參考，誤差可達數百公尺；需取得門牌後重算或實走,road_only,179.78,135.19,研究日查得刊登頁，實際可售狀態待確認,1,永慶房屋:7274218,https://buy.yungching.com.tw/house/7274218,2026-09-20T13:28:44+08:00,,,,,主建物 38.38 坪，高於門檻 12.4 坪,位置待確認,位置待確認：刊登頁沒有可用的物件座標或門牌，步行時間無法可靠估算（路段代表點粗估約 14.5 分，誤差大）
XA-287,先補資料再決定,通化新城｜信義安和三房坡車中庭花園高樓邊間通風明亮住宅環境,通化新城,台北市大安區樂利路,大安區,中古屋,華廈,住家用,3房(室)2廳2衛,8,8,26.8,有,"3,000元/月,月繳",4880,4880,有,是,,,符合,4880,"含車位總價：4,880 萬 ≤ 預算 8,000 萬",30.54,2.79,33.33,,22.4,,55.73,符合,符合,主建物符合 26 坪,,,,無法估算：可用的公開資訊只有路段。僅提供「路段代表點（Nominatim）→ OSM 步行路網」的粗估供參考，誤差可達數百公尺；需取得門牌後重算或實走,road_only,,,研究日查得刊登頁，實際可售狀態待確認,1,永慶房屋:7299787,https://buy.yungching.com.tw/house/7299787,2026-09-20T13:31:14+08:00,,,,,總價 4880 萬，保留較多預算空間,位置待確認,位置待確認：刊登頁沒有可用的物件座標或門牌，步行時間無法可靠估算（路段代表點粗估約 9.5 分，誤差大）；總價含車位，但車位價格未拆分：無法計算扣車位後單價；車位面積未揭露：無法確認權狀坪數中有多少是車位
XA-288,先補資料再決定,皇家名宮｜世貿大露臺四房,皇家名宮,台北市信義區基隆路二段,信義區,中古屋,電梯大樓,住家用,4房(室)2廳2衛,8,15,41,有,,5588,5588,有,是,,,符合,5588,"含車位總價：5,588 萬 ≤ 預算 8,000 萬",34.52,39.6,74.12,,17.03,,91.16,符合,符合,主建物符合 26 坪,,,,無法估算：可用的公開資訊只有路段。僅提供「路段代表點（Nominatim）→ OSM 步行路網」的粗估供參考，誤差可達數百公尺；需取得門牌後重算或實走,road_only,,,研究日查得刊登頁，實際可售狀態待確認,1,永慶房屋:7308037,https://buy.yungching.com.tw/house/7308037,2026-09-20T13:32:55+08:00,,,,,主建物 34.52 坪，高於門檻 8.5 坪,位置待確認,位置待確認：刊登頁沒有可用的物件座標或門牌，步行時間無法可靠估算（路段代表點粗估約 12 分，誤差大）；總價含車位，但車位價格未拆分：無法計算扣車位後單價；車位面積未揭露：無法確認權狀坪數中有多少是車位；管理費未揭露
XA-289,目前不符合條件,敦化雙星｜面敦化南路第一排.敦化雙星面中庭管理景觀戶,敦化雙星,台北市大安區敦化南路一段,大安區,中古屋,電梯大樓,住家用,3房(室)2廳2衛,9,14,44.8,有,"11,500元/月,月繳",8800,8800,無,,,,超出預算,8800,"無車位，總價：8,800 萬 > 預算 8,000 萬",46.71,2.6,49.31,,7.56,,56.87,符合,符合,主建物符合 26 坪,,,,無法估算：可用的公開資訊只有路段。僅提供「路段代表點（Nominatim）→ OSM 步行路網」的粗估供參考，誤差可達數百公尺；需取得門牌後重算或實走,road_only,188.40,154.74,研究日查得刊登頁，實際可售狀態待確認,1,永慶房屋:7332515,https://buy.yungching.com.tw/house/7332515,2026-09-20T13:29:32+08:00,,,,,主建物 46.71 坪，高於門檻 20.7 坪,"超出 8,000 萬預算",位置待確認：刊登頁沒有可用的物件座標或門牌，步行時間無法可靠估算（路段代表點粗估約 14.5 分，誤差大）
XA-290,先補資料再決定,三普名人巷｜忠孝敦化捷運站三普建設管理名邸,三普名人巷,台北市大安區仁愛路四段,大安區,中古屋,電梯大樓,住家用,4房(室)2廳2衛,3,13,36.6,有,,6580,6580,無,,,,符合,6580,"無車位，總價：6,580 萬 ≤ 預算 8,000 萬",35.15,4.52,39.67,,8.52,,48.2,符合,符合,主建物符合 26 坪,,,,無法估算：可用的公開資訊只有路段。僅提供「路段代表點（Nominatim）→ OSM 步行路網」的粗估供參考，誤差可達數百公尺；需取得門牌後重算或實走,road_only,187.20,136.51,研究日查得刊登頁，實際可售狀態待確認,1,永慶房屋:7345888,https://buy.yungching.com.tw/house/7345888,2026-09-20T13:31:18+08:00,,,,,主建物 35.15 坪，高於門檻 9.1 坪,位置待確認,位置待確認：刊登頁沒有可用的物件座標或門牌，步行時間無法可靠估算（路段代表點粗估約 6.5 分，誤差大）；管理費未揭露
XA-291,先補資料再決定,安和名園｜遠企採光佳邊間管理電梯四房,安和名園,台北市大安區安和路二段,大安區,中古屋,華廈,住家用,4房(室)2廳2衛,4,7,46,有,"2,455元/月,月繳",4680,4680,無,,,,符合,4680,"無車位，總價：4,680 萬 ≤ 預算 8,000 萬",31.81,7.68,39.49,,5.35,,44.84,符合,符合,主建物符合 26 坪,,,,無法估算：可用的公開資訊只有路段。僅提供「路段代表點（Nominatim）→ OSM 步行路網」的粗估供參考，誤差可達數百公尺；需取得門牌後重算或實走,road_only,147.12,104.37,研究日查得刊登頁，實際可售狀態待確認,1,永慶房屋:7411837,https://buy.yungching.com.tw/house/7411837,2026-09-20T13:29:14+08:00,,,,,公設比低（約 12%）,位置待確認,位置待確認：刊登頁沒有可用的物件座標或門牌，步行時間無法可靠估算（路段代表點粗估約 3.5 分，誤差大）
XA-292,先補資料再決定,國揚林園｜大安路一段｜國揚林園｜低公設有管理垃圾代收近公園,國揚林園,台北市大安區大安路一段,大安區,中古屋,華廈,住家用,4房(室)2廳2衛,4,7,49.7,有,,5668,5668,無,,,,符合,5668,"無車位，總價：5,668 萬 ≤ 預算 8,000 萬",42.01,6.08,48.09,,4.84,,52.93,符合,符合,主建物符合 26 坪,,,,無法估算：可用的公開資訊只有路段。僅提供「路段代表點（Nominatim）→ OSM 步行路網」的粗估供參考，誤差可達數百公尺；需取得門牌後重算或實走,road_only,134.92,107.08,研究日查得刊登頁，實際可售狀態待確認,1,永慶房屋:7427533,https://buy.yungching.com.tw/house/7427533,2026-09-20T13:29:46+08:00,,,,,主建物 42.01 坪，高於門檻 16.0 坪,位置待確認,位置待確認：刊登頁沒有可用的物件座標或門牌，步行時間無法可靠估算（路段代表點粗估約 19 分，誤差大）；管理費未揭露
XA-293,先補資料再決定,專任忠孝敦化朝南獨戶電梯靜巷美宅仁愛學區,,台北市大安區安和路,大安區,中古屋,華廈,住家用,5房(室)2廳1衛,2,6,47.1,有,"470元/月,年繳",5371,5371,無,,,,符合,5371,"無車位，總價：5,371 萬 ≤ 預算 8,000 萬",46.96,6.75,53.71,,,,53.71,符合,符合,主建物符合 26 坪,,,,無法估算：可用的公開資訊只有路段。僅提供「路段代表點（Nominatim）→ OSM 步行路網」的粗估供參考，誤差可達數百公尺；需取得門牌後重算或實走,road_only,114.37,100.00,研究日查得刊登頁，實際可售狀態待確認,1,永慶房屋:7452607,https://buy.yungching.com.tw/house/7452607,2026-09-20T13:30:46+08:00,,,,,主建物 46.96 坪，高於門檻 21.0 坪,位置待確認,位置待確認：刊登頁沒有可用的物件座標或門牌，步行時間無法可靠估算（路段代表點粗估約 15.5 分，誤差大）
XA-294,先補資料再決定,拿破侖大廈｜大安雙捷|次頂101景觀美妝,拿破侖大廈,台北市大安區復興南路二段,大安區,中古屋,電梯大樓,住家用,1房(室)2廳2衛,11,12,48.7,有,,3888,3888,無,,,,符合,3888,"無車位，總價：3,888 萬 ≤ 預算 8,000 萬",25.37,5.02,30.39,,4.44,,34.83,不符合,符合,主＋附符合26坪；主建物未達26坪,,,,無法估算：可用的公開資訊只有路段。僅提供「路段代表點（Nominatim）→ OSM 步行路網」的粗估供參考，誤差可達數百公尺；需取得門牌後重算或實走,road_only,153.25,111.63,研究日查得刊登頁，實際可售狀態待確認,1,永慶房屋:7480227,https://buy.yungching.com.tw/house/7480227,2026-09-20T13:31:30+08:00,,,,,公設比低（約 13%）,位置待確認,位置待確認：刊登頁沒有可用的物件座標或門牌，步行時間無法可靠估算（路段代表點粗估約 17 分，誤差大）；管理費未揭露
XA-295,先補資料再決定,前鋒｜信義安和站正信義路門牌全天管理,前鋒,台北市大安區信義路四段,大安區,中古屋,電梯大樓,住家用,5房(室)--廳4衛,5,14,49.4,有,,4568,4568,無,,,,符合,4568,"無車位，總價：4,568 萬 ≤ 預算 8,000 萬",29.48,4.88,34.36,,,,34.35,符合,符合,主建物符合 26 坪,,,,無法估算：可用的公開資訊只有路段。僅提供「路段代表點（Nominatim）→ OSM 步行路網」的粗估供參考，誤差可達數百公尺；需取得門牌後重算或實走,road_only,154.95,132.98,研究日查得刊登頁，實際可售狀態待確認,1,永慶房屋:7497192,https://buy.yungching.com.tw/house/7497192,2026-09-20T13:28:08+08:00,,,,,總價 4568 萬，保留較多預算空間,位置待確認,位置待確認：刊登頁沒有可用的物件座標或門牌，步行時間無法可靠估算（路段代表點粗估約 3.5 分，誤差大）；管理費未揭露
XA-296,先補資料再決定,通化新城｜新案通化新城美邸,通化新城,台北市大安區樂利路,大安區,中古屋,華廈,住家用,3房(室)2廳2衛,7,7,26.8,有,,4600,4600,有,是,,,符合,4600,"含車位總價：4,600 萬 ≤ 預算 8,000 萬",30.96,2.64,33.6,,22.67,,56.27,符合,符合,主建物符合 26 坪,,,,無法估算：可用的公開資訊只有路段。僅提供「路段代表點（Nominatim）→ OSM 步行路網」的粗估供參考，誤差可達數百公尺；需取得門牌後重算或實走,road_only,,,研究日查得刊登頁，實際可售狀態待確認,1,永慶房屋:7517985,https://buy.yungching.com.tw/house/7517985,2026-09-20T13:31:24+08:00,,,,,總價 4600 萬，保留較多預算空間,位置待確認,位置待確認：刊登頁沒有可用的物件座標或門牌，步行時間無法可靠估算（路段代表點粗估約 9.5 分，誤差大）；總價含車位，但車位價格未拆分：無法計算扣車位後單價；車位面積未揭露：無法確認權狀坪數中有多少是車位；管理費未揭露
XA-297,先補資料再決定,W110 璞石麗緻｜信義世貿三房車位,W110 璞石麗緻,台北市信義區光復南路,信義區,中古屋,電梯大樓,住家用,3房(室)2廳2衛,6,18,18.1,有,"5,147元/月,月繳",5588,5588,有,是,310,,符合,5588,"含車位總價：5,588 萬 ≤ 預算 8,000 萬",23.97,3.94,27.91,,14.98,7.21,50.1,不符合,符合,主＋附符合26坪；主建物未達26坪,,,,無法估算：可用的公開資訊只有路段。僅提供「路段代表點（Nominatim）→ OSM 步行路網」的粗估供參考，誤差可達數百公尺；需取得門牌後重算或實走,road_only,220.19,123.06,研究日查得刊登頁，實際可售狀態待確認,1,永慶房屋:7525541,https://buy.yungching.com.tw/house/7525541,2026-09-20T13:33:20+08:00,,,,,屋齡 18.1 年，相對較新,位置待確認,位置待確認：刊登頁沒有可用的物件座標或門牌，步行時間無法可靠估算（路段代表點粗估約 12 分，誤差大）
